// mob_db2.txt -- merged into mob_db.txt (2026-06-16). Intentionally has no
// entries; the loader/inter conf still reference it, an empty load is a no-op.
// === [backport] Renewal mobs (ID<=10000) - rAthena 7f08087 (2026-06-18), db/re/mob_db.yml. EXP/JEXP scaled (/120,/72), mode reconstructed, no skills. NOT spawned. See Doc/backport_renewal_mobs.md ===
1136,KOBOLD_4,Kobold,Kobold,31,10,0,38188,63646,1,316,62,1,1,1,31,31,20,55,20,10,12,1,7,45,0x30AD,200,1528,528,360,0,0,0,0,0,0,0,0,999,25,1034,2668,912,50,1355,3,2104,2,508,50,1301,75,0,0,0,0,0,0
1137,KOBOLD_5,Kobold,Kobold,31,10,0,38188,63646,1,223,33,1,1,1,31,31,20,88,20,10,12,1,7,43,0x30AD,300,1228,528,360,0,0,0,0,0,0,0,0,999,20,1034,2668,912,50,1514,3,2104,2,508,50,1501,75,0,0,0,0,0,0
2000,M_GAMEMASTER,Male Game Master,Male Game Master,50,7000,250,0,0,1,25,25,10,10,44,121,1,60,75,110,10,12,1,7,20,0x20,200,300,384,288,0,0,0,0,0,0,0,0,0,0,0,0,0,0,0,0,0,0,0,0,0,0,0,0,0,0,0,0
2001,F_GAMEMASTER,Female Game Master,Female Game Master,50,7000,250,0,0,1,25,25,10,10,44,121,1,60,75,110,10,12,1,7,20,0x20,200,300,384,288,0,0,0,0,0,0,0,0,0,0,0,0,0,0,0,0,0,0,0,0,0,0,0,0,0,0,0,0
2002,T_SPRING_RABBIT,Talisman Ghost,Talisman Ghost,50,8000,0,15,11,1,585,228,47,21,45,61,5,15,77,90,10,12,1,2,42,0x83,160,1120,552,511,0,0,0,0,0,0,0,0,6061,250,6068,750,0,0,0,0,0,0,0,0,0,0,0,0,0,0,0,0
2003,T_BACSOJIN,Talisman Ghost,Talisman Ghost,97,720500,0,0,0,2,1414,2036,210,178,118,244,98,126,246,102,10,12,2,7,41,0x3695,160,576,960,480,0,0,0,0,0,0,0,0,7406,500,7407,500,6062,500,6063,500,6064,500,6065,500,6066,500,0,0,0,0,0,0
2004,T_WICKED_NYMPH,Talisman Ghost,Talisman Ghost,63,16029,0,0,0,2,399,691,20,75,1,64,12,69,100,80,10,12,1,6,67,0x3795,200,637,1008,360,0,0,0,0,0,0,0,0,7406,400,7407,400,6063,400,6064,400,6065,400,6066,400,6067,400,0,0,0,0,0,0
2005,T_PLASMA_B,Plasma,Plasma,44,8200,0,0,0,3,300,400,0,30,1,30,5,73,90,30,10,12,0,0,81,0x3885,150,608,1440,576,0,0,0,0,0,0,0,0,7406,250,7407,250,6062,250,6063,250,6064,250,0,0,0,0,0,0,0,0,0,0
2006,T_PLASMA_P,Plasma,Plasma,49,5900,0,0,0,3,300,400,0,30,1,30,5,54,90,30,10,12,0,0,87,0x3885,150,608,1440,576,0,0,0,0,0,0,0,0,6062,250,6063,250,6064,250,6065,250,6066,250,0,0,0,0,0,0,0,0,0,0
2007,T_PLASMA_R,Plasma,Plasma,43,5700,0,0,0,3,300,400,0,30,1,30,5,56,90,30,10,12,0,0,83,0x3885,150,608,1440,576,0,0,0,0,0,0,0,0,7406,250,7407,250,6064,250,6065,250,6066,250,6067,250,0,0,0,0,0,0,0,0
2011,E_GHOUL,Tenacious Ghoul,Tenacious Ghoul,40,99999,0,4,4,1,420,80,100,20,1,20,29,0,45,20,10,12,1,1,49,0x3885,250,2456,912,504,0,0,0,0,0,0,0,0,958,3000,756,55,509,350,511,400,12192,50,0,0,0,0,0,0,0,0,4110,1
2012,E_ZOMBIE,Tenacious Zombie,Tenacious Zombie,15,99999,0,1,1,1,67,12,100,10,1,8,7,0,15,0,10,12,1,1,29,0x3885,400,2612,912,288,0,0,0,0,0,0,0,0,957,4500,724,3,938,500,958,25,12192,50,0,0,0,0,0,0,0,0,4038,1
2025,MYSTCASE_EVENT,Wild Gift Box,Wild Gift Box,10,18,0,1,1,1,10,10,1,99,1,1,1,1,48,1,10,12,1,0,20,0x81,400,1248,1248,432,0,0,0,0,0,0,0,0,558,1000,529,1000,561,500,530,1000,0,0,0,0,0,0,0,0,0,0,0,0
2030,HIDEN_PRIEST,Hiden Priest,Hiden Priest,90,240500,0,0,0,2,1430,683,0,30,1,32,40,100,98,40,10,12,2,6,89,0x318D,150,432,432,360,0,0,0,0,0,0,0,0,12379,2500,0,0,0,0,0,0,0,0,0,0,0,0,0,0,0,0,0,0
2031,DANDELION_H,Dandelion,Dandelion,80,120000,0,0,0,1,336,305,0,10,1,19,32,0,76,20,10,12,1,7,47,0x308D,250,1772,72,384,0,0,0,0,0,0,0,0,12379,2500,0,0,0,0,0,0,0,0,0,0,0,0,0,0,0,0,0,0
2032,GUARDIAN_FOREST,Forest Guardian,Forest Guardian,50,99999,0,0,0,1,3000,3000,160,99,100,100,100,100,100,100,10,12,0,6,27,0x318D,200,868,480,120,0,0,0,0,0,0,0,0,0,0,0,0,0,0,0,0,0,0,0,0,0,0,0,0,0,0,0,0
2033,GOLDEN_TULIP,Golden Tulip,Golden Tulip,1,100,0,0,0,1,1,1,160,99,0,0,0,0,0,0,7,12,0,3,22,0x0,1000,1,1,1,0,0,0,0,0,0,0,0,7951,10000,0,0,0,0,0,0,0,0,0,0,0,0,0,0,0,0,0,0
2034,M_DESERT_WOLF_B,Baby Desert Wolf,Baby Desert Wolf,9,164,15,0,0,1,500,100,0,0,1,9,9,5,40,40,10,12,0,2,23,0x81,100,1600,900,240,0,0,0,0,0,0,0,0,0,0,0,0,0,0,0,0,0,0,0,0,0,0,0,0,0,0,0,0
2035,NIHILITY_ZEM,Nihility Zem,Nihility Zem,90,200500,0,0,0,1,1,1,0,20,1,1,1,0,1,20,10,12,0,4,22,0x100,1000,1001,1,1,0,0,0,0,0,0,0,0,0,0,0,0,0,0,0,0,0,0,0,0,0,0,0,0,0,0,0,0
2036,VALKYRIE_N,Valkyrie Randgris,Valkyrie Randgris,98,11780,0,0,0,1,1014,150,16,20,1,24,39,0,86,25,10,12,1,1,69,0x308D,170,576,576,480,0,0,0,0,0,0,0,0,6154,4500,6154,2500,6154,2500,0,0,0,0,0,0,0,0,0,0,0,0,0,0
2037,VALKYRIE_A,Valkyrie Randgris,Valkyrie Randgris,90,5500,15,0,0,1,11,150,16,20,1,20,40,0,24,20,10,12,1,8,66,0x81,100,576,576,480,0,0,0,0,0,0,0,0,0,0,0,0,0,0,0,0,0,0,0,0,0,0,0,0,0,0,0,0
2038,VALKYRIE_B,Valkyrie Randgris,Valkyrie Randgris,90,10500,15,0,0,1,330,150,16,40,1,20,80,0,96,20,10,12,1,8,66,0x81,100,576,576,480,0,0,0,0,0,0,0,0,0,0,0,0,0,0,0,0,0,0,0,0,0,0,0,0,0,0,0,0
2039,EXECUTIONER_R,Executioner,Executioner,65,28980,0,0,0,2,599,380,56,35,64,85,40,25,97,60,10,12,2,0,47,0x30AD,200,768,500,384,0,0,0,0,0,0,0,0,0,0,0,0,0,0,0,0,0,0,0,0,0,0,0,0,0,0,0,0
2040,TIRFING_R,Ogretooth,Ogretooth,71,29900,0,0,0,1,1045,196,48,35,58,87,55,35,158,65,10,12,1,0,67,0x30AD,100,816,500,240,0,0,0,0,0,0,0,0,0,0,0,0,0,0,0,0,0,0,0,0,0,0,0,0,0,0,0,0
2041,MYSTELTAINN_R,Mysteltainn,Mysteltainn,76,33350,0,0,0,2,1276,280,48,30,77,139,80,35,191,65,10,12,2,0,87,0x30AD,250,1152,500,240,0,0,0,0,0,0,0,0,502,2000,0,0,0,0,0,0,0,0,0,0,0,0,0,0,0,0,0,0
2042,SILVERSNIPER,Silver Sniper,Silver Sniper,100,4500,0,0,0,9,390,390,80,10,10,60,10,10,120,10,10,12,1,0,20,0x84,1000,504,1020,360,0,0,0,0,0,0,0,0,999,500,0,0,0,0,0,0,0,0,0,0,0,0,0,0,0,0,0,0
2043,MAGICDECOY_FIRE,Magic Decoy,Magic Decoy,100,2500,0,0,0,7,195,195,16,60,10,10,10,100,60,10,10,12,1,0,23,0x0,1000,504,1020,360,0,0,0,0,0,0,0,0,999,500,0,0,0,0,0,0,0,0,0,0,0,0,0,0,0,0,0,0
2044,MAGICDECOY_WATER,Magic Decoy,Magic Decoy,100,2500,0,0,0,7,195,195,16,60,10,10,10,100,60,10,10,12,1,0,21,0x0,1000,504,1020,360,0,0,0,0,0,0,0,0,999,500,0,0,0,0,0,0,0,0,0,0,0,0,0,0,0,0,0,0
2045,MAGICDECOY_EARTH,Magic Decoy,Magic Decoy,100,2500,0,0,0,7,195,195,16,60,10,10,10,100,60,10,10,12,1,0,22,0x0,1000,504,1020,360,0,0,0,0,0,0,0,0,999,500,0,0,0,0,0,0,0,0,0,0,0,0,0,0,0,0,0,0
2046,MAGICDECOY_WIND,Magic Decoy,Magic Decoy,100,2500,0,0,0,7,195,195,16,60,10,10,10,100,60,10,10,12,1,0,24,0x0,1000,504,1020,360,0,0,0,0,0,0,0,0,999,500,0,0,0,0,0,0,0,0,0,0,0,0,0,0,0,0,0,0
2047,W_NAGA,Naga,Naga,99,46708,0,0,0,3,640,113,61,15,113,42,30,18,146,13,10,12,2,2,42,0x3885,150,400,864,432,0,0,0,0,0,0,0,0,926,2500,0,0,0,0,0,0,0,0,0,0,0,0,0,0,0,0,0,0
2048,W_PINGUICULA_D,Dark Pinguicula,Dark Pinguicula,99,8780,0,0,0,1,697,120,24,5,1,23,22,1,107,2,10,12,1,3,45,0x3885,290,1426,600,360,0,0,0,0,0,0,0,0,6086,500,0,0,0,0,0,0,0,0,0,0,0,0,0,0,0,0,0,0
2049,W_BRADIUM_GOLEM,Bradium Golem,Bradium Golem,99,45200,0,0,0,1,936,166,125,18,0,10,82,2,72,12,10,12,2,0,42,0x3885,300,1008,1200,540,0,0,0,0,0,0,0,0,6090,250,0,0,0,0,0,0,0,0,0,0,0,0,0,0,0,0,0,0
2050,W_AQUA_ELEMENTAL,Aqua Elemental,Aqua Elemental,99,33220,0,0,0,1,547,95,13,12,1,23,19,8,92,2,10,12,2,0,81,0x2085,230,504,960,576,0,0,0,0,0,0,0,0,12353,50,0,0,0,0,0,0,0,0,0,0,0,0,0,0,0,0,0,0
2052,E_DARKLORD,Dark Lord,Dark Lord,96,100000000,0,3571,3875,2,3935,2585,330,168,118,136,154,142,193,66,10,12,2,6,89,0xA1,100,868,768,480,1786,10000,617,5000,617,5000,617,5000,12535,5000,12531,10000,12550,10000,0,0,0,0,0,0,0,0,0,0,0,0,4168,1
2058,M_MIMIC,Mimic,Mimic,51,6120,182,0,0,1,800,150,10,40,44,121,1,60,75,110,10,12,1,0,60,0x3095,100,972,500,288,0,0,0,0,0,0,0,0,0,0,0,0,0,0,0,0,0,0,0,0,0,0,0,0,0,0,0,0
2059,M_DISGUISE,Disguise,Disguise,55,7543,180,0,0,2,526,167,18,29,0,72,45,35,48,65,10,12,1,6,82,0x3985,147,516,768,384,0,0,0,0,0,0,0,0,0,0,0,0,0,0,0,0,0,0,0,0,0,0,0,0,0,0,0,0
2060,M_ALICE,Alice,Alice,62,10000,221,0,0,1,700,150,5,5,64,64,42,85,100,130,10,12,1,7,60,0x91,200,502,1999,480,0,0,0,0,0,0,0,0,0,0,0,0,0,0,0,0,0,0,0,0,0,0,0,0,0,0,0,0
2066,E_ANOPHELES,Anopheles,Anopheles,5,50,0,1,1,1,140,18,8,10,1,30,1,1,30,1,10,12,0,4,64,0x181,170,1084,2304,576,0,0,5586,10000,0,0,0,0,0,0,0,0,0,0,0,0,0,0,0,0,0,0,0,0,0,0,4344,1
2067,E_ANOPHELES_,Anopheles,Anopheles,3,500,0,1,1,1,40,18,8,100,1,100,1,1,100,1,10,12,0,4,64,0x181,170,1084,2304,576,0,0,0,0,0,0,0,0,702,5,0,0,0,0,0,0,0,0,0,0,0,0,0,0,0,0,4344,1
2075,E_VADON_X,Ragunta,Ragunta,1,300,0,0,0,5,4620,2600,42,32,200,1,30,35,222,32,10,12,2,0,20,0x20,150,1632,432,540,0,0,7510,10000,7510,10000,7510,10000,991,20,960,4500,910,1500,2313,3,943,50,757,20,960,1,0,0,0,0,0,0
2076,S_WIND_GHOST,Shadow of Deception,Shadow of Deception,105,190800,0,0,0,1,601,495,64,51,62,44,25,105,102,20,10,12,1,6,64,0x3195,150,1056,1056,336,0,0,0,0,0,0,0,0,0,0,0,0,0,0,0,0,0,0,0,0,0,0,0,0,0,0,0,0
2077,S_SKOGUL,Shadow of Illusion,Shadow of Illusion,105,244400,0,0,0,1,1183,256,72,15,100,88,63,99,114,37,10,12,1,6,67,0x3195,190,720,384,480,0,0,0,0,0,0,0,0,0,0,0,0,0,0,0,0,0,0,0,0,0,0,0,0,0,0,0,0
2078,S_SUCCUBUS,Shadow of Pleasure,Shadow of Pleasure,105,206660,0,0,0,1,1144,324,76,48,100,70,45,110,122,85,10,12,1,6,67,0x3195,155,1306,1056,288,0,0,0,0,0,0,0,0,0,0,0,0,0,0,0,0,0,0,0,0,0,0,0,0,0,0,0,0
2079,CRYSTAL_H,Crystal,Crystal,77,7777777,0,17315,26235,1,19555,7777,77,77,1,7,7,77,92,77,0,0,2,0,60,0x36B5,177,1152,1152,288,0,0,0,0,0,0,0,0,0,0,0,0,0,0,0,0,0,0,0,0,0,0,0,0,0,0,0,0
2080,CRYSTAL_L,Crystal,Crystal,1,100,0,0,0,1,0,0,99,160,1,1,1,1,999,1,10,12,2,0,60,0x36B5,177,1864,864,288,0,0,0,0,0,0,0,0,991,2500,756,800,0,0,0,0,0,0,0,0,0,0,0,0,0,0,0,0
2083,HORN_SCARABA,One-Horned Scaraba,One-Horned Scaraba,130,51100,0,22,37,1,886,91,135,20,44,59,55,21,99,33,10,12,0,4,22,0x1189,200,384,672,360,0,0,0,0,0,0,0,0,6324,3250,1433,5,12735,5,7939,50,993,50,0,0,0,0,0,0,0,0,4505,1
2084,HORN_SCARABA2,Two-Horned Scaraba,Two-Horned Scaraba,134,58900,0,24,42,1,1935,105,150,38,44,68,72,45,126,51,10,12,0,4,22,0x1189,150,336,360,360,0,0,0,0,0,0,0,0,6323,3250,13061,5,12735,5,7939,50,993,50,0,0,0,0,0,0,0,0,4505,1
2085,ANTLER_SCARABA,Antler Scaraba,Antler Scaraba,136,62600,0,26,48,1,1418,410,155,102,23,99,59,129,137,45,10,12,1,4,42,0x3985,200,504,624,360,0,0,0,0,0,0,0,0,6322,3250,1930,5,12735,5,7939,50,993,50,0,0,0,0,0,0,0,0,4505,1
2086,RAKE_SCARABA,Rake Scaraba,Rake Scaraba,139,67700,0,29,55,1,1645,112,250,70,90,66,145,52,168,77,10,12,1,4,42,0x3985,150,588,768,480,0,0,0,0,0,0,0,0,6321,3250,16010,5,12735,5,15000,50,993,50,512,20,0,0,0,0,0,0,4505,1
2087,QUEEN_SCARABA,Scaraba Queen,Scaraba Queen,140,2441600,0,2222,1621,3,2834,1240,350,220,100,88,82,149,317,144,10,12,2,4,62,0x36B5,120,864,1000,360,1111,10000,616,5000,616,2000,0,0,6326,3500,1191,500,1196,200,18103,250,0,0,0,0,0,0,0,0,0,0,4507,1
2088,HORN_SCARABA_EGG,Scaraba Egg,Scaraba Egg,125,63000,0,22,28,1,1,1,230,55,1,1,130,34,1,80,10,12,0,4,20,0x100,1000,96,1,480,0,0,0,0,0,0,0,0,7032,2500,518,50,985,5,0,0,0,0,0,0,0,0,0,0,0,0,0,0
2089,HORN_SCARABA2_EGG,Scaraba Egg,Scaraba Egg,126,66000,0,22,28,1,1,1,250,62,1,1,130,48,1,80,10,12,0,4,20,0x100,1000,96,1,480,0,0,0,0,0,0,0,0,7032,2500,518,50,985,5,0,0,0,0,0,0,0,0,0,0,0,0,0,0
2090,ANTLER_SCARABA_EGG,Antler Scaraba Egg,Antler Scaraba Egg,127,69000,0,22,28,1,1,1,235,180,1,1,130,82,1,80,10,12,0,4,20,0x100,1000,96,1,480,0,0,0,0,0,0,0,0,7032,2500,518,50,985,5,0,0,0,0,0,0,0,0,0,0,0,0,0,0
2091,RAKE_SCARABA_EGG,Rake Scaraba Egg,Rake Scaraba Egg,128,72000,0,22,28,1,1,1,290,44,1,1,130,39,1,80,10,12,0,4,20,0x100,1000,96,1,480,0,0,0,0,0,0,0,0,7032,2500,518,50,985,5,2153,250,0,0,0,0,0,0,0,0,0,0,0,0
2092,DOLOMEDES,Dolomedes,Dolomedes,132,54591,0,28,47,3,1016,286,112,52,149,34,82,55,143,67,10,12,2,4,61,0x3985,250,360,360,600,0,0,0,0,0,0,0,0,6319,1500,6325,2500,6090,250,2789,5,12738,5,6224,250,1984,5,0,0,0,0,4506,1
2093,BOTARING,Botaring,Botaring,15,15,0,1,1,2,20,20,20,20,10,10,10,10,77,77,10,12,0,0,26,0x81,170,1872,672,480,0,0,0,0,0,0,0,0,12492,3500,12492,1750,12492,500,5204,350,664,1000,665,1000,666,1000,603,250,0,0,0,0
2094,E_ORK_HERO2,Orc Hero,Orc Hero,50,362000,0,8,14,1,662,441,197,70,97,82,107,71,144,43,10,12,2,7,42,0x36B5,150,1678,780,648,4,10000,725,2000,607,5000,607,5000,968,4850,10018,250,1366,75,12539,25,1124,500,985,2280,1387,50,0,0,0,0,4143,1
2095,E_EDDGA,Eddga,Eddga,65,947500,0,8,14,1,1509,776,166,70,92,80,103,66,139,85,10,12,2,2,23,0x36B5,300,872,1344,432,4,10000,1029,5000,1030,3000,1030,3000,1133,75,2268,125,518,5000,12539,25,1030,125,985,1150,13046,50,0,0,0,0,4074,1
2096,E_OSIRIS2,Osiris,Osiris,68,475840,0,8,14,1,1580,903,172,164,97,99,86,131,145,67,10,12,1,1,89,0x36B5,100,1072,672,384,4,10000,603,4000,608,500,608,500,617,1000,1232,75,2235,100,12539,25,1009,500,5053,75,1285,50,0,0,0,0,4144,1
2097,E_DRACULA,Dracula,Dracula,75,350000,0,9,14,3,1454,1812,152,146,86,99,88,92,174,82,10,12,2,6,87,0x36B5,145,1290,1140,576,4,10000,607,5500,732,5000,732,5000,607,2350,1473,3,1722,3,2507,8,2621,2,1557,2,12539,25,0,0,0,0,4134,1
2098,E_DOPPELGANGER,Doppelganger,Doppelganger,77,380000,0,9,14,1,1803,1176,246,86,122,122,105,67,203,72,10,12,1,6,67,0x36B5,100,480,480,288,4,10000,724,1500,0,0,0,0,2317,125,1162,110,1168,75,2258,175,12539,25,985,1843,984,1350,0,0,0,0,4127,1
2099,E_MISTRESS,Mistress,Mistress,78,378000,0,8,14,1,985,1367,187,192,76,186,88,113,172,79,10,12,0,4,84,0x36B5,100,1148,648,300,4,10000,996,1500,526,3000,526,3000,12539,25,518,5000,2249,125,616,500,7018,5,985,2134,16001,50,0,0,0,0,4132,1
2100,E_BAPHOMET2,Baphomet,Baphomet,81,668000,0,9,14,2,3150,1284,279,45,120,125,30,85,186,85,10,12,2,6,67,0x36B5,100,768,768,576,4,10000,607,2000,750,5000,750,5000,12539,50,2256,150,1476,25,5160,5,985,2716,984,2086,0,0,0,0,0,0,4147,1
2101,E_LORD_OF_DEATH2,Lord of the Dead,Lord of the Dead,94,603883,0,10,14,3,5351,962,336,73,140,99,30,109,120,90,10,12,2,6,67,0x36B5,180,1446,1296,360,5,10000,607,5500,732,5000,732,5000,7108,2668,1417,3,12539,50,2621,1,7109,5,1306,1,1529,1,0,0,0,0,4210,1
2102,E_DARK_LORD,Dark Lord,Dark Lord,96,1190900,0,10,14,2,3935,2085,330,168,118,136,154,142,193,66,10,12,2,6,89,0x36B5,100,868,768,480,0,0,7005,6000,5093,2000,5093,2000,1615,400,2004,50,1237,150,2334,150,12539,50,985,2571,5162,5,0,0,0,0,4169,1
2103,E_KTULLANUX,Ktullanux,Ktullanux,98,2626000,0,10,14,3,3754,2680,129,78,85,126,30,125,212,112,10,12,2,2,81,0x36B5,400,432,840,216,5,10000,607,5500,617,5000,617,5000,7562,4500,616,1500,2509,1500,2111,2500,617,2500,607,2500,12539,50,0,0,0,0,4419,1
2104,E_DARK_SNAKE_LORD,Evil Snake Lord,Evil Snake Lord,105,1101000,0,10,15,3,2882,1986,314,185,122,172,107,135,235,88,10,12,2,2,68,0x36B5,200,588,816,420,5,10000,607,5500,617,5500,617,5500,7169,2910,10020,2550,1471,40,12539,25,1474,250,7226,450,661,1000,0,0,0,0,4330,1
2105,E_TURTLE_GENERAL,Turtle General,Turtle General,110,1442000,0,10,15,2,3169,2066,394,123,116,123,154,99,217,98,10,12,2,2,42,0x36B5,200,900,1000,500,5,10000,967,5500,607,2000,607,2000,1529,4,1306,3,7480,100,1417,5,7070,2668,1141,40,12539,25,0,0,0,0,4246,1
2106,E_APOCALIPS_H,Vesper,Vesper,128,3802000,0,11,15,3,3668,4656,402,109,177,195,165,130,255,102,10,12,2,2,46,0x36B5,180,504,912,432,5,10000,617,5500,603,2000,603,2000,7095,2500,7094,1500,12539,25,2659,50,2660,50,2661,50,2662,50,0,0,0,0,4374,1
2107,E_FALLINGBISHOP,Fallen Bishop Hibram,Fallen Bishop Hibram,138,5655000,0,11,15,1,4290,4636,274,382,186,165,95,226,273,86,10,12,1,6,47,0x36B5,150,432,432,360,5,10000,607,5500,608,2000,608,2000,523,5000,1420,500,2677,250,1422,500,985,2716,12539,100,6223,250,0,0,0,0,0,0
2108,E_GLOOMUNDERNIGHT,Gloom Under Night,Gloom Under Night,139,3005000,0,11,15,3,6592,2785,479,262,191,223,187,155,362,163,10,12,2,0,68,0x36B5,200,1344,2880,576,5,10000,607,5500,617,5000,617,5000,7023,2000,7022,1000,616,2500,2513,500,12539,100,0,0,0,0,0,0,0,0,4410,1
2109,E_RANDGRIS,Valkyrie Randgris,Valkyrie Randgris,141,3205000,0,11,15,3,7343,4412,588,506,196,131,125,276,401,156,10,12,2,8,86,0x36B5,100,576,576,480,5,10000,617,5500,603,2000,603,2000,7510,2500,2357,800,2524,1500,2421,1500,2229,2500,7024,1250,12539,100,0,0,0,0,4407,1
2110,E_IFRIT,Ifrit,Ifrit,146,6935000,0,11,15,3,8063,3389,436,218,180,201,156,190,299,77,10,12,2,0,83,0x36B5,130,212,384,360,5,10000,617,5500,6223,2000,6223,2000,994,5000,2677,1500,2678,100,2679,100,1471,1000,1133,1000,12539,100,0,0,0,0,4430,1
2111,E_B_HARWORD,Whitesmith Howard,Whitesmith Howard,160,6750000,0,11,15,1,5250,1465,301,106,275,148,156,72,266,60,10,12,1,7,82,0x36B5,100,76,384,288,5,10000,617,5500,603,2000,603,2000,1138,1750,1140,1250,12539,100,1365,1750,1364,1750,1369,1250,1368,1750,0,0,0,0,0,0
2112,E_B_SEYREN,Lord Knight Seyren,Lord Knight Seyren,160,4680000,0,11,15,1,6435,2342,567,155,303,165,181,110,267,66,10,12,1,7,83,0x36B5,100,76,384,288,5,10000,617,5500,603,2000,603,2000,1132,1250,2342,1750,12539,100,1470,1750,1469,1500,1166,1250,1415,750,0,0,0,0,0,0
2113,E_B_EREMES,Assassin Cross Eremes,Assassin Cross Eremes,160,4230000,0,11,15,1,6083,1378,445,98,211,181,114,83,338,60,10,12,1,7,85,0x36B5,100,76,384,288,5,10000,617,5500,603,2000,603,2000,1234,750,1230,750,12539,100,1233,1750,1232,1750,1265,1750,13002,1750,0,0,0,0,0,0
2126,M_ANOPHELES,Anopheles,Anopheles,100,8000,0,0,0,1,390,100,0,0,40,70,40,40,96,40,10,12,0,4,64,0x100,170,1084,2304,576,0,0,0,0,0,0,0,0,0,0,0,0,0,0,0,0,0,0,0,0,0,0,0,0,0,0,0,0
2127,M_HORNET,Hornet,Hornet,110,9000,0,0,0,1,455,100,0,0,40,70,40,40,108,40,10,12,0,4,24,0x100,150,1292,792,216,0,0,0,0,0,0,0,0,0,0,0,0,0,0,0,0,0,0,0,0,0,0,0,0,0,0,0,0
2128,M_HORNET2,Hornet,Hornet,120,10000,0,0,0,1,560,100,0,0,40,70,40,40,140,40,10,12,0,4,24,0x100,150,1292,792,216,0,0,0,0,0,0,0,0,0,0,0,0,0,0,0,0,0,0,0,0,0,0,0,0,0,0,0,0
2129,M_LUCIOLA_VESPA,Luciola Vespa,Luciola Vespa,130,11000,0,0,0,1,630,200,0,0,60,80,50,50,154,50,10,12,1,4,24,0x100,110,1000,864,432,0,0,0,0,0,0,0,0,0,0,0,0,0,0,0,0,0,0,0,0,0,0,0,0,0,0,0,0
2130,M_LUCIOLA_VESPA2,Luciola Vespa,Luciola Vespa,140,12000,0,0,0,1,750,200,0,0,60,80,50,50,180,50,10,12,1,4,24,0x100,110,1000,864,432,0,0,0,0,0,0,0,0,0,0,0,0,0,0,0,0,0,0,0,0,0,0,0,0,0,0,0,0
2131,LOST_DRAGON,Lost Dragon,Lost Dragon,135,608920,0,162,275,3,1975,530,60,51,140,81,69,122,147,61,10,12,2,9,67,0x36B5,150,840,648,576,81,10000,616,500,617,5000,617,5000,2610,500,2854,50,13062,50,607,250,608,250,1985,50,0,0,0,0,0,0,0,0
2132,POM_SPIDER,Pom Spider,Pom Spider,145,122110,0,43,74,1,948,215,240,115,156,85,178,88,209,102,10,12,1,4,62,0x3985,250,864,1056,576,0,0,0,0,0,0,0,0,12573,250,11520,500,1042,500,1654,1,13431,25,0,0,0,0,0,0,0,0,4514,1
2133,ANGRA_MANTIS,Angra Mantis,Angra Mantis,144,91720,0,42,64,1,869,177,175,81,122,155,119,81,198,79,10,12,1,4,42,0x3985,150,576,480,480,0,0,0,0,0,0,0,0,6086,1500,7194,500,997,5,1830,5,0,0,0,0,0,0,0,0,0,0,4513,1
2134,PARUS,Parus,Parus,142,86990,0,40,64,1,767,152,161,39,80,136,128,44,158,51,10,12,0,2,42,0x3885,180,384,792,432,0,0,0,0,0,0,0,0,6393,1500,7063,500,12736,50,6383,1500,6383,1500,6383,1500,0,0,0,0,0,0,4512,1
2135,CREEPER,Creeper,Creeper,100,1000,0,0,0,1,0,0,0,0,0,0,0,0,0,0,0,0,1,3,22,0x3695,1000,192,192,576,0,0,0,0,0,0,0,0,0,0,0,0,0,0,0,0,0,0,0,0,0,0,0,0,0,0,0,0
2136,LITTLE_FATUM,Little Fatum,Little Fatum,142,85100,0,41,60,1,663,452,51,198,10,66,17,148,222,97,10,12,0,7,44,0x3885,150,432,300,432,0,0,0,0,0,0,0,0,6395,1500,7938,50,2465,1,0,0,0,0,0,0,0,0,0,0,0,0,4511,1
2137,MIMING,Miming,Miming,140,81200,0,38,58,1,645,222,120,120,90,66,105,77,200,77,10,12,0,0,20,0x3885,250,576,1140,504,0,0,0,0,0,0,0,0,6394,1500,7938,50,969,1,2853,1,0,0,0,0,0,0,0,0,0,0,4510,1
2138,NYDHOG_MEMORY1_1,Nydhoggur Memory,Nydhoggur Memory,130,10,0,0,0,1,0,0,0,0,0,0,0,0,0,0,0,0,0,0,20,0xA1,200,1248,576,1248,0,0,0,0,0,0,0,0,0,0,0,0,0,0,0,0,0,0,0,0,0,0,0,0,0,0,0,0
2139,NYDHOG_MEMORY1_2,Nydhoggur Memory,Nydhoggur Memory,130,10,0,0,0,1,0,0,0,0,0,0,0,0,0,0,0,0,0,0,20,0xA1,200,1248,576,1248,0,0,0,0,0,0,0,0,0,0,0,0,0,0,0,0,0,0,0,0,0,0,0,0,0,0,0,0
2140,NYDHOG_MEMORY2_1,Nydhoggur Memory,Nydhoggur Memory,130,10,0,0,0,1,0,0,0,0,0,0,0,0,0,0,0,0,0,0,20,0xA1,200,1248,576,1248,0,0,0,0,0,0,0,0,0,0,0,0,0,0,0,0,0,0,0,0,0,0,0,0,0,0,0,0
2141,NYDHOG_MEMORY2_2,Nydhoggur Memory,Nydhoggur Memory,130,10,0,0,0,1,0,0,0,0,0,0,0,0,0,0,0,0,0,0,20,0xA1,200,1248,576,1248,0,0,0,0,0,0,0,0,0,0,0,0,0,0,0,0,0,0,0,0,0,0,0,0,0,0,0,0
2142,NYDHOG_MEMORY3_1,Nydhoggur Memory,Nydhoggur Memory,130,10,0,0,0,1,0,0,0,0,0,0,0,0,0,0,0,0,0,0,20,0xA1,200,1248,576,1248,0,0,0,0,0,0,0,0,0,0,0,0,0,0,0,0,0,0,0,0,0,0,0,0,0,0,0,0
2143,NYDHOG_MEMORY3_2,Nydhoggur Memory,Nydhoggur Memory,130,10,0,0,0,1,0,0,0,0,0,0,0,0,0,0,0,0,0,0,20,0xA1,200,1248,576,1248,0,0,0,0,0,0,0,0,0,0,0,0,0,0,0,0,0,0,0,0,0,0,0,0,0,0,0,0
2144,G_ANTLER_SCARABA,Antler Scaraba,Antler Scaraba,136,62600,0,0,0,1,1418,410,155,102,23,99,59,129,137,45,10,12,1,4,42,0x1A1,200,504,624,360,0,0,0,0,0,0,0,0,0,0,0,0,0,0,0,0,0,0,0,0,0,0,0,0,0,0,0,0
2145,G_RAKE_SCARABA,Rake Scaraba,Rake Scaraba,139,67700,0,0,0,1,1645,112,250,70,90,66,145,52,168,77,10,12,1,4,42,0x1A1,150,588,768,480,0,0,0,0,0,0,0,0,0,0,0,0,0,0,0,0,0,0,0,0,0,0,0,0,0,0,0,0
2146,G_S_NYDHOG,Shade of Dragon,Shade of Dragon,117,300000,0,0,0,2,1176,840,60,60,1,30,30,136,123,30,10,12,2,9,87,0xA1,150,1596,1620,864,0,0,0,0,0,0,0,0,0,0,0,0,0,0,0,0,0,0,0,0,0,0,0,0,0,0,0,0
2147,E_WHITE_PLANT,White Plant,White Plant,0,0,0,0,0,1,0,0,0,0,0,0,0,0,0,0,10,12,0,0,20,0x0,200,1000,500,500,0,0,0,0,0,0,0,0,0,0,0,0,0,0,0,0,0,0,0,0,0,0,0,0,0,0,0,0
2148,E_BLUE_PLANT,Blue Plant,Blue Plant,0,0,0,0,0,1,0,0,0,0,0,0,0,0,0,0,10,12,0,0,20,0x0,200,1000,500,500,0,0,0,0,0,0,0,0,0,0,0,0,0,0,0,0,0,0,0,0,0,0,0,0,0,0,0,0
2149,E_SAVAGE_BABE,Savage Babe,Savage Babe,0,0,0,0,0,1,0,0,0,0,0,0,0,0,0,0,10,12,0,0,20,0x0,200,1000,500,500,0,0,0,0,0,0,0,0,0,0,0,0,0,0,0,0,0,0,0,0,0,0,0,0,0,0,0,0
2150,WATERMELON,Ripe Watermelon,Ripe Watermelon,12,10,0,0,0,1,1,1,1,1,1,1,1,1,1,1,0,0,1,3,21,0x20,1000,96,96,96,0,0,0,0,0,0,0,0,0,0,0,0,0,0,0,0,0,0,0,0,0,0,0,0,0,0,0,0
2151,ALNOLDI,Rafflesia Alnoldi,Rafflesia Alnoldi,80,3631,0,8,11,2,309,69,80,20,40,32,24,61,85,30,10,12,1,3,22,0x3885,300,500,576,504,0,0,0,0,0,0,0,0,705,125,520,213,905,2250,711,150,521,125,2269,50,0,0,0,0,0,0,4515,1
2152,COMODO,Comodo,Comodo,81,4291,0,8,12,2,289,42,92,11,65,52,35,20,94,48,10,12,1,2,65,0x3885,180,500,576,504,0,0,0,0,0,0,0,0,517,4500,911,4500,908,2500,0,0,0,0,0,0,0,0,0,0,0,0,4516,1
2153,CENDRAWASIH,Cendrawasih,Cendrawasih,84,4084,0,8,13,1,313,170,72,33,58,77,51,58,92,45,10,12,1,8,24,0x3885,200,576,720,360,0,0,0,0,0,0,0,0,7063,4000,916,4500,0,0,0,0,0,0,0,0,0,0,0,0,0,0,4517,1
2154,BANASPATY,Banaspaty,Banaspaty,85,3235,0,8,13,1,289,182,63,89,61,78,35,77,79,20,10,12,0,0,63,0x3885,250,1152,2304,432,0,0,0,0,0,0,0,0,1003,500,912,1000,985,750,756,750,12008,40,0,0,0,0,0,0,0,0,4518,1
2155,BUTOIJO,Butoijo,Butoijo,88,5381,0,9,14,1,379,102,77,12,66,65,30,30,106,44,10,12,2,6,43,0x3985,170,576,768,432,0,0,0,0,0,0,0,0,938,1375,517,250,520,225,0,0,0,0,0,0,0,0,0,0,0,0,4519,1
2156,LEAK,Leak,Leak,94,1266000,0,1970,2084,2,3723,1284,280,128,122,125,30,85,186,55,10,12,2,6,47,0x36B5,130,576,576,360,985,10000,617,5000,617,5000,0,0,1422,5,617,1250,607,1250,12738,1750,518,1250,0,0,0,0,0,0,0,0,4520,1
2157,G_BANASPATY,Banaspaty,Banaspaty,85,3235,0,0,0,1,289,182,63,89,61,78,35,77,79,20,10,12,0,0,63,0x3885,250,1000,500,500,0,0,0,0,0,0,0,0,0,0,0,0,0,0,0,0,0,0,0,0,0,0,0,0,0,0,0,0
2158,S_HORNET,Hornet,Hornet,95,5000,0,0,0,1,381,113,7,1,62,54,54,65,76,55,10,12,0,4,24,0x100,150,1292,792,216,0,0,0,0,0,0,0,0,0,0,0,0,0,0,0,0,0,0,0,0,0,0,0,0,0,0,0,0
2159,S_GIANT_HORNET,Giant Hornet,Giant Hornet,110,11960,0,0,0,1,456,123,80,43,117,65,67,72,77,34,10,12,0,4,24,0x100,155,1292,792,340,0,0,0,0,0,0,0,0,0,0,0,0,0,0,0,0,0,0,0,0,0,0,0,0,0,0,0,0
2160,S_LUCIOLA_VESPA,Luciola Vespa,Luciola Vespa,130,16466,0,0,0,1,677,154,59,55,88,89,55,32,119,59,10,12,1,4,24,0x100,110,1000,864,432,0,0,0,0,0,0,0,0,0,0,0,0,0,0,0,0,0,0,0,0,0,0,0,0,0,0,0,0
2161,I_HORN_SCARABA,Gold One-Horn Scaraba,Gold One-Horn Scaraba,130,204400,0,74,123,1,1270,590,135,10,84,109,115,31,111,53,10,12,0,4,22,0x32B5,200,384,672,360,0,0,0,0,0,0,0,0,6324,3250,1433,5,12735,50,7939,50,993,50,617,5,12107,5,0,0,0,0,4508,1
2162,I_HORN_SCARABA2,Gold Two-Horn Scaraba,Gold Two-Horn Scaraba,134,235600,0,84,139,1,690,3090,150,15,44,28,72,125,184,51,10,12,0,4,22,0x32B5,150,336,360,360,0,0,0,0,0,0,0,0,6323,3250,13061,5,12735,50,7939,50,993,50,617,5,12107,5,0,0,0,0,4508,1
2163,I_ANTLER_SCARABA,Gold Antler Scaraba,Gold Antler Scaraba,136,250400,0,85,161,1,412,3211,155,20,23,59,59,209,191,45,10,12,1,4,42,0x32B5,200,504,624,360,0,0,0,0,0,0,0,0,6322,3250,1930,5,12735,50,7939,50,993,5,617,5,12107,5,0,0,0,0,4508,1
2164,I_RAKE_SCARABA,Gold Rake Scaraba,Gold Rake Scaraba,139,270800,0,96,183,1,1830,630,250,25,94,136,145,42,152,97,10,12,1,4,42,0x32B5,140,588,768,480,0,0,0,0,0,0,0,0,6321,3250,16010,5,12735,50,15000,50,993,50,617,5,12107,5,0,0,0,0,4508,1
2165,I_QUEEN_SCARABA,Gold Queen Scaraba,Gold Queen Scaraba,140,6441600,0,5043,4677,3,4889,6440,350,220,100,88,82,149,211,144,10,12,2,4,62,0x36B5,120,864,1000,360,2521,10000,12246,5000,616,5000,0,0,6326,2500,1191,350,1196,200,18103,250,0,0,0,0,0,0,0,0,0,0,4509,1
2166,I_HORN_SCARABA_EGG,Gold One-Horn Scaraba E,Gold One-Horn Scaraba E,125,126000,0,50,82,1,1,1,280,55,1,1,130,34,1,80,10,12,0,4,22,0x100,1000,96,1,480,0,0,0,0,0,0,0,0,7032,2500,518,50,985,50,617,5,0,0,0,0,0,0,0,0,0,0,0,0
2167,I_HORN_SCARABA2_EGG,Gold Two-Horn Scaraba Eg,Gold Two-Horn Scaraba Eg,126,132000,0,50,82,1,1,1,300,62,1,1,130,48,1,80,10,12,0,4,22,0x100,1000,96,1,480,0,0,0,0,0,0,0,0,7032,2500,518,50,985,50,617,5,0,0,0,0,0,0,0,0,0,0,0,0
2168,I_ANTLER_SCARABA_EGG,Gold Antler Scaraba Egg,Gold Antler Scaraba Egg,127,138000,0,50,82,1,1,1,285,180,1,1,130,82,1,80,10,12,0,4,22,0x100,1000,96,1,480,0,0,0,0,0,0,0,0,7032,2500,518,50,985,50,617,5,0,0,0,0,0,0,0,0,0,0,0,0
2169,I_RAKE_SCARABA_EGG,Gold Rake Scaraba Egg,Gold Rake Scaraba Egg,128,144000,0,50,82,1,1,1,340,44,1,1,130,39,1,80,10,12,0,4,22,0x100,1000,96,1,480,0,0,0,0,0,0,0,0,7032,2500,518,50,985,50,2153,250,617,5,0,0,0,0,0,0,0,0,0,0
2170,I_G_ANTLER_SCARABA,Gold Antler Scaraba,Gold Antler Scaraba,136,250400,0,0,0,1,412,3211,155,15,23,59,59,209,191,45,10,12,1,4,42,0x32B5,200,504,624,360,0,0,0,0,0,0,0,0,0,0,0,0,0,0,0,0,0,0,0,0,0,0,0,0,0,0,0,0
2171,I_G_RAKE_SCARABA,Gold Rake Scaraba,Gold Rake Scaraba,139,270800,0,0,0,1,1830,630,250,20,94,136,145,42,152,97,10,12,1,4,42,0x32B5,150,588,768,480,0,0,0,0,0,0,0,0,0,0,0,0,0,0,0,0,0,0,0,0,0,0,0,0,0,0,0,0
2172,I_G_HORN_SCARABA,Gold One-Horn Scaraba,Gold One-Horn Scaraba,130,204400,0,0,0,1,1270,590,135,10,84,109,115,31,111,53,10,12,0,4,22,0x32B5,200,384,672,360,0,0,0,0,0,0,0,0,0,0,0,0,0,0,0,0,0,0,0,0,0,0,0,0,0,0,0,0
2173,I_G_HORN_SCARABA2,Gold Two-Horn Scaraba,Gold Two-Horn Scaraba,134,235600,0,0,0,1,690,3090,150,15,44,28,72,125,184,51,10,12,0,4,22,0x32B5,150,336,360,360,0,0,0,0,0,0,0,0,0,0,0,0,0,0,0,0,0,0,0,0,0,0,0,0,0,0,0,0
2174,MD_VADON,Deep Sea Vadon,Deep Sea Vadon,95,120000,0,6,10,1,778,225,154,21,145,91,138,60,113,45,10,12,0,5,21,0x32B5,300,1632,432,540,0,0,0,0,0,0,0,0,991,20,960,4500,910,1500,2313,3,943,50,757,20,0,0,0,0,0,0,0,0
2175,MD_MARSE,Deep Sea Marse,Deep Sea Marse,95,120000,0,6,10,1,500,820,58,218,133,37,85,156,133,60,10,12,0,5,41,0x32B5,300,1956,756,528,0,0,0,0,0,0,0,0,1024,4500,962,1500,720,5,995,6,1007,3,514,150,0,0,0,0,0,0,0,0
2176,MD_CRAB,Deep Sea Crab,Deep Sea Crab,95,120000,0,6,10,1,696,234,136,15,122,54,84,37,98,65,7,12,0,5,21,0x32B5,200,992,792,360,0,0,0,0,0,0,0,0,964,2750,960,750,7049,350,1001,7,757,19,0,0,0,0,0,0,0,0,0,0
2177,MD_CORNUTUS,Deep Sea Cornutus,Deep Sea Cornutus,100,160000,0,6,11,1,1129,237,342,48,122,87,135,66,137,75,10,12,0,5,21,0x32B5,200,1248,48,480,0,0,0,0,0,0,0,0,991,23,961,2750,911,400,757,27,2106,3,943,500,0,0,0,0,0,0,0,0
2178,MD_SHELLFISH,Deep Sea Shellfish,Deep Sea Shellfish,100,160000,0,6,11,1,720,1122,43,215,72,31,68,225,166,60,10,12,0,5,41,0x32B5,200,864,864,384,0,0,0,0,0,0,0,0,965,2750,966,500,7049,250,1056,500,1001,5,757,9,0,0,0,0,0,0,0,0
2179,MD_KUKRE,Deep Sea Kukre,Deep Sea Kukre,100,160000,0,6,11,1,975,118,123,33,125,80,112,60,102,30,10,12,0,4,21,0x32B5,150,1776,576,288,0,0,0,0,0,0,0,0,991,15,955,2750,910,200,528,250,928,225,623,10,0,0,0,0,0,0,0,0
2180,MD_STROUF,Deep Sea Strouf,Deep Sea Strouf,145,400000,0,8,15,1,1200,3500,67,221,149,126,81,252,183,66,10,12,2,5,61,0x32B5,150,1872,672,384,0,0,0,0,0,0,0,0,951,2668,756,58,1461,1,949,1500,720,10,956,750,0,0,0,0,0,0,0,0
2181,MD_SWORD_FISH,Deep Sea Sword Fish,Deep Sea Sword Fish,145,400000,0,8,15,1,1849,235,255,17,155,156,115,85,194,65,10,12,2,5,41,0x32B5,200,1968,768,384,0,0,0,0,0,0,0,0,995,5,963,4500,756,17,2257,1,757,25,956,300,0,0,0,0,0,0,0,0
2182,MD_MARC,Deep Sea Marc,Deep Sea Marc,145,400000,0,8,15,1,1423,331,255,51,150,145,221,83,148,66,10,12,1,5,41,0x32B5,150,1272,72,480,0,0,0,0,0,0,0,0,995,9,956,4500,756,48,951,500,720,5,509,350,0,0,0,0,0,0,0,0
2183,MD_ANOLIAN,Deep Sea Anolian,Deep Sea Anolian,151,700000,0,9,17,1,2122,312,268,22,177,188,205,126,198,61,10,12,1,5,41,0x32B5,190,900,500,864,0,0,0,0,0,0,0,0,7003,2425,12012,40,10019,5,16003,3,2625,1,984,67,0,0,0,0,0,0,0,0
2184,MD_OBEAUNE,Deep Sea Obeaune,Deep Sea Obeaune,151,700000,0,9,17,1,1502,3845,68,326,166,87,101,233,196,55,10,12,1,6,61,0x32B5,200,1872,672,288,0,0,0,0,0,0,0,0,995,7,950,4500,2326,5,720,5,951,250,748,15,0,0,0,0,0,0,0,0
2185,MD_KAPHA,Deep Sea Kapha,Deep Sea Kapha,151,700000,0,9,17,1,2590,256,261,58,167,209,128,61,191,20,10,12,1,6,41,0x32B5,165,2012,1728,672,0,0,0,0,0,0,0,0,7149,3250,7053,1750,521,1150,708,1,1915,5,13008,3,0,0,0,0,0,0,0,0
2186,COELACANTH_N_E,Coelacanth,Coelacanth,100,1200000,0,1667,3056,1,1290,1290,280,280,160,160,160,160,160,160,10,12,2,5,41,0x36B5,165,864,864,432,0,0,0,0,0,0,0,0,0,0,0,0,0,0,0,0,0,0,0,0,0,0,0,0,0,0,0,0
2187,COELACANTH_N_A,Gloomy Coelacanth,Gloomy Coelacanth,100,2200000,0,4167,7639,1,1890,1890,280,280,160,160,160,160,160,160,10,12,2,5,41,0x36B5,165,864,864,432,0,0,617,5500,0,0,0,0,0,0,0,0,0,0,0,0,0,0,0,0,0,0,0,0,0,0,4527,1
2188,COELACANTH_N_M,Weird Coelacanth,Weird Coelacanth,100,2200000,0,4167,7639,1,1890,1890,280,280,160,160,160,160,160,160,10,12,2,5,41,0x36B5,165,864,864,432,0,0,617,5500,0,0,0,0,0,0,0,0,0,0,0,0,0,0,0,0,0,0,0,0,0,0,4526,1
2189,COELACANTH_H_M,Mutant Coelacanth,Mutant Coelacanth,155,5200000,0,12500,22917,1,5500,5500,280,280,260,260,260,260,260,260,10,12,2,5,41,0x36B5,165,864,864,432,0,0,617,5500,0,0,0,0,0,0,0,0,0,0,0,0,0,0,0,0,0,0,0,0,0,0,4528,1
2190,COELACANTH_H_A,Violent Coelacanth,Violent Coelacanth,155,5200000,0,12500,22917,1,5500,5500,280,280,260,260,260,260,260,260,10,12,2,5,41,0x36B5,165,864,864,432,0,0,617,5500,0,0,0,0,0,0,0,0,0,0,0,0,0,0,0,0,0,0,0,0,0,0,4529,1
2191,MD_SEAWEED,Seaweed,Seaweed,100,100000,0,0,0,1,1,1,1,1,1,1,1,1,1,1,0,0,0,5,21,0x84,1000,384,720,360,0,0,0,0,0,0,0,0,0,0,0,0,0,0,0,0,0,0,0,0,0,0,0,0,0,0,0,0
2192,MD_OCTOPUS,Octopus,Octopus,90,6000,0,17,14,1,778,225,154,21,145,91,138,60,113,45,10,12,0,5,41,0x32B5,300,576,2160,504,0,0,0,0,0,0,0,0,1024,2500,962,2500,0,0,0,0,0,0,0,0,0,0,0,0,0,0,4533,1
2193,MD_OCTOPUS_LEG,Octopus Leg,Octopus Leg,90,500000,0,17,14,1,778,225,154,21,145,91,138,60,113,45,10,12,0,5,41,0xA4,300,432,720,360,0,0,0,0,0,0,0,0,1024,4500,962,2500,938,2500,0,0,0,0,0,0,0,0,0,0,0,0,0,0
2194,MD_GIANT_OCTOPUS,Giant Octopus,Giant Octopus,95,500000,0,167,139,1,1900,1200,154,21,145,91,138,60,113,45,10,12,2,5,41,0x36B5,300,576,1584,360,0,0,617,5500,0,0,0,0,12531,1500,0,0,0,0,0,0,0,0,0,0,0,0,0,0,0,0,4534,1
2195,MD_G_KUKRE,Kukre,Kukre,100,160000,0,0,0,1,975,118,123,33,125,80,112,60,102,30,10,12,0,4,21,0x3395,150,1776,576,288,0,0,0,0,0,0,0,0,0,0,0,0,0,0,0,0,0,0,0,0,0,0,0,0,0,0,0,0
2196,MD_G_STROUF,Strouf,Strouf,145,400000,0,0,0,1,1200,3500,67,221,149,126,81,252,183,66,10,12,2,5,61,0x32B5,150,1872,672,384,0,0,0,0,0,0,0,0,0,0,0,0,0,0,0,0,0,0,0,0,0,0,0,0,0,0,0,0
2197,RED_ERUMA,Red Eruma,Red Eruma,91,8029,0,10,16,1,296,290,102,102,77,90,88,21,99,21,10,12,1,5,41,0x1089,140,768,1224,432,0,0,0,0,0,0,0,0,965,2500,966,1000,1056,1500,757,50,756,50,603,10,0,0,0,0,0,0,4531,1
2198,KING_DRAMOH,King Dramoh,King Dramoh,117,28453,0,22,34,1,731,330,480,22,119,44,150,89,130,44,10,12,2,5,41,0x36B5,140,576,720,720,0,0,0,0,0,0,0,0,6256,50,960,2500,943,2500,1523,25,7938,100,995,25,991,25,0,0,0,0,4524,1
2199,SIORAVA,Siorava,Siorava,87,5577,0,9,14,1,237,210,20,40,10,40,66,70,67,10,10,12,0,0,21,0x83,250,1536,1296,576,0,0,0,0,0,0,0,0,7005,500,932,500,958,500,7071,500,0,0,0,0,0,0,0,0,0,0,4530,1
2200,J_TAINI,Taini,Taini,1,1,0,0,0,1,0,0,0,0,0,0,0,0,0,0,0,0,0,0,20,0x81,200,432,792,432,0,0,0,0,0,0,0,0,0,0,0,0,0,0,0,0,0,0,0,0,0,0,0,0,0,0,0,0
2201,SROPHO,Sropho,Sropho,113,20805,0,18,29,1,578,565,44,91,77,53,33,133,99,66,10,12,1,5,41,0x3885,200,768,792,432,0,0,0,0,0,0,0,0,951,2500,1972,2,1971,2,12012,50,756,50,7938,50,991,25,0,0,0,0,4522,1
2202,KRAKEN,Kraken,Kraken,124,5602800,0,8194,14684,3,3823,1830,55,229,196,99,165,117,162,99,10,12,2,5,81,0x36B5,130,432,864,360,4097,10000,616,5000,7444,5000,0,0,962,2500,1484,250,1131,250,1422,250,2347,250,995,250,0,0,0,0,0,0,4525,1
2203,POT_DOFLE,Pot Dofle,Pot Dofle,115,19235,0,19,30,1,537,212,122,55,133,54,78,33,114,26,10,12,0,5,41,0x1089,180,1008,936,432,0,0,0,0,0,0,0,0,6257,5,7013,500,969,1,1056,500,1024,500,617,10,991,25,0,0,0,0,4523,1
2204,SEDORA,Sedora,Sedora,110,16740,0,16,25,1,525,444,92,55,126,118,61,107,109,84,10,12,1,5,41,0x3885,150,768,792,432,0,0,0,0,0,0,0,0,962,2500,2424,3,6256,15,7939,15,1024,1500,603,5,991,25,0,0,0,0,4521,1
2206,KRAKEN_LEG,Kraken Tentacle,Kraken Tentacle,124,39190,0,0,0,1,1685,555,127,158,130,92,53,128,189,54,10,12,2,5,61,0xA4,1000,576,864,240,0,0,0,0,0,0,0,0,7565,1,6253,1,0,0,0,0,0,0,0,0,0,0,0,0,0,0,0,0
2208,WILD_RIDER,Wild Rider,Wild Rider,95,33300,0,35,23,1,1320,330,480,22,89,124,89,56,112,56,10,12,2,5,41,0x38A5,120,432,792,360,0,0,0,0,0,0,0,0,956,2500,720,2500,7938,500,617,1000,995,500,0,0,0,0,0,0,0,0,4532,1
2209,E_THIEF_BUG,Thief Bug,Thief Bug,1,7,0,0,0,1,1,1,1,1,1,100,1,1,1,1,10,12,0,4,60,0x181,100,1288,288,768,0,0,0,0,0,0,0,0,955,3000,601,1500,0,0,0,0,0,0,0,0,0,0,0,0,0,0,0,0
2210,XMAS_LUNATIC,Christmas Snow Rabbit,Christmas Snow Rabbit,1,100,0,0,0,1,1,1,0,0,10,1,1,1,1,1,10,12,0,2,20,0x81,200,1456,456,336,0,0,0,0,0,0,0,0,538,5000,12354,2000,12200,2000,595,1000,12132,500,12739,500,12326,2000,0,0,0,0,0,0
2211,E_TEDDY_BEAR,Christmas Teddy Bear,Christmas Teddy Bear,10,10,0,0,0,1,1,1,0,1,1,1,1,1,100,1,10,12,0,0,20,0x81,160,512,780,504,0,0,0,0,0,0,0,0,603,500,644,1500,530,500,529,500,644,250,617,5,7034,500,0,0,0,0,0,0
2212,E_KNIGHT_OF_WINDSTORM,Stormy Knight,Stormy Knight,92,100000000,0,2069,2099,2,3480,1433,306,166,126,165,132,104,205,79,10,12,2,0,84,0x36B5,200,468,468,288,0,0,617,5000,617,5000,617,5000,12535,5000,12531,10000,12550,10000,0,0,0,0,0,0,0,0,0,0,0,0,4318,1
2213,M_WANDER_MAN,Wanderer,Wanderer,81,8614,220,0,0,2,1100,200,60,20,80,110,63,51,85,90,10,12,1,6,24,0x3795,100,672,500,192,0,0,0,0,0,0,0,0,0,0,0,0,0,0,0,0,0,0,0,0,0,0,0,0,0,0,0,0
2214,M_WICKED_NYMPH,Evil Nymph,Evil Nymph,85,6157,256,0,0,2,420,200,30,45,40,50,40,92,60,110,10,12,1,6,67,0x3795,200,637,1008,360,0,0,0,0,0,0,0,0,0,0,0,0,0,0,0,0,0,0,0,0,0,0,0,0,0,0,0,0
2215,M_KASA,Kasa,Kasa,83,9815,234,0,0,2,1100,200,60,60,85,90,71,43,85,105,10,12,2,0,63,0x36B5,150,800,600,288,0,0,0,0,0,0,0,0,0,0,0,0,0,0,0,0,0,0,0,0,0,0,0,0,0,0,0,0
2216,M_SALAMANDER,Salamander,Salamander,87,9517,260,0,0,2,900,200,60,68,90,80,65,45,87,95,10,12,2,0,63,0x36B5,160,140,384,288,0,0,0,0,0,0,0,0,0,0,0,0,0,0,0,0,0,0,0,0,0,0,0,0,0,0,0,0
2217,M_TEDDY_BEAR,Teddy Bear,Teddy Bear,85,14493,243,0,0,1,600,200,100,70,60,20,85,50,75,130,10,12,0,0,60,0x3695,200,512,780,504,0,0,0,0,0,0,0,0,0,0,0,0,0,0,0,0,0,0,0,0,0,0,0,0,0,0,0,0
2218,E_OCTOPUS_LEG,Octopus Tentacle,Octopus Tentacle,10,5,0,0,0,1,13,8,160,0,1,1,1,50,100,100,10,12,0,5,41,0x81,300,1632,432,540,0,0,0,0,0,0,0,0,0,0,0,0,0,0,0,0,0,0,0,0,0,0,0,0,0,0,0,0
2219,E_GIANT_OCTOPUS,Giant Octopus,Giant Octopus,10,20,0,0,0,2,13,8,160,0,1,1,1,50,100,100,10,12,2,5,41,0x81,300,1632,432,540,0,0,0,0,0,0,0,0,0,0,0,0,0,0,0,0,0,0,0,0,0,0,0,0,0,0,0,0
2220,E_QUVE,Messenger of Devil,Messenger of Devil,10,20,0,0,0,1,13,8,1,0,1,1,1,50,100,100,10,12,0,1,29,0x81,150,912,1248,576,0,0,0,0,0,0,0,0,558,5000,561,3000,529,8000,530,8000,0,0,0,0,0,0,0,0,0,0,0,0
2221,RANDEL,Randel,Randel,141,478745,0,270,441,1,3055,1230,180,56,158,74,213,50,185,65,10,12,1,7,66,0x3095,180,76,864,288,0,0,0,0,0,0,0,0,7345,2000,985,100,1435,10,0,0,0,0,0,0,0,0,0,0,0,0,4572,1
2222,FLAMEL,Flamel,Flamel,141,316468,0,220,423,1,2017,1602,86,12,141,78,70,81,147,51,10,12,1,7,63,0x3095,180,1152,864,288,0,0,0,0,0,0,0,0,7345,2000,984,100,16010,1,0,0,0,0,0,0,0,0,0,0,0,0,4570,1
2223,CELIA,Celia,Celia,141,253145,0,184,349,1,1612,2450,74,312,136,99,61,121,121,49,10,12,1,7,68,0x3095,180,1152,864,288,0,0,0,0,0,0,0,0,7345,2000,2853,20,1654,1,0,0,0,0,0,0,0,0,0,0,0,0,4568,1
2224,CHEN,Chen,Chen,141,279562,25,214,363,1,2501,1248,125,56,122,81,83,130,201,61,10,12,1,6,81,0x3395,180,76,768,288,0,0,0,0,0,0,0,0,7347,2000,984,100,1830,10,1814,5,0,0,0,0,0,0,0,0,0,0,4569,1
2225,GERTIE,Gertie,Gertie,141,266926,0,202,371,1,3684,1207,108,10,180,125,55,51,211,45,10,12,1,6,85,0x3395,150,76,864,288,0,0,0,0,0,0,0,0,7347,2000,985,100,18109,10,13061,10,0,0,0,0,0,0,0,0,0,0,4571,1
2226,ALPHOCCIO,Alphoccio,Alphoccio,142,256202,0,185,373,1,1273,3076,84,15,120,97,71,181,81,81,10,12,1,7,64,0x3095,180,76,864,288,0,0,0,0,0,0,0,0,7347,2000,984,100,1930,10,0,0,0,0,0,0,0,0,0,0,0,0,4567,1
2227,TRENTINI,Trentini,Trentini,142,204962,0,133,243,2,1070,3206,70,12,115,81,65,194,95,76,10,12,1,7,64,0x3095,180,76,864,288,0,0,0,0,0,0,0,0,7347,2000,2465,20,1984,10,0,0,0,0,0,0,0,0,0,0,0,0,4573,1
2228,G_RANDEL,Paladin Randel,Paladin Randel,160,3163000,0,0,0,1,5537,3017,667,151,291,155,201,101,265,66,10,12,1,7,86,0x36B5,100,76,864,288,0,0,0,0,0,0,0,0,617,10,6224,100,0,0,0,0,0,0,0,0,0,0,0,0,0,0,0,0
2229,G_FLAMEL,Creator Flamel,Creator Flamel,160,2531750,0,0,0,1,2355,2514,253,113,159,175,157,170,237,71,10,12,1,7,83,0x36B5,100,1152,864,288,0,0,0,0,0,0,0,0,617,10,6223,100,0,0,0,0,0,0,0,0,0,0,0,0,0,0,0,0
2230,G_CELIA,Professor Celia,Professor Celia,160,2025160,0,0,0,1,2481,3114,201,543,165,148,171,155,267,85,10,12,1,7,68,0x36B5,100,1152,864,288,0,0,0,0,0,0,0,0,617,10,6224,100,0,0,0,0,0,0,0,0,0,0,0,0,0,0,0,0
2231,G_CHEN,Champion Chen,Champion Chen,160,2236500,1553,0,0,1,3617,1947,216,134,180,165,165,50,298,66,10,12,1,7,81,0x36B5,100,76,768,288,0,0,0,0,0,0,0,0,617,10,6223,100,0,0,0,0,0,0,0,0,0,0,0,0,0,0,0,0
2232,G_GERTIE,Stalker Gertie,Stalker Gertie,160,2135410,0,0,0,1,6162,1274,251,107,217,315,127,51,333,61,10,12,1,6,85,0x36B5,100,76,864,288,0,0,0,0,0,0,0,0,617,10,6224,100,0,0,0,0,0,0,0,0,0,0,0,0,0,0,0,0
2233,G_ALPHOCCIO,Clown Alphoccio,Clown Alphoccio,160,2049620,0,0,0,1,2641,3749,201,109,219,161,130,107,270,99,10,12,1,7,84,0x36B5,150,76,864,288,0,0,0,0,0,0,0,0,617,10,6223,100,0,0,0,0,0,0,0,0,0,0,0,0,0,0,0,0
2234,G_TRENTINI,Gypsy Trentini,Gypsy Trentini,160,2049620,0,0,0,2,2016,4036,181,112,167,247,165,217,233,61,10,12,1,7,84,0x36B5,150,76,864,288,0,0,0,0,0,0,0,0,617,10,6224,100,0,0,0,0,0,0,0,0,0,0,0,0,0,0,0,0
2235,B_RANDEL,Paladin Randel,Paladin Randel,160,6870000,0,30621,29855,1,5537,3017,667,151,291,155,201,101,265,66,10,12,1,7,86,0x36B5,100,76,864,288,15310,10000,12246,5000,617,5000,0,0,616,3000,6224,2000,13062,2000,0,0,0,0,0,0,0,0,0,0,0,0,4565,1
2236,B_FLAMEL,Creator Flamel,Creator Flamel,160,4230000,0,21765,20093,1,2355,2514,253,113,159,175,157,170,237,71,10,12,1,7,83,0x36B5,100,1152,864,288,10882,10000,12246,5000,617,5000,0,0,616,3000,6223,2000,1393,2000,1392,2000,1387,2000,0,0,0,0,0,0,0,0,4563,1
2237,B_CELIA,Professor Celia,Professor Celia,160,3847804,0,20947,19172,1,2481,3114,201,543,165,148,171,155,267,85,10,12,1,7,68,0x36B5,100,1152,864,288,10474,10000,12246,5000,617,5000,0,0,616,3000,6224,2000,2854,2000,0,0,0,0,0,0,0,0,0,0,0,0,4561,1
2238,B_CHEN,Champion Chen,Champion Chen,160,4249350,1553,21307,22420,1,3617,1947,216,134,180,165,165,50,298,66,10,12,1,6,81,0x36B5,100,76,768,288,10653,10000,12246,5000,617,5000,0,0,616,3000,6223,2000,1285,2000,1813,2000,0,0,0,0,0,0,0,0,0,0,4562,1
2239,B_GERTIE,Stalker Gertie,Stalker Gertie,160,4057279,0,18420,20558,1,6162,1274,251,107,217,315,127,51,333,61,10,12,1,6,85,0x36B5,100,76,864,288,9210,10000,12246,5000,617,5000,0,0,616,3000,6224,2000,13070,2000,13069,2000,0,0,0,0,0,0,0,0,0,0,4564,1
2240,B_ALPHOCCIO,Clown Alphoccio,Clown Alphoccio,160,3894278,0,17608,18860,1,2641,3749,201,109,219,161,130,107,270,99,10,12,1,7,84,0x36B5,150,76,864,288,8804,10000,12246,5000,617,5000,0,0,616,3000,6223,2000,18103,2000,0,0,0,0,0,0,0,0,0,0,0,0,4560,1
2241,B_TRENTINI,Gypsy Trentini,Gypsy Trentini,160,3894278,0,18599,19579,2,2016,4036,181,112,167,247,165,217,233,61,10,12,1,7,84,0x36B5,150,76,864,288,9299,10000,12246,5000,617,5000,0,0,616,3000,6224,2000,1985,2000,18103,2000,0,0,0,0,0,0,0,0,0,0,4566,1
2242,MD_DESERT_WOLF,Desert Wolf,Desert Wolf,135,551578,0,0,0,1,676,59,151,39,151,69,63,72,98,42,10,12,1,6,20,0x3985,150,200,420,288,0,0,0,0,0,0,0,0,0,0,0,0,0,0,0,0,0,0,0,0,0,0,0,0,0,0,0,0
2243,MD_DESERT_WOLF_B,Desert Wolf,Desert Wolf,130,274531,0,0,0,1,33,8,13,123,101,12,8,121,17,7,10,12,0,6,20,0x3985,130,200,900,240,0,0,0,0,0,0,0,0,0,0,0,0,0,0,0,0,0,0,0,0,0,0,0,0,0,0,0,0
2244,QUEST_CHEN,Dark Martial Arts Master,Dark Martial Arts Master,130,300,0,0,0,1,103,23,25,56,122,81,83,130,201,61,10,12,1,1,81,0x3885,300,200,768,288,0,0,0,0,0,0,0,0,0,0,0,0,0,0,0,0,0,0,0,0,0,0,0,0,0,0,0,0
2245,EXP_TEST,Experience Test,Experience Test,1,100,0,1,1,1,8,1,2,5,6,1,1,0,6,5,10,12,1,7,21,0x81,400,1000,480,288,0,0,0,0,0,0,0,0,0,0,0,0,0,0,0,0,0,0,0,0,0,0,0,0,0,0,0,0
2246,Q_WOOTAN_FIGHTER,Wootan Fighter,Wootan Fighter,95,9000,0,12,28,1,255,36,103,8,63,14,36,5,62,15,10,12,1,7,43,0x3885,200,912,1344,480,0,0,0,0,0,0,0,0,517,10000,7196,10000,1801,8,1812,1,7939,300,7198,3000,5116,12,0,0,0,0,4261,1
2247,Q_INCREASE_SOIL,Mi Gao,Mi Gao,95,20000,0,12,28,1,365,30,112,39,67,23,41,49,94,30,10,12,1,0,62,0x81,445,106,1056,576,0,0,0,0,0,0,0,0,7264,10000,7004,6900,997,30,969,6,0,0,0,0,0,0,0,0,0,0,4231,1
2248,GOLDPORING,Golden Poring,Golden Poring,15,15,0,0,0,1,10,10,160,5,1,1,1,1,999,1,10,12,1,3,21,0x81,400,1872,672,480,0,0,0,0,0,0,0,0,909,1500,508,500,509,250,912,400,0,0,0,0,0,0,0,0,0,0,0,0
2249,PYURIEL,Angry Student Pyuriel,Angry Student Pyuriel,141,2205000,0,12501,18333,2,2515,1513,388,206,196,131,125,276,401,156,10,12,1,7,83,0x36B5,100,576,1380,360,6251,10000,12246,5000,617,5000,0,0,617,3000,616,500,0,0,0,0,0,0,0,0,0,0,0,0,0,0,4578,1
2250,LORA,Warrior Laura,Warrior Laura,136,500255,0,138,211,2,1985,1701,224,58,144,92,86,69,149,68,10,12,0,7,43,0x36B5,130,1600,432,360,0,0,0,0,0,0,0,0,617,3000,616,50,0,0,0,0,0,0,0,0,0,0,0,0,0,0,4579,1
2251,GIOIA,Gioia,Gioia,146,2507989,0,12529,19915,1,1105,2601,436,218,180,201,156,190,299,77,10,12,2,0,84,0x36B5,100,1344,2592,432,6264,10000,12246,5000,617,5000,0,0,617,3000,616,500,0,0,0,0,0,0,0,0,0,0,0,0,0,0,4576,1
2252,ELVIRA,Elvira,Elvira,138,501765,0,149,207,3,699,2101,171,68,189,105,92,85,198,72,10,12,0,0,64,0x36B5,120,880,1224,360,0,0,0,0,0,0,0,0,617,3000,616,50,0,0,0,0,0,0,0,0,0,0,0,0,0,0,4577,1
2253,DAEHYON,General Daehyun,General Daehyun,142,2500148,0,12513,19467,2,2710,1410,494,123,116,123,154,99,217,98,10,12,2,7,62,0x36B5,100,900,792,432,6256,10000,12246,5000,617,5000,0,0,617,3000,616,500,0,0,0,0,0,0,0,0,0,0,0,0,0,0,4574,1
2254,SOHEON,Samurai Soheon,Samurai Soheon,137,502015,0,131,192,2,1591,1036,210,178,118,244,98,126,246,102,10,12,1,7,64,0x36B5,120,1000,1008,432,0,0,0,0,0,0,0,0,617,3000,616,50,0,0,0,0,0,0,0,0,0,0,0,0,0,0,4575,1
2255,KADES,Dark Guardian Kades,Dark Guardian Kades,143,2505000,0,13367,20014,1,2201,2001,479,262,191,223,187,155,362,163,10,12,2,0,67,0x36B5,100,900,648,480,6683,10000,12246,5000,617,5000,0,0,617,3000,616,500,0,0,0,0,0,0,0,0,0,0,0,0,0,0,4580,1
2256,RUDO,Rudo,Rudo,135,501489,0,114,190,1,1401,1501,196,96,106,65,61,42,125,72,10,12,0,8,66,0x36B5,120,1576,504,360,0,0,0,0,0,0,0,0,617,3000,616,50,0,0,0,0,0,0,0,0,0,0,0,0,0,0,4581,1
2257,I_PIAMETTE,Piamette,Piamette,0,0,0,0,0,1,0,0,0,0,0,0,0,0,0,0,10,12,0,0,20,0x3295,200,1000,500,500,0,0,0,0,0,0,0,0,0,0,0,0,0,0,0,0,0,0,0,0,0,0,0,0,0,0,0,0
2258,I_PIAMETTE_,Piamette,Piamette,0,0,0,0,0,1,0,0,0,0,0,0,0,0,0,0,10,12,0,0,20,0x3295,200,1000,500,500,0,0,0,0,0,0,0,0,0,0,0,0,0,0,0,0,0,0,0,0,0,0,0,0,0,0,0,0
2259,I_GARDEN_KEEPER,Garden Keeper,Garden Keeper,0,0,0,0,0,1,0,0,0,0,0,0,0,0,0,0,10,12,0,0,20,0x3295,200,1000,500,500,0,0,0,0,0,0,0,0,0,0,0,0,0,0,0,0,0,0,0,0,0,0,0,0,0,0,0,0
2260,G_GARDEN_KEEPER,Garden Keeper,Garden Keeper,0,0,0,0,0,1,0,0,0,0,0,0,0,0,0,0,10,12,0,0,20,0x3295,200,1000,500,500,0,0,0,0,0,0,0,0,0,0,0,0,0,0,0,0,0,0,0,0,0,0,0,0,0,0,0,0
2261,I_GARDEN_WATCHER,Garden Watcher,Garden Watcher,0,0,0,0,0,1,0,0,0,0,0,0,0,0,0,0,10,12,0,0,20,0x3295,200,1000,500,500,0,0,0,0,0,0,0,0,0,0,0,0,0,0,0,0,0,0,0,0,0,0,0,0,0,0,0,0
2262,G_GARDEN_WATCHER,Garden Watcher,Garden Watcher,0,0,0,0,0,1,0,0,0,0,0,0,0,0,0,0,10,12,0,0,20,0x3295,200,1000,500,500,0,0,0,0,0,0,0,0,0,0,0,0,0,0,0,0,0,0,0,0,0,0,0,0,0,0,0,0
2263,I_WISH_MAIDEN,Wish Maiden,Wish Maiden,0,0,0,0,0,1,0,0,0,0,0,0,0,0,0,0,10,12,0,0,20,0x3295,200,1000,500,500,0,0,0,0,0,0,0,0,0,0,0,0,0,0,0,0,0,0,0,0,0,0,0,0,0,0,0,0
2264,I_ARMAIA,Armeyer Dinze,Armeyer Dinze,0,0,0,0,0,1,0,0,0,0,0,0,0,0,0,0,10,12,0,0,20,0x3295,200,1000,500,500,0,0,0,0,0,0,0,0,0,0,0,0,0,0,0,0,0,0,0,0,0,0,0,0,0,0,0,0
2265,I_ARMAIA_,Armeyer Dinze,Armeyer Dinze,0,0,0,0,0,1,0,0,0,0,0,0,0,0,0,0,10,12,0,0,20,0x3295,200,1000,500,500,0,0,0,0,0,0,0,0,0,0,0,0,0,0,0,0,0,0,0,0,0,0,0,0,0,0,0,0
2266,I_EREND,Errende Ebecee,Errende Ebecee,0,0,0,0,0,1,0,0,0,0,0,0,0,0,0,0,10,12,0,0,20,0x3295,200,1000,500,500,0,0,0,0,0,0,0,0,0,0,0,0,0,0,0,0,0,0,0,0,0,0,0,0,0,0,0,0
2267,I_EREND_,Errende Ebecee,Errende Ebecee,0,0,0,0,0,1,0,0,0,0,0,0,0,0,0,0,10,12,0,0,20,0x3295,200,1000,500,500,0,0,0,0,0,0,0,0,0,0,0,0,0,0,0,0,0,0,0,0,0,0,0,0,0,0,0,0
2268,I_KAVAC,Kavach Icarus,Kavach Icarus,0,0,0,0,0,1,0,0,0,0,0,0,0,0,0,0,10,12,0,0,20,0x3295,200,1000,500,500,0,0,0,0,0,0,0,0,0,0,0,0,0,0,0,0,0,0,0,0,0,0,0,0,0,0,0,0
2269,I_KAVAC_,Kavach Icarus,Kavach Icarus,0,0,0,0,0,1,0,0,0,0,0,0,0,0,0,0,10,12,0,0,20,0x3295,200,1000,500,500,0,0,0,0,0,0,0,0,0,0,0,0,0,0,0,0,0,0,0,0,0,0,0,0,0,0,0,0
2270,I_RAWREL,Laurell Weinder,Laurell Weinder,0,0,0,0,0,1,0,0,0,0,0,0,0,0,0,0,10,12,0,0,20,0x3295,200,1000,500,500,0,0,0,0,0,0,0,0,0,0,0,0,0,0,0,0,0,0,0,0,0,0,0,0,0,0,0,0
2271,I_RAWREL_,Laurell Weinder,Laurell Weinder,0,0,0,0,0,1,0,0,0,0,0,0,0,0,0,0,10,12,0,0,20,0x3295,200,1000,500,500,0,0,0,0,0,0,0,0,0,0,0,0,0,0,0,0,0,0,0,0,0,0,0,0,0,0,0,0
2272,I_WHIKEBAIN,Wickebine Tres,Wickebine Tres,0,0,0,0,0,1,0,0,0,0,0,0,0,0,0,0,10,12,0,0,20,0x3295,200,1000,500,500,0,0,0,0,0,0,0,0,0,0,0,0,0,0,0,0,0,0,0,0,0,0,0,0,0,0,0,0
2273,I_WHIKEBAIN_,Wickebine Tres,Wickebine Tres,0,0,0,0,0,1,0,0,0,0,0,0,0,0,0,0,10,12,0,0,20,0x3295,200,1000,500,500,0,0,0,0,0,0,0,0,0,0,0,0,0,0,0,0,0,0,0,0,0,0,0,0,0,0,0,0
2274,I_YGNIZEM,Egnigem Cenia,Egnigem Cenia,0,0,0,0,0,1,0,0,0,0,0,0,0,0,0,0,10,12,0,0,20,0x3295,200,1000,500,500,0,0,0,0,0,0,0,0,0,0,0,0,0,0,0,0,0,0,0,0,0,0,0,0,0,0,0,0
2275,I_YGNIZEM_,Egnigem Cenia,Egnigem Cenia,0,0,0,0,0,1,0,0,0,0,0,0,0,0,0,0,10,12,0,0,20,0x3295,200,1000,500,500,0,0,0,0,0,0,0,0,0,0,0,0,0,0,0,0,0,0,0,0,0,0,0,0,0,0,0,0
2276,I_DOPPELGANGER,Doppelganger,Doppelganger,0,0,0,0,0,1,0,0,0,0,0,0,0,0,0,0,10,12,0,0,20,0x3295,200,1000,500,500,0,0,0,0,0,0,0,0,0,0,0,0,0,0,0,0,0,0,0,0,0,0,0,0,0,0,0,0
2277,G_LORA,Warrior Laura,Warrior Laura,136,500255,0,0,0,2,1985,1701,224,58,144,92,86,69,149,68,10,12,0,7,43,0x36B5,130,1600,432,360,0,0,0,0,0,0,0,0,0,0,0,0,0,0,0,0,0,0,0,0,0,0,0,0,0,0,0,0
2278,G_ELVIRA,Elvira,Elvira,138,501765,0,0,0,3,699,2101,171,68,189,105,92,85,198,72,10,12,0,0,64,0x36B5,120,880,1224,360,0,0,0,0,0,0,0,0,0,0,0,0,0,0,0,0,0,0,0,0,0,0,0,0,0,0,0,0
2279,G_SOHEON,Samurai Soheon,Samurai Soheon,137,502015,0,0,0,2,1591,1036,210,178,118,244,98,126,246,102,10,12,1,7,64,0x36B5,120,1000,1008,432,0,0,0,0,0,0,0,0,0,0,0,0,0,0,0,0,0,0,0,0,0,0,0,0,0,0,0,0
2280,G_RUDO,Rudo,Rudo,135,501489,0,0,0,1,1401,1501,196,96,106,65,61,42,125,72,10,12,0,8,66,0x36B5,120,1576,504,360,0,0,0,0,0,0,0,0,0,0,0,0,0,0,0,0,0,0,0,0,0,0,0,0,0,0,0,0
2281,GLD_DARK_SHADOW,Dark Shadow,Dark Shadow,147,204109,0,96,185,1,1653,1621,140,44,155,126,89,108,213,76,10,12,0,0,47,0x3095,220,768,1776,648,0,0,0,0,0,0,0,0,7205,2500,2609,500,13038,3,6089,500,2783,1,6224,2,0,0,0,0,0,0,0,0
2282,GLD_DARK_FRAME,Dark Frame,Dark Frame,145,180018,0,84,183,1,1850,1601,81,37,69,37,36,10,64,5,10,12,1,6,67,0x3795,200,920,720,200,0,0,0,0,0,0,0,0,7054,2328,734,500,2505,15,1587,1,1000,40,747,2,0,0,0,0,0,0,0,0
2283,GLD_DARK_PRIEST,Dark Priest,Dark Priest,141,181878,0,88,198,2,1326,1651,62,41,5,60,41,89,94,42,10,12,1,6,89,0x318D,200,864,1252,476,0,0,0,0,0,0,0,0,1586,1,716,225,1009,1,2319,3,7005,1500,0,0,0,0,0,0,0,0,0,0
2284,GLD_KOBOLD_1,Dark Axe Kobold,Dark Axe Kobold,145,194830,0,92,197,1,1851,201,103,25,109,76,61,53,98,30,10,12,1,7,44,0x308D,150,1028,528,360,0,0,0,0,0,0,0,0,999,50,1034,2668,912,350,985,13,1396,1,0,0,0,0,0,0,0,0,0,0
2285,GLD_KOBOLD_2,Dark Hammer Kobold,Dark Hammer Kobold,142,181340,0,86,186,1,1401,133,117,59,96,61,55,48,95,20,10,12,1,7,45,0x308D,200,1528,528,360,0,0,0,0,0,0,0,0,999,50,1034,2668,912,350,985,13,1396,1,0,0,0,0,0,0,0,0,0,0
2286,GLD_KOBOLD_3,Dark Mace Kobold,Dark Mace Kobold,141,182830,0,84,189,1,1301,134,109,48,103,64,59,42,80,20,10,12,1,7,43,0x308D,300,1228,528,360,0,0,0,0,0,0,0,0,999,50,1034,2668,912,350,985,13,1436,1,0,0,0,0,0,0,0,0,0,0
2287,GLD_KOBOLD_ARCHER,Dark Kobold Archer,Dark Kobold Archer,142,180530,0,88,185,9,1504,121,84,5,99,39,48,30,124,25,10,12,0,7,23,0x2085,200,1008,1008,384,0,0,0,0,0,0,0,0,912,125,999,30,1034,2425,5118,25,18114,5,756,40,0,0,0,0,0,0,0,0
2288,GLD_TREASURE,Treasure Chest,Treasure Chest,140,5,0,0,0,1,0,0,100,0,0,0,0,0,1199,0,0,0,0,0,26,0x20,200,1000,500,500,0,0,0,0,0,0,0,0,7444,50,1661,10,0,0,0,0,0,0,0,0,0,0,0,0,0,0,0,0
2289,E_FABRE,Fabre,Fabre,0,0,0,0,0,1,0,0,0,0,0,0,0,0,0,0,10,12,0,0,20,0x0,200,1000,500,500,0,0,0,0,0,0,0,0,7054,10000,12735,150,512,100,7063,8000,509,5000,970,100,0,0,0,0,0,0,0,0
2290,J_THIEF_BUG,Thief Bug,Thief Bug,0,0,0,0,0,1,0,0,0,0,0,0,0,0,0,0,10,12,0,0,20,0x0,200,1000,500,500,0,0,0,0,0,0,0,0,7054,10000,12735,150,1471,100,512,100,7063,8000,509,5000,971,100,0,0,0,0,0,0
2291,E_HORNET,Hornet,Hornet,0,0,0,0,0,1,0,0,0,0,0,0,0,0,0,0,10,12,0,0,20,0x0,200,1000,500,500,0,0,0,0,0,0,0,0,7054,10000,12735,150,1138,100,512,100,7063,8000,509,5000,971,100,0,0,0,0,0,0
2292,E_HORN,Horn,Horn,0,0,0,0,0,1,0,0,0,0,0,0,0,0,0,0,10,12,0,0,20,0x0,200,1000,500,500,0,0,0,0,0,0,0,0,7054,10000,12735,300,1918,500,7063,8000,509,5000,972,100,0,0,0,0,0,0,0,0
2293,E_KIND_OF_BEETLE,Beetle King,Beetle King,0,0,0,0,0,1,0,0,0,0,0,0,0,0,0,0,10,12,0,0,20,0x0,200,1000,500,500,0,0,0,0,0,0,0,0,7054,10000,12735,600,5172,1000,1148,1000,7063,8000,509,5000,972,100,0,0,0,0,0,0
2294,E_ARGIOPE,Argiope,Argiope,0,0,0,0,0,1,0,0,0,0,0,0,0,0,0,0,10,12,0,0,20,0x0,200,1000,500,500,0,0,0,0,0,0,0,0,7054,10000,12735,200,2004,200,984,500,985,1500,6224,1000,6223,100,0,0,0,0,0,0
2295,E_GIANT_SPIDER,Giant Spider,Giant Spider,0,0,0,0,0,1,0,0,0,0,0,0,0,0,0,0,10,12,0,0,20,0x0,200,1000,500,500,0,0,0,0,0,0,0,0,7054,10000,12735,200,1196,200,984,500,985,1500,6224,1000,6223,100,0,0,0,0,0,0
2296,E_KILLER_MANTIS,Killer Mantis,Killer Mantis,0,0,0,0,0,1,0,0,0,0,0,0,0,0,0,0,10,12,0,0,20,0x0,200,1000,500,500,0,0,0,0,0,0,0,0,7054,10000,12735,200,1716,200,984,500,985,1500,6224,1000,6223,100,0,0,0,0,0,0
2297,E_GIANT_HONET,Giant Hornet,Giant Hornet,0,0,0,0,0,1,0,0,0,0,0,0,0,0,0,0,10,12,0,0,20,0x0,200,1000,500,500,0,0,0,0,0,0,0,0,7054,10000,12735,200,1918,200,984,500,985,1500,6224,1000,6223,100,0,0,0,0,0,0
2298,E_DRAGON_TAIL,Dragon Tail,Dragon Tail,0,0,0,0,0,1,0,0,0,0,0,0,0,0,0,0,10,12,0,0,20,0x0,200,1000,500,500,0,0,0,0,0,0,0,0,7054,10000,12735,200,7513,200,984,500,985,1500,6224,1000,6223,100,0,0,0,0,0,0
2299,E_STAINER,Stainer,Stainer,0,0,0,0,0,1,0,0,0,0,0,0,0,0,0,0,10,12,0,0,20,0x0,200,1000,500,500,0,0,0,0,0,0,0,0,7054,10000,12735,200,984,500,985,1500,6224,1000,6223,100,0,0,0,0,0,0,0,0
2300,E_CHONCHON,Chonchon,Chonchon,0,0,0,0,0,1,0,0,0,0,0,0,0,0,0,0,10,12,0,0,20,0x0,200,1000,500,500,0,0,0,0,0,0,0,0,7054,10000,12735,200,13431,200,984,500,985,1500,6224,1000,6223,100,0,0,0,0,0,0
2301,E_STEEL_CHONCHON,Steel Chonchon,Steel Chonchon,0,0,0,0,0,1,0,0,0,0,0,0,0,0,0,0,0,0,0,0,20,0x0,200,1000,500,500,0,0,0,0,0,0,0,0,0,0,0,0,0,0,0,0,0,0,0,0,0,0,0,0,0,0,0,0
2302,E_HUNTER_FLY,Hunter Fly,Hunter Fly,0,0,0,0,0,1,0,0,0,0,0,0,0,0,0,0,10,12,0,0,20,0x0,200,1000,500,500,0,0,0,0,0,0,0,0,0,0,0,0,0,0,0,0,0,0,0,0,0,0,0,0,0,0,0,0
2303,E_MAYA,Maya,Maya,0,0,0,0,0,1,0,0,0,0,0,0,0,0,0,0,10,12,0,0,20,0x0,200,1000,500,500,0,0,0,0,0,0,0,0,0,0,0,0,0,0,0,0,0,0,0,0,0,0,0,0,0,0,0,0
2304,E_QUEEN_SCARABA,Queen Scaraba,Queen Scaraba,0,0,0,0,0,1,0,0,0,0,0,0,0,0,0,0,10,12,0,0,20,0x0,200,1000,500,500,0,0,0,0,0,0,0,0,0,0,0,0,0,0,0,0,0,0,0,0,0,0,0,0,0,0,0,0
2305,E_UNGOLIANT,Ungoliant,Ungoliant,0,0,0,0,0,1,0,0,0,0,0,0,0,0,0,0,10,12,0,0,20,0x0,200,1000,500,500,0,0,0,0,0,0,0,0,0,0,0,0,0,0,0,0,0,0,0,0,0,0,0,0,0,0,0,0
2306,E_GOLDEN_BUG,Golden Thief Bug,Golden Thief Bug,65,100000000,0,850,1080,1,952,843,159,81,71,77,80,62,140,76,10,12,2,4,43,0x36B5,100,768,768,480,0,0,617,5000,617,5000,617,5000,614,5000,988,5000,2610,10000,969,10000,969,10000,969,5000,0,0,0,0,0,0,4128,1
2307,J_MISTRESS,Mistress,Mistress,0,0,0,0,0,1,0,0,0,0,0,0,0,0,0,0,10,12,0,0,20,0x0,200,1000,500,500,0,0,0,0,0,0,0,0,0,0,0,0,0,0,0,0,0,0,0,0,0,0,0,0,0,0,0,0
2308,KO_KAGE,Zanzou,Zanzou,140,5,0,0,0,1,0,0,100,0,0,0,0,0,1199,0,10,12,0,0,26,0x20,200,1000,500,500,0,0,0,0,0,0,0,0,0,0,0,0,0,0,0,0,0,0,0,0,0,0,0,0,0,0,0,0
2309,BUNGISNGIS,Bungisngis,Bungisngis,121,33102,0,27,41,1,1130,151,115,35,71,32,61,30,74,19,10,12,2,7,42,0x3095,200,1568,432,360,0,0,0,0,0,0,0,0,7054,1000,985,10,0,0,0,0,0,0,0,0,0,0,0,0,0,0,4582,1
2310,ENGKANTO,Engkanto,Engkanto,125,29275,0,26,42,1,1001,124,101,41,68,57,49,57,81,27,10,12,1,7,40,0x3295,200,1424,576,360,0,0,0,0,0,0,0,0,7054,1000,528,1000,0,0,0,0,0,0,0,0,0,0,0,0,0,0,4583,1
2311,MANANANGGAL,Manananggal,Manananggal,107,15656,0,15,24,1,534,103,64,31,75,85,45,71,75,46,10,12,1,6,47,0x3985,100,280,720,360,0,0,0,0,0,0,0,0,7006,1000,913,1000,0,0,0,0,0,0,0,0,0,0,0,0,0,0,4584,1
2312,MANGKUKULAM,Mangkukulam,Mangkukulam,110,14557,0,16,25,1,656,196,89,75,35,71,31,82,64,52,10,12,1,6,40,0x3985,150,1664,336,480,0,0,0,0,0,0,0,0,7054,1000,7071,1000,0,0,0,0,0,0,0,0,0,0,0,0,0,0,4585,1
2313,TIKBALANG,Tikbalang,Tikbalang,115,20150,0,19,30,1,842,115,84,34,71,52,84,44,64,46,10,12,2,2,64,0x3295,130,1064,936,360,0,0,0,0,0,0,0,0,984,10,0,0,0,0,0,0,0,0,0,0,0,0,0,0,0,0,4586,1
2314,TIYANAK,Tiyanak,Tiyanak,105,11589,0,14,21,1,441,251,76,21,41,58,41,51,72,47,10,12,0,6,47,0x3985,100,496,504,360,0,0,0,0,0,0,0,0,938,1000,0,0,0,0,0,0,0,0,0,0,0,0,0,0,0,0,0,0
2315,WAKWAK,Wakwak,Wakwak,111,17869,0,18,29,1,544,301,24,71,54,75,64,65,77,31,10,12,0,6,47,0x3985,100,424,576,360,0,0,0,0,0,0,0,0,0,0,0,0,0,0,0,0,0,0,0,0,0,0,0,0,0,0,4588,1
2316,JEJELING,Jejeling,Jejeling,100,10617,0,12,18,1,563,715,100,26,51,71,84,54,15,104,10,12,2,3,42,0x91,400,1328,672,480,0,0,0,0,0,0,0,0,909,1000,0,0,0,0,0,0,0,0,0,0,0,0,0,0,0,0,4589,1
2317,BANGUNGOT_1,Bangungot,Bangungot,115,1519517,0,0,0,1,2561,1504,411,95,151,192,110,112,251,57,10,12,1,6,47,0x36B5,200,920,1080,360,0,0,0,0,0,0,0,0,0,0,0,0,0,0,0,0,0,0,0,0,0,0,0,0,0,0,4590,1
2318,BANGUNGOT_2,Bangungot,Bangungot,99,1409758,0,0,0,1,2561,1504,411,95,151,192,110,112,251,57,10,12,1,6,47,0x20,1000,920,1080,360,0,0,0,0,0,0,0,0,0,0,0,0,0,0,0,0,0,0,0,0,0,0,0,0,0,0,4590,1
2319,BUWAYA,Buwaya,Buwaya,151,4090365,0,25000,42802,1,3614,3501,201,78,151,201,130,231,310,66,10,12,2,9,81,0x36B5,100,1424,576,360,12500,10000,617,5500,0,0,0,0,0,0,0,0,0,0,0,0,0,0,0,0,0,0,0,0,0,0,4592,1
2320,BAKONAWA_1,Bakonawa,Bakonawa,156,3351884,0,0,0,10,4801,2501,472,0,251,134,194,70,237,66,10,12,2,9,81,0xA4,1000,440,672,432,0,0,0,0,0,0,0,0,0,0,0,0,0,0,0,0,0,0,0,0,0,0,0,0,0,0,4591,1
2321,BAKONAWA_2,Bakonawa,Bakonawa,156,3351884,0,0,0,10,4801,2501,472,0,251,134,194,70,237,66,10,12,2,9,81,0xA4,1000,440,672,432,0,0,0,0,0,0,0,0,0,0,0,0,0,0,0,0,0,0,0,0,0,0,0,0,0,0,4591,1
2322,BAKONAWA_3,Bakonawa,Bakonawa,156,3351884,0,20918,35829,10,4801,2501,472,0,251,134,194,70,237,66,10,12,2,9,81,0xA4,1000,440,672,432,0,0,617,5500,0,0,0,0,0,0,0,0,0,0,0,0,0,0,0,0,0,0,0,0,0,0,4591,1
2323,EVENT_BOMB,Bomb Poring,Bomb Poring,100,50000,0,0,0,1,120,200,160,99,1,28,28,0,33,50,10,12,0,0,20,0xB6B5,200,1672,672,480,0,0,0,0,0,0,0,0,664,1000,665,1000,666,1000,667,1000,0,0,0,0,0,0,0,0,0,0,0,0
2324,EVENT_RANGE,Penomena,Penomena,100,50000,0,0,0,7,481,41,160,99,76,38,35,35,107,10,10,12,1,5,25,0xB695,200,832,500,600,0,0,0,0,0,0,0,0,664,1000,665,1000,666,1000,667,1000,0,0,0,0,0,0,0,0,0,0,0,0
2325,M_BAPHOMET_,Baphomet,Baphomet,57,7510,204,0,0,1,810,145,70,40,52,60,36,17,57,25,10,12,0,6,27,0x3795,100,868,480,120,0,0,0,0,0,0,0,0,0,0,0,0,0,0,0,0,0,0,0,0,0,0,0,0,0,0,0,0
2326,M_GALAPAGO,Galapago,Galapago,45,7513,201,0,0,1,760,155,70,40,30,28,29,18,30,16,10,12,0,2,22,0x3695,165,1430,1080,1080,0,0,0,0,0,0,0,0,0,0,0,0,0,0,0,0,0,0,0,0,0,0,0,0,0,0,0,0
2327,BANGUNGOT_3,Bangungot,Bangungot,115,250,0,6513,11629,1,2561,1504,411,95,151,192,110,112,251,57,10,12,1,6,47,0x20,1000,1000,500,500,0,0,617,5500,0,0,0,0,0,0,0,0,0,0,0,0,0,0,0,0,0,0,0,0,0,0,4590,1
2328,MA_DRUM,Drum,Drum,1,200,0,0,0,1,1,1,100,99,0,0,0,0,0,0,10,12,0,0,20,0x0,1000,1,1,1,0,0,0,0,0,0,0,0,0,0,0,0,0,0,0,0,0,0,0,0,0,0,0,0,0,0,0,0
2329,BUWAYA_EGG,Buwaya's Egg,Buwaya's Egg,100,10000,0,0,0,1,1,1,90,90,1,1,1,1,1,1,10,12,0,0,60,0x0,1000,1001,1,1,0,0,0,0,0,0,0,0,0,0,0,0,0,0,0,0,0,0,0,0,0,0,0,0,0,0,0,0
2330,BUWAYA_SLAVE,Slave,Slave,135,20145,0,0,0,1,2413,2041,105,71,151,120,110,102,143,61,10,12,0,3,22,0x3695,200,576,960,504,0,0,0,0,0,0,0,0,0,0,0,0,0,0,0,0,0,0,0,0,0,0,0,0,0,0,0,0
2331,MA_SEAW,Seaweed,Seaweed,100,10,0,0,0,1,1,1,1,1,1,1,1,1,1,1,10,12,0,5,21,0x84,1000,384,720,360,0,0,0,0,0,0,0,0,0,0,0,0,0,0,0,0,0,0,0,0,0,0,0,0,0,0,0,0
2332,BUWAYA_GHOST,Buwaya,Buwaya,138,30000,0,0,0,1,1280,1252,481,78,201,248,174,112,371,57,10,12,0,3,81,0x36B5,100,1424,576,360,0,0,0,0,0,0,0,0,0,0,0,0,0,0,0,0,0,0,0,0,0,0,0,0,0,0,0,0
2333,BUWAYA_WEAK,Weakpoint,Weakpoint,138,20,0,0,0,1,0,1,100,78,0,0,0,0,0,0,10,12,0,3,81,0x20,1000,1,1,1,0,0,0,0,0,0,0,0,0,0,0,0,0,0,0,0,0,0,0,0,0,0,0,0,0,0,0,0
2334,G_WAKWAK,Wakwak,Wakwak,145,194830,0,0,0,1,1544,3171,24,104,101,154,104,184,151,71,10,12,0,6,47,0x3985,100,424,576,360,0,0,0,0,0,0,0,0,0,0,0,0,0,0,0,0,0,0,0,0,0,0,0,0,0,0,0,0
2335,MA_TREASURE,Bakonawa's Treasure,Bakonawa's Treasure,140,5,0,0,0,1,0,0,100,0,0,0,0,0,1199,0,10,12,0,0,26,0x20,200,1000,500,500,0,0,0,0,0,0,0,0,969,1,0,0,0,0,0,0,0,0,0,0,0,0,0,0,0,0,4591,1
2336,DOMOVOI,Domovoi,Domovoi,38,694,0,1,2,1,64,11,40,0,20,11,34,20,19,10,10,12,0,2,22,0x0,200,800,1200,288,0,0,0,0,0,0,0,0,0,0,0,0,0,0,0,0,0,0,0,0,0,0,0,0,0,0,0,0
2337,HIDDEN_MOB,Monster,Monster,151,10000,200,0,0,7,0,1000,200,10,200,200,200,200,200,200,12,12,0,4,88,0x184,1000,1000,1000,500,0,0,0,0,0,0,0,0,0,0,0,0,0,0,0,0,0,0,0,0,0,0,0,0,0,0,0,0
2338,MD_MANANANGGAL,Manananggal,Manananggal,107,204511,0,0,0,1,801,103,64,31,75,85,45,71,75,46,10,12,1,6,47,0x3985,100,280,720,360,0,0,0,0,0,0,0,0,0,0,0,0,0,0,0,0,0,0,0,0,0,0,0,0,0,0,0,0
2339,MD_MANGKUKULAM,Mangkukulam,Mangkukulam,110,102154,0,0,0,1,582,196,89,75,35,71,31,82,64,52,10,12,1,6,40,0x3985,150,1664,336,480,0,0,0,0,0,0,0,0,0,0,0,0,0,0,0,0,0,0,0,0,0,0,0,0,0,0,0,0
2340,MD_TIYANAK,Tiyanak,Tiyanak,105,50211,0,0,0,1,457,251,76,21,41,58,41,51,72,47,10,12,0,6,47,0x3985,100,496,504,360,0,0,0,0,0,0,0,0,0,0,0,0,0,0,0,0,0,0,0,0,0,0,0,0,0,0,0,0
2341,RWC_BOSS2011,2011 RWC Boss,2011 RWC Boss,141,3205000,0,10833,16806,3,7343,4412,588,506,196,131,125,276,401,156,10,12,2,8,86,0x36B5,100,576,576,480,5417,10000,12246,5000,12246,5000,12246,5000,12539,5000,7444,5000,12549,5000,617,5000,0,0,0,0,0,0,0,0,0,0,0,0
2342,MER_DIABOLIC,Diabolic,Diabolic,83,9815,234,0,0,2,1100,200,60,60,85,90,71,43,85,105,10,12,0,6,47,0x100,150,1080,780,180,0,0,0,0,0,0,0,0,0,0,0,0,0,0,0,0,0,0,0,0,0,0,0,0,0,0,0,0
2343,HIDDEN_MOB_W,Hidden Mob,Hidden Mob,151,10000,200,0,0,7,0,1000,200,10,200,200,200,200,200,200,12,12,0,4,88,0x184,1000,1000,2000,500,0,0,0,0,0,0,0,0,0,0,0,0,0,0,0,0,0,0,0,0,0,0,0,0,0,0,0,0
2344,MER_WISH_MAIDEN,Wish Maiden,Wish Maiden,83,9815,234,0,0,2,1100,200,60,60,85,90,71,43,85,105,10,12,0,6,47,0x100,150,1080,780,180,0,0,0,0,0,0,0,0,0,0,0,0,0,0,0,0,0,0,0,0,0,0,0,0,0,0,0,0
2345,MER_ZHERLTHSH,Zealotus,Zealotus,83,9815,234,0,0,2,1100,200,60,60,85,90,71,43,85,105,10,12,0,6,47,0x100,150,1080,780,180,0,0,0,0,0,0,0,0,0,0,0,0,0,0,0,0,0,0,0,0,0,0,0,0,0,0,0,0
2346,MER_KTULLANUX,Ktullanux,Ktullanux,83,9815,234,0,0,2,1100,200,60,60,85,90,71,43,85,105,10,12,0,6,47,0x100,150,1080,780,180,0,0,0,0,0,0,0,0,0,0,0,0,0,0,0,0,0,0,0,0,0,0,0,0,0,0,0,0
2347,MER_EDDGA,Eddga,Eddga,83,9815,234,0,0,2,1100,200,60,60,85,90,71,43,85,105,10,12,0,6,47,0x100,150,1080,780,180,0,0,0,0,0,0,0,0,0,0,0,0,0,0,0,0,0,0,0,0,0,0,0,0,0,0,0,0
2348,MER_CIVIL_SERVANT,Mao Guai,Mao Guai,83,9815,234,0,0,2,1100,200,60,60,85,90,71,43,85,105,10,12,0,6,47,0x100,150,1080,780,180,0,0,0,0,0,0,0,0,0,0,0,0,0,0,0,0,0,0,0,0,0,0,0,0,0,0,0,0
2349,MER_LOLI_RURI,Loli Ruri,Loli Ruri,83,9815,234,0,0,2,1100,200,60,60,85,90,71,43,85,105,10,12,0,6,47,0x100,150,1080,780,180,0,0,0,0,0,0,0,0,0,0,0,0,0,0,0,0,0,0,0,0,0,0,0,0,0,0,0,0
2350,MER_SEDORA,Sedora,Sedora,83,9815,234,0,0,2,1100,200,60,60,85,90,71,43,85,105,10,12,0,6,47,0x100,150,1080,780,180,0,0,0,0,0,0,0,0,0,0,0,0,0,0,0,0,0,0,0,0,0,0,0,0,0,0,0,0
2351,MER_CHEPET,Chepet,Chepet,83,9815,234,0,0,2,1100,200,60,60,85,90,71,43,85,105,10,12,0,6,47,0x100,150,1080,780,180,0,0,0,0,0,0,0,0,0,0,0,0,0,0,0,0,0,0,0,0,0,0,0,0,0,0,0,0
2352,E_RSX_0805,RSX 0805,RSX 0805,100,10000000,0,0,0,1,1000,500,400,200,100,1,110,1,100,1,10,12,2,0,60,0x36B5,220,128,1104,240,0,0,7444,10000,7444,10000,7510,10000,1832,2500,1660,2500,2014,2500,1291,2500,2013,2500,2012,2500,16018,2500,2011,2500,0,0,0,0
2353,N_MINOROUS,Minorous (Nightmare),Minorous (Nightmare),121,27346,0,25,41,1,995,154,131,41,71,47,51,51,81,30,10,12,2,2,43,0x3695,200,1360,960,432,0,0,0,0,0,0,0,0,941,5000,756,200,1361,2,1005,10,6254,100,568,300,0,0,0,0,0,0,4655,1
2354,N_MUMMY,Mummy (Nightmare),Mummy (Nightmare),117,26177,0,24,33,1,812,192,110,21,61,5,21,1,72,0,10,12,1,1,49,0x3695,300,1772,72,384,0,0,0,0,0,0,0,0,930,9000,756,100,934,500,2604,2,2611,10,525,250,508,1000,0,0,0,0,4656,1
2355,N_VERIT,Verit (Nightmare),Verit (Nightmare),115,20150,0,21,28,1,766,142,82,20,57,7,31,15,7,7,10,12,1,1,29,0x3695,250,2468,768,480,0,0,0,0,0,0,0,0,929,9000,912,700,930,1100,509,600,2609,2,2612,200,639,20,0,0,0,0,4658,1
2356,N_MIMIC,Mimic (Nightmare),Mimic (Nightmare),137,63101,0,27,50,1,1345,413,210,40,71,180,35,21,61,0,10,12,1,0,60,0x3695,100,972,500,288,0,0,0,0,0,0,0,0,617,6,603,50,1065,1200,7938,1000,2626,2,757,270,0,0,0,0,0,0,4654,1
2357,G_N_MIMIC,Mimic (Nightmare),Mimic (Nightmare),137,63101,0,0,0,1,1345,413,210,40,71,180,35,21,61,0,10,12,1,0,60,0x3695,100,972,500,288,0,0,0,0,0,0,0,0,0,0,0,0,0,0,0,0,0,0,0,0,0,0,0,0,0,0,0,0
2358,N_ARCLOUSE,Arclouze (Nightmare),Arclouze (Nightmare),134,48013,0,21,42,1,1104,341,101,45,65,85,51,45,251,31,10,12,1,4,42,0x3795,100,960,500,480,0,0,0,0,0,0,0,0,1096,3500,938,3000,943,800,912,500,716,300,997,20,912,2500,0,0,0,0,4653,1
2359,G_N_ARCLOUSE,Arclouze (Nightmare),Arclouze (Nightmare),134,48013,0,0,0,1,1104,341,101,45,65,85,51,45,251,31,10,12,1,4,42,0x3795,100,960,500,480,0,0,0,0,0,0,0,0,0,0,0,0,0,0,0,0,0,0,0,0,0,0,0,0,0,0,0,0
2360,N_ANCIENT_MUMMY,Ancient Mummy (Nightmare,Ancient Mummy (Nightmare,141,90157,0,39,73,1,1841,347,142,51,126,75,61,85,187,24,10,12,1,1,49,0x3695,175,1772,120,384,0,0,0,0,0,0,0,0,930,4500,934,1800,2624,2,2611,150,12735,10,756,150,757,100,0,0,0,0,4657,1
2361,G_N_ANCIENT_MUMMY,Ancient Mummy (Nightmare,Ancient Mummy (Nightmare,141,90157,0,0,0,1,1841,347,142,51,126,75,61,85,187,24,10,12,1,1,49,0x3695,175,1772,120,384,0,0,0,0,0,0,0,0,0,0,0,0,0,0,0,0,0,0,0,0,0,0,0,0,0,0,0,0
2362,N_AMON_RA,Amon Ra (Nightmare),Amon Ra (Nightmare),145,2515784,0,13554,19893,3,4106,3201,367,301,86,89,120,131,101,92,14,12,2,7,62,0xA4,170,854,2016,480,6777,10000,608,3500,732,5500,0,0,5053,150,2615,50,7211,7000,616,400,1552,10,607,3000,0,0,0,0,0,0,4652,1
2363,MENBLATT,Menblatt,Menblatt,143,82200,0,35,63,3,816,201,79,50,70,68,40,55,108,30,10,12,1,4,44,0x3795,145,472,1056,480,0,0,0,0,0,0,0,0,7168,1000,7163,2304,0,0,0,0,0,0,0,0,0,0,0,0,0,0,4593,1
2364,PETAL,Petal,Petal,141,81031,0,34,62,9,671,173,73,33,70,82,55,45,108,25,10,12,1,2,24,0x2085,200,1500,768,480,0,0,0,0,0,0,0,0,12346,1000,1026,1000,6089,250,0,0,0,0,0,0,0,0,0,0,0,0,4594,1
2365,CENERE,Cenere,Cenere,146,130131,0,59,105,1,1802,1031,87,81,67,39,30,35,95,45,10,12,0,3,24,0x3695,300,1500,720,360,0,0,0,0,0,0,0,0,7322,500,7001,1500,7320,1000,0,0,0,0,0,0,0,0,0,0,0,0,4595,1
2366,ANTIQUE_BOOK,Antique Book,Antique Book,148,134615,0,60,108,1,1861,1213,74,42,67,53,32,44,125,5,10,12,0,0,60,0x3695,150,864,960,480,0,0,0,0,0,0,0,0,7015,500,1097,1000,0,0,0,0,0,0,0,0,0,0,0,0,0,0,4596,1
2367,LICHTERN_B,Lichtern,Lichtern,149,131211,0,60,105,1,1513,1410,76,41,124,74,60,55,92,50,10,12,0,0,81,0x3695,150,480,1728,480,0,0,0,0,0,0,0,0,1000,150,1001,300,995,20,0,0,0,0,0,0,0,0,0,0,0,0,4597,1
2368,LICHTERN_Y,Lichtern,Lichtern,147,131513,0,59,107,1,1416,1561,84,51,141,94,75,91,144,50,10,12,0,0,88,0x3695,150,1000,3456,480,0,0,0,0,0,0,0,0,1000,150,1001,300,996,20,0,0,0,0,0,0,0,0,0,0,0,0,4598,1
2369,LICHTERN_R,Lichtern,Lichtern,149,135718,0,60,110,1,1647,1449,111,53,147,77,66,65,133,50,10,12,0,0,83,0x3695,150,1000,4032,480,0,0,0,0,0,0,0,0,1000,150,1001,300,994,20,0,0,0,0,0,0,0,0,0,0,0,0,4599,1
2370,LICHTERN_G,Lichtern,Lichtern,151,133451,0,60,105,1,1547,1594,120,57,121,60,58,62,102,50,10,12,0,0,82,0x3695,100,1000,2304,480,0,0,0,0,0,0,0,0,1000,150,1001,300,997,20,0,0,0,0,0,0,0,0,0,0,0,0,4600,1
2371,FAITHFUL_MANAGER,Faithful Manager,Faithful Manager,155,151548,0,72,119,3,2091,1607,204,141,80,28,40,25,88,45,10,12,2,0,80,0x3695,200,480,1536,480,0,0,0,0,0,0,0,0,12353,500,970,100,971,100,972,100,0,0,0,0,0,0,0,0,0,0,4607,1
2372,SOIL,Soil,Soil,1,15,0,0,0,1,1,1,100,99,0,0,0,0,0,0,7,12,0,3,22,0x0,1000,1,1,1,0,0,0,0,0,0,0,0,0,0,0,0,0,0,0,0,0,0,0,0,0,0,0,0,0,0,0,0
2373,ROCK,Rock,Rock,1,15,0,0,0,1,1,1,100,99,0,0,0,0,0,0,7,12,0,3,22,0x0,1000,1,1,1,0,0,0,0,0,0,0,0,0,0,0,0,0,0,0,0,0,0,0,0,0,0,0,0,0,0,0,0
2374,THICKET,Thicket,Thicket,1,15,0,0,0,1,1,1,100,99,0,0,0,0,0,0,7,12,0,3,22,0x0,1000,1,1,1,0,0,0,0,0,0,0,0,0,0,0,0,0,0,0,0,0,0,0,0,0,0,0,0,0,0,0,0
2375,MOROCC_4_142,Incarnation of Morocc,Incarnation of Morocc,100,4444,0,0,0,1,171,85,80,6,114,44,62,97,85,43,10,12,1,6,69,0x36B5,200,2036,648,300,0,0,0,0,0,0,0,0,0,0,0,0,0,0,0,0,0,0,0,0,0,0,0,0,0,0,0,0
2376,MOROCC_2_142,Incarnation of Morocc,Incarnation of Morocc,100,2000,0,0,0,1,181,83,81,5,121,42,71,65,85,44,10,12,1,6,67,0x36B5,200,2076,648,300,0,0,0,0,0,0,0,0,0,0,0,0,0,0,0,0,0,0,0,0,0,0,0,0,0,0,0,0
2377,E_NOVUS_,Novus,Novus,1,12,0,0,0,1,2,2,1,1,1,10,1,10,30,5,10,12,0,9,20,0x81,100,252,816,480,0,0,0,0,0,0,0,0,1036,1795,503,1000,11523,1000,728,1000,0,0,0,0,0,0,0,0,0,0,0,0
2378,MER_ANTLER_SCARABA,Antler Scaraba,Antler Scaraba,136,30000,150,0,0,1,1418,410,155,102,23,99,59,129,137,45,10,12,1,4,42,0x3985,200,504,624,360,0,0,0,0,0,0,0,0,0,0,0,0,0,0,0,0,0,0,0,0,0,0,0,0,0,0,0,0
2379,XMAS_SMOKEY_SOCK,Socks Stealing Raccoon,Socks Stealing Raccoon,10,10,0,0,0,1,70,11,1,0,1,1,16,5,100,100,10,12,0,2,22,0x81,200,1576,576,420,0,0,0,0,0,0,0,0,7910,3000,7910,3000,0,0,0,0,0,0,0,0,0,0,0,0,0,0,0,0
2380,XMAS_SMOKEY_GIFT,Gift Stealing Raccoon,Gift Stealing Raccoon,10,10,0,0,0,1,70,11,1,0,1,1,16,5,100,100,10,12,0,2,22,0x81,200,1576,576,420,0,0,0,0,0,0,0,0,7909,3000,7909,3000,0,0,0,0,0,0,0,0,0,0,0,0,0,0,0,0
2398,LITTLE_PORING,Little Poring,Little Poring,1,40,0,1,1,1,1,1,2,5,6,1,1,0,6,5,10,12,0,3,21,0x83,400,1872,672,480,0,0,0,0,0,0,0,0,909,9000,1202,100,938,1000,512,5000,507,1000,512,500,507,1000,0,0,0,0,4545,100
2401,G_PORING,Poring,Poring,1,55,0,0,0,1,1,1,2,5,6,1,1,0,6,5,10,12,1,3,21,0x83,400,1872,672,480,0,0,0,0,0,0,0,0,0,0,0,0,0,0,0,0,0,0,0,0,0,0,0,0,0,0,0,0
2402,POPORING_IMMUNE_M,Poporing,Poporing,30,524,0,1,2,1,74,20,36,17,17,26,20,18,36,5,10,12,1,3,25,0x83,300,1672,672,480,0,0,0,0,0,0,0,0,0,0,0,0,0,0,0,0,0,0,0,0,0,0,0,0,0,0,0,0
2403,POPORING_IMMUNE_A,Poporing,Poporing,30,524,0,1,2,1,74,20,36,17,17,26,20,18,36,5,10,12,1,3,25,0x83,300,1672,672,480,0,0,0,0,0,0,0,0,0,0,0,0,0,0,0,0,0,0,0,0,0,0,0,0,0,0,0,0
2404,DEAD_PLANKTON,Dead Plankton,Dead Plankton,9,95,0,1,1,1,18,1,21,3,14,5,10,0,10,3,10,12,0,1,29,0x81,400,2208,1008,324,0,0,0,0,0,0,0,0,1052,2000,910,70,938,170,970,1,630,5,645,10,0,0,0,0,0,0,0,0
2405,WEAK_SKELETON,Weak Skeleton,Weak Skeleton,18,223,0,2,2,1,9,8,12,2,15,5,10,0,12,0,10,12,1,1,29,0x81,200,2228,528,576,0,0,0,0,0,0,0,0,1010,45,932,800,1505,40,909,1500,507,500,2609,15,0,0,0,0,0,0,0,0
2406,WEAK_SKEL_SOLDIER,Weak Soldier Skeleton,Weak Soldier Skeleton,23,337,0,2,2,1,17,9,28,5,18,9,28,5,43,5,10,12,1,1,29,0x81,200,2276,576,432,0,0,0,0,0,0,0,0,932,1300,756,15,1214,3,507,170,934,2,2315,1,1216,10,601,500,0,0,0,0
2407,SAILOR_SKELETON,Sailor Skeleton,Sailor Skeleton,19,243,0,2,2,1,10,8,12,2,15,5,10,0,12,0,10,12,1,1,29,0x81,200,2228,528,576,0,0,0,0,0,0,0,0,932,700,2287,4,7477,1,2211,60,1104,60,756,10,628,5,0,0,0,0,0,0
2408,DUMMY_10,Dummy 10,Dummy 10,10,99999999,0,0,0,1,0,0,0,0,0,0,0,0,0,0,0,0,1,0,20,0x20,200,1000,500,500,0,0,0,0,0,0,0,0,0,0,0,0,0,0,0,0,0,0,0,0,0,0,0,0,0,0,0,0
2409,DUMMY_50,Dummy 50,Dummy 50,50,99999999,0,0,0,1,0,0,50,50,0,0,0,0,0,0,0,0,1,0,20,0x20,200,1000,500,500,0,0,0,0,0,0,0,0,0,0,0,0,0,0,0,0,0,0,0,0,0,0,0,0,0,0,0,0
2410,DUMMY_100,Dummy 100,Dummy 100,100,99999999,0,0,0,1,0,0,90,90,0,0,0,0,0,0,0,0,1,0,20,0x20,200,1000,500,500,0,0,0,0,0,0,0,0,0,0,0,0,0,0,0,0,0,0,0,0,0,0,0,0,0,0,0,0
2411,DUMMY_150,Dummy 150,Dummy 150,150,99999999,0,0,0,1,0,0,120,120,0,0,0,0,0,0,0,0,1,0,20,0x20,200,1000,500,500,0,0,0,0,0,0,0,0,0,0,0,0,0,0,0,0,0,0,0,0,0,0,0,0,0,0,0,0
2413,DUMMY_10_FIRE,Dummy 10,Dummy 10,10,99999999,0,0,0,1,0,0,0,0,0,0,0,0,0,0,0,0,1,0,23,0x20,200,1000,500,500,0,0,0,0,0,0,0,0,0,0,0,0,0,0,0,0,0,0,0,0,0,0,0,0,0,0,0,0
2415,L_SEYREN,Knight Seyren,Knight Seyren,98,13260,0,12,14,1,827,285,149,10,127,62,77,44,118,49,10,12,1,7,63,0x3885,150,432,400,288,0,0,0,0,0,0,0,0,7345,5000,7347,2500,1163,50,1164,5,2314,20,2315,5,603,2,0,0,0,0,0,0
2416,L_EREMES,Assassin Eremes,Assassin Eremes,98,9029,0,13,10,1,739,153,109,10,130,78,53,60,114,68,10,12,1,7,85,0x3885,160,432,400,288,0,0,0,0,0,0,0,0,7345,5000,7347,2500,1261,50,1285,5,2337,25,2359,5,603,2,0,0,0,0,0,0
2417,L_HARWORD,Blacksmith Howard,Blacksmith Howard,98,11803,0,11,11,1,782,253,117,9,124,71,55,47,73,43,10,12,1,7,81,0x3885,160,432,400,288,0,0,0,0,0,0,0,0,7345,5000,7347,2500,1361,50,2310,25,2318,5,603,2,0,0,0,0,0,0,0,0
2418,L_SHECIL,Hunter Cecil,Hunter Cecil,98,8835,0,11,12,14,574,223,68,13,108,113,60,72,148,37,10,12,1,7,64,0x3885,160,432,400,288,0,0,0,0,0,0,0,0,7345,5000,7347,2500,1721,50,1722,5,2330,22,2331,5,603,2,0,0,0,0,0,0
2419,L_KATRINN,Wizard Kathryne,Wizard Kathryne,98,7092,0,11,13,1,512,650,69,66,97,70,49,129,125,44,10,12,1,7,68,0x3885,130,864,400,288,0,0,0,0,0,0,0,0,7345,5000,7347,2500,1619,50,2343,20,2372,5,603,2,0,0,0,0,0,0,0,0
2420,L_MAGALETA,Priest Margaretha,Priest Margaretha,98,9192,0,9,11,1,644,498,97,83,113,66,63,110,89,58,10,12,1,7,66,0x3295,160,864,400,288,0,0,0,0,0,0,0,0,7345,5000,7347,2500,1522,50,1526,5,2326,20,2373,5,603,2,0,0,0,0,0,0
2421,L_YGNIZEM,Crusader Egnigem,Crusader Egnigem,98,13440,0,8,20,1,852,342,136,8,158,101,94,75,108,74,10,12,1,7,43,0x3885,155,432,400,288,0,0,0,0,0,0,0,0,7347,5000,7345,2500,1129,50,1145,5,2316,20,2317,5,603,2,0,0,0,0,0,0
2422,L_WHIKEBAIN,Rogue Wickebine,Rogue Wickebine,98,11712,0,7,17,1,545,216,125,72,125,100,75,46,93,60,10,12,1,7,65,0x3095,130,432,400,288,0,0,0,0,0,0,0,0,7347,5000,7345,2500,1239,50,1231,5,2335,20,2336,5,603,2,0,0,0,0,0,0
2423,L_ARMAIA,Alchemist Armeyer,Alchemist Armeyer,98,11376,0,8,25,1,537,232,130,4,135,64,93,71,105,68,10,12,1,7,62,0x3095,130,432,400,288,0,0,0,0,0,0,0,0,7347,5000,7345,2500,1304,50,1305,5,2310,25,2318,5,603,2,0,0,0,0,0,0
2424,L_KAVAC,Bard Kavach,Bard Kavach,98,12637,0,7,22,9,605,193,94,52,113,119,68,55,163,52,10,12,1,7,44,0x3095,160,432,400,288,0,0,0,0,0,0,0,0,7347,5000,7345,2500,1910,50,1913,5,2330,22,2331,5,603,2,0,0,0,0,0,0
2425,L_DANCER,Dancer Josephina,Dancer Josephina,98,12637,0,8,22,9,605,193,94,52,113,119,68,55,163,52,10,12,1,7,44,0x3095,160,432,400,288,0,0,0,0,0,0,0,0,7347,5000,7345,2500,1959,50,1963,5,2330,22,2331,5,603,2,0,0,0,0,0,0
2426,L_RAWREL,Sage Laurell,Sage Laurell,98,9868,0,8,27,1,247,648,83,96,73,86,71,134,123,62,10,12,1,7,48,0x3095,160,432,400,288,0,0,0,0,0,0,0,0,7347,5000,7345,2500,1551,50,2343,22,2372,5,603,2,0,0,0,0,0,0,0,0
2427,L_EREND,Monk Errende,Monk Errende,98,11168,0,8,14,1,972,483,116,108,84,72,99,115,95,68,10,12,1,7,46,0x3095,140,432,400,288,0,0,0,0,0,0,0,0,7347,5000,7345,2500,1809,50,1813,5,2326,20,2373,5,603,2,0,0,0,0,0,0
2428,G_L_SEYREN,Knight Seyren,Knight Seyren,98,13260,0,0,0,1,827,285,149,10,127,62,77,44,118,49,10,12,1,7,63,0x3885,150,432,400,288,0,0,0,0,0,0,0,0,7345,5000,7347,2500,2314,500,2315,5,603,1,1163,100,1164,5,0,0,0,0,0,0
2429,G_L_EREMES,Assassin Eremes,Assassin Eremes,98,9029,0,0,0,1,739,153,109,10,130,78,53,60,114,68,10,12,1,7,85,0x3885,160,432,400,288,0,0,0,0,0,0,0,0,7345,5000,7347,2500,2337,500,2359,5,603,1,1261,100,1285,5,0,0,0,0,0,0
2430,G_L_HARWORD,Blacksmith Howard,Blacksmith Howard,98,11803,0,0,0,1,782,253,117,9,124,71,55,47,73,43,10,12,1,7,81,0x3885,160,432,400,288,0,0,0,0,0,0,0,0,7345,5000,7347,2500,2310,500,2318,5,603,1,1361,100,0,0,0,0,0,0,0,0
2431,G_L_SHECIL,Hunter Cecil,Hunter Cecil,98,8835,0,0,0,14,574,223,68,13,108,113,60,72,148,37,10,12,1,7,64,0x3885,160,432,400,288,0,0,0,0,0,0,0,0,7345,5000,7347,2500,2330,500,2331,5,603,1,1721,100,1722,5,0,0,0,0,0,0
2432,G_L_KATRINN,Wizard Kathryne,Wizard Kathryne,98,7092,0,0,0,1,512,650,69,66,97,70,49,129,125,44,10,12,1,7,68,0x3885,130,864,400,288,0,0,0,0,0,0,0,0,7345,5000,7347,2500,2343,500,2372,5,603,1,1619,100,0,0,0,0,0,0,0,0
2433,G_L_MAGALETA,Priest Margaretha,Priest Margaretha,98,9192,0,0,0,1,644,498,97,83,113,66,63,110,89,58,10,12,1,7,66,0x3295,160,864,400,288,0,0,0,0,0,0,0,0,0,0,0,0,0,0,0,0,0,0,0,0,0,0,0,0,0,0,0,0
2434,G_L_YGNIZEM,Crusader Egnigem,Crusader Egnigem,98,13440,0,0,0,1,852,342,136,8,158,101,94,75,108,74,10,12,1,7,43,0x3885,155,432,400,288,0,0,0,0,0,0,0,0,7347,5000,7345,2500,2316,500,2317,5,603,1,1129,100,1145,5,0,0,0,0,0,0
2435,G_L_WHIKEBAIN,Rogue Wickebine,Rogue Wickebine,98,11712,0,0,0,1,545,216,125,72,125,100,75,46,93,60,10,12,1,7,65,0x3095,130,432,400,288,0,0,0,0,0,0,0,0,7347,5000,7345,2500,2335,500,2336,5,603,1,1239,100,1231,5,0,0,0,0,0,0
2436,G_L_ARMAIA,Alchemist Armeyer,Alchemist Armeyer,98,11376,0,0,0,1,537,232,130,4,135,64,93,71,105,68,10,12,1,7,62,0x3095,130,432,400,288,0,0,0,0,0,0,0,0,7347,5000,7345,2500,2310,500,2318,5,603,1,1304,100,1305,5,0,0,0,0,0,0
2437,G_L_KAVAC,Bard Kavach,Bard Kavach,98,12637,0,0,0,9,605,193,94,52,113,119,68,55,163,52,10,12,1,7,44,0x3095,160,432,400,288,0,0,0,0,0,0,0,0,7347,5000,7345,2500,2330,500,2331,5,603,1,1910,100,1913,5,0,0,0,0,0,0
2438,G_L_DANCER,Dancer Josephina,Dancer Josephina,98,12637,0,0,0,9,605,193,94,52,113,119,68,55,163,52,10,12,1,7,44,0x3095,160,432,400,288,0,0,0,0,0,0,0,0,7347,5000,7345,2500,2330,500,2331,5,603,1,1959,100,1963,5,0,0,0,0,0,0
2439,G_L_RAWREL,Sage Laurell,Sage Laurell,98,9868,0,0,0,1,247,648,83,96,73,86,71,134,123,62,10,12,1,7,48,0x3095,160,432,400,288,0,0,0,0,0,0,0,0,7347,5000,7345,2500,2343,500,2372,5,603,1,1551,100,0,0,0,0,0,0,0,0
2440,G_L_EREND,Monk Errende,Monk Errende,98,11168,0,0,0,1,972,483,116,108,84,72,99,115,95,68,10,12,1,7,46,0x3095,140,432,400,288,0,0,0,0,0,0,0,0,0,0,0,0,0,0,0,0,0,0,0,0,0,0,0,0,0,0,0,0
2441,B_NOVICE,The Last One,The Last One,99,265203,0,886,1219,3,4220,2107,510,139,272,148,162,99,160,59,10,12,1,7,83,0x36B5,100,76,384,288,443,10000,617,5500,0,0,0,0,7345,2500,603,3000,617,4000,616,500,1148,100,1140,5,0,0,0,0,0,0,0,0
2442,B_SUPERNOVICE,King of the Alley,King of the Alley,99,268800,0,907,1236,3,5877,3526,410,192,206,194,181,156,203,115,10,12,1,7,83,0x36B5,100,76,384,288,453,10000,617,5500,0,0,0,0,7345,2500,603,3000,617,4000,616,500,1622,100,0,0,0,0,0,0,0,0,0,0
2443,AIRA,Aira,Aira,99,270000,0,917,1250,1,827,285,149,10,127,62,77,44,118,49,10,12,1,7,63,0x36B5,150,432,400,288,0,0,0,0,0,0,0,0,739,3000,2407,50,2409,100,0,0,0,0,0,0,0,0,0,0,0,0,0,0
2444,KULUNA,Kuluna,Kuluna,99,270000,0,917,1250,1,739,153,109,10,130,78,53,60,114,68,10,12,1,7,68,0x36B5,160,432,400,288,0,0,0,0,0,0,0,0,739,3000,2407,50,2409,100,0,0,0,0,0,0,0,0,0,0,0,0,0,0
2445,MALLINA,Mallina,Mallina,99,270000,0,917,1250,1,782,253,117,9,124,71,55,47,73,43,10,12,1,7,82,0x36B5,160,432,400,288,0,0,0,0,0,0,0,0,739,3000,2407,50,2409,100,0,0,0,0,0,0,0,0,0,0,0,0,0,0
2446,EZELLA,Ezella,Ezella,99,270000,0,917,1250,14,574,223,68,13,108,113,60,72,148,37,10,12,1,7,64,0x36B5,160,432,400,288,0,0,0,0,0,0,0,0,739,3000,2407,50,2409,100,0,0,0,0,0,0,0,0,0,0,0,0,0,0
2447,LUNE,Lune,Lune,99,270000,0,917,1250,1,512,650,69,66,97,70,49,129,125,44,10,12,1,7,61,0x36B5,130,864,400,288,0,0,0,0,0,0,0,0,739,3000,2407,50,2409,100,0,0,0,0,0,0,0,0,0,0,0,0,0,0
2448,MORIN,Morin,Morin,99,270000,0,917,1250,1,644,498,97,83,113,66,63,110,89,58,10,12,1,7,67,0x36B5,160,864,400,288,0,0,0,0,0,0,0,0,739,3000,2407,50,2409,100,0,0,0,0,0,0,0,0,0,0,0,0,0,0
2449,NASARIN,Nasarin,Nasarin,99,270000,0,917,1250,1,852,342,136,8,158,101,94,75,108,74,10,12,1,7,45,0x36B5,155,432,400,288,0,0,0,0,0,0,0,0,739,3000,2407,50,2409,100,0,0,0,0,0,0,0,0,0,0,0,0,0,0
2450,THIEF_PORING,Thief Poring,Thief Poring,1,30,0,0,0,1,8,1,2,5,6,1,1,0,6,5,10,12,1,3,21,0x81,300,1072,672,480,0,0,0,0,0,0,0,0,7056,5000,7056,5000,7056,5000,644,500,603,100,0,0,0,0,0,0,0,0,0,0
2451,BABY_STRANGE,Strange Baby Orc,Strange Baby Orc,1,30,0,0,0,1,8,1,2,5,6,1,1,0,6,5,10,12,1,3,21,0x81,200,672,864,288,0,0,0,0,0,0,0,0,644,500,603,100,0,0,0,0,0,0,0,0,0,0,0,0,0,0,0,0
2452,TREASURE_BOX_TE,Treasure Chest,Treasure Chest,99,0,0,0,0,1,0,0,0,0,0,0,0,0,1199,0,0,0,0,0,20,0x0,200,1000,500,500,0,0,0,0,0,0,0,0,607,1250,608,1500,607,2500,607,1000,617,400,607,1000,616,350,607,500,0,0,0,0
2453,TREASURE_BOX_TE_1,Treasure Chest,Treasure Chest,99,0,0,0,0,1,0,0,0,0,0,0,0,0,1199,0,0,0,0,0,20,0x0,200,1000,500,500,0,0,0,0,0,0,0,0,658,500,607,2500,607,1000,607,10000,607,1000,616,350,12399,1,0,0,0,0,0,0
2454,TREASURE_BOX_TE_2,Treasure Chest,Treasure Chest,99,0,0,0,0,1,0,0,0,0,0,0,0,0,1199,0,0,0,0,0,20,0x0,200,1000,500,500,0,0,0,0,0,0,0,0,658,500,607,2500,607,1000,607,10000,607,1000,616,350,12399,1,0,0,0,0,0,0
2455,TREASURE_BOX_TE_3,Treasure Chest,Treasure Chest,99,0,0,0,0,1,0,0,0,0,0,0,0,0,1199,0,0,0,0,0,20,0x0,200,1000,500,500,0,0,0,0,0,0,0,0,658,500,607,2500,607,1000,607,10000,607,1000,616,350,12399,1,0,0,0,0,0,0
2456,TREASURE_BOX_TE_4,Treasure Chest,Treasure Chest,99,0,0,0,0,1,0,0,0,0,0,0,0,0,1199,0,0,0,0,0,20,0x0,200,1000,500,500,0,0,0,0,0,0,0,0,658,500,607,2500,607,1000,607,10000,607,1000,616,350,12399,1,0,0,0,0,0,0
2457,TREASURE_BOX_TE_5,Treasure Chest,Treasure Chest,99,0,0,0,0,1,0,0,0,0,0,0,0,0,1199,0,0,0,0,0,20,0x0,200,1000,500,500,0,0,0,0,0,0,0,0,658,500,607,2500,607,1000,607,10000,607,1000,616,350,12399,1,0,0,0,0,0,0
2458,TREASURE_BOX_TE_6,Treasure Chest,Treasure Chest,99,0,0,0,0,1,0,0,0,0,0,0,0,0,1199,0,0,0,0,0,20,0x0,200,1000,500,500,0,0,0,0,0,0,0,0,658,500,607,2500,607,1000,607,10000,607,1000,616,350,12399,1,0,0,0,0,0,0
2459,TREASURE_BOX_TE_7,Treasure Chest,Treasure Chest,99,0,0,0,0,1,0,0,0,0,0,0,0,0,1199,0,0,0,0,0,20,0x0,200,1000,500,500,0,0,0,0,0,0,0,0,658,500,607,2500,607,1000,607,10000,607,1000,616,350,12399,1,0,0,0,0,0,0
2460,TREASURE_BOX_TE_8,Treasure Chest,Treasure Chest,99,0,0,0,0,1,0,0,0,0,0,0,0,0,1199,0,0,0,0,0,20,0x0,200,1000,500,500,0,0,0,0,0,0,0,0,658,500,607,2500,607,1000,607,10000,607,1000,616,350,12399,1,0,0,0,0,0,0
2461,TREASURE_BOX_TE_9,Treasure Chest,Treasure Chest,99,0,0,0,0,1,0,0,0,0,0,0,0,0,1199,0,0,0,0,0,20,0x0,200,1000,500,500,0,0,0,0,0,0,0,0,658,500,607,2500,607,1000,607,10000,607,1000,616,350,12399,1,0,0,0,0,0,0
2462,TREASURE_BOX_TE_10,Treasure Chest,Treasure Chest,99,0,0,0,0,1,0,0,0,0,0,0,0,0,1199,0,0,0,0,0,20,0x0,200,1000,500,500,0,0,0,0,0,0,0,0,658,500,607,2500,607,1000,607,10000,607,1000,616,350,12399,1,0,0,0,0,0,0
2464,MG_ZOMBIE,Corrupted Steward,Corrupted Steward,130,135600,0,56,122,1,2364,444,15,15,44,22,77,25,88,22,10,12,1,1,29,0x3885,400,2612,912,288,0,0,0,0,0,0,0,0,938,1000,727,500,0,0,0,0,0,0,0,0,0,0,0,0,0,0,0,0
2465,MG_WRAITH,Corrupted Monk,Corrupted Monk,133,100168,0,58,128,1,999,2787,80,200,16,26,30,115,79,5,10,12,2,1,89,0x3885,350,1816,576,240,0,0,0,0,0,0,0,0,2206,100,731,100,747,500,0,0,0,0,0,0,0,0,0,0,0,0,0,0
2466,MG_GHOUL,Grand Chamberlain in pai,Grand Chamberlain in pai,132,208100,0,59,130,1,2965,666,30,30,88,44,88,21,95,44,10,12,1,1,49,0x3885,300,2456,912,504,0,0,0,0,0,0,0,0,756,100,2609,100,0,0,0,0,0,0,0,0,0,0,0,0,0,0,0,0
2467,MG_ARCLOUSE,Maggot,Maggot,133,80811,0,1,1,1,1246,1257,121,36,60,103,45,35,172,15,10,12,0,4,42,0x3985,100,960,500,480,0,0,0,0,0,0,0,0,1096,3000,997,100,0,0,0,0,0,0,0,0,0,0,0,0,0,0,0,0
2468,MG_RAYDRIC,Corrupted Palace Guard,Corrupted Palace Guard,135,184080,0,68,53,2,3167,138,89,15,159,87,66,33,106,27,10,12,1,1,47,0x3885,150,824,780,420,0,0,0,0,0,0,0,0,7054,3000,985,50,2316,5,0,0,0,0,0,0,0,0,0,0,0,0,0,0
2469,MG_RAYDRIC_ARCHER,Wandering Archer,Wandering Archer,136,144370,0,59,72,14,3891,167,63,40,53,24,40,15,156,30,10,12,1,1,47,0x3885,200,1152,1152,480,0,0,0,0,0,0,0,0,7054,3000,985,50,2330,5,0,0,0,0,0,0,0,0,0,0,0,0,0,0
2470,MG_KNIGHT_OF_ABYSS,Corrupted Abysmal Knight,Corrupted Abysmal Knight,142,225789,0,77,127,2,3200,122,102,50,121,55,99,70,126,37,10,12,2,1,87,0x38A5,300,1000,500,1000,0,0,0,0,0,0,0,0,1064,5000,1004,10,2341,5,0,0,0,0,0,0,0,0,0,0,0,0,0,0
2471,MG_KHALITZBURG,Suffering Khalitzburg,Suffering Khalitzburg,143,236851,0,73,112,2,2800,100,125,10,121,142,55,81,105,32,10,12,2,1,29,0x38A5,350,1000,1000,396,0,0,0,0,0,0,0,0,985,50,1004,10,1110,300,0,0,0,0,0,0,0,0,0,0,0,0,0,0
2472,MG_BLOODY_KNIGHT,Bloody Knight,Bloody Knight,143,246751,0,85,167,2,1881,3200,122,300,132,55,89,151,137,45,10,12,2,1,87,0x38A5,250,828,528,192,0,0,0,0,0,0,0,0,7054,5000,1160,100,1157,100,0,0,0,0,0,0,0,0,0,0,0,0,0,0
2473,MG_M_UNDEAD_KNIGHT,1st Commander of Destruc,1st Commander of Destruc,145,950033,0,667,1033,2,3321,1009,80,150,165,82,110,122,154,52,10,12,1,1,49,0xB6B5,130,350,864,480,0,0,0,0,0,0,0,0,1191,10,1163,100,1463,200,0,0,0,0,0,0,0,0,0,0,0,0,4605,1
2474,MG_F_UNDEAD_KNIGHT,2nd Commander of Destruc,2nd Commander of Destruc,145,848011,0,665,920,2,3090,1488,80,180,155,88,110,135,154,59,10,12,1,1,49,0xB6B5,120,350,768,480,0,0,0,0,0,0,0,0,1163,100,1145,50,0,0,0,0,0,0,0,0,0,0,0,0,0,0,4606,1
2475,MG_CORRUPTION_ROOT,Corrupted Soul,Corrupted Soul,150,1820000,0,9166,15343,3,3887,3887,333,333,201,20,90,201,201,20,10,12,2,6,62,0xA4,1000,576,672,480,0,0,617,5500,0,0,0,0,616,5000,617,10000,607,10000,2854,1000,0,0,0,0,0,0,0,0,0,0,4603,1
2476,MG_AMDARAIS,Amdarais,Amdarais,150,4290000,0,9547,16783,3,5290,3900,30,40,255,39,90,169,166,20,10,12,2,1,89,0xB6B5,120,312,1200,432,0,0,617,5500,0,0,0,0,616,5000,617,10000,607,10000,1186,1000,1004,10000,0,0,0,0,0,0,0,0,4601,1
2477,NG_WANDER_MAN,Nightmare Wander Man,Nightmare Wander Man,151,130682,0,83,132,2,2827,218,129,16,208,151,76,39,231,50,10,12,1,6,24,0x3985,100,672,500,192,0,0,0,0,0,0,0,0,7005,4850,616,2,13015,5,2270,5,21003,1,984,110,1164,10,0,0,0,0,0,0
2478,NG_RIDEWORD,Nightmare Rideword,Nightmare Rideword,146,103220,0,44,121,1,2321,165,140,59,131,195,58,66,263,5,10,12,0,0,60,0x3885,150,864,500,192,0,0,0,0,0,0,0,0,1097,4850,1568,5,1569,5,1570,5,1571,5,7015,150,0,0,0,0,0,0,0,0
2479,NG_MIMIC,Nightmare Mimic,Nightmare Mimic,143,24958,0,12,18,1,1787,159,139,46,145,162,10,49,213,57,10,12,1,0,60,0x3885,100,972,500,288,0,0,0,0,0,0,0,0,617,10,603,50,7940,1000,7938,1000,2626,10,757,270,0,0,0,0,0,0,0,0
2480,NG_EVIL_DRUID,Nightmare Evil Druid,Nightmare Evil Druid,134,72837,0,28,45,1,1409,143,160,41,137,60,48,57,158,28,10,12,2,1,89,0x3885,300,2276,576,336,0,0,0,0,0,0,0,0,2217,10,2508,10,1557,5,7478,5,509,2000,0,0,0,0,0,0,0,0,0,0
2481,NG_WRAITH_DEAD,Nightmare Wraith Dead,Nightmare Wraith Dead,110,18923,0,17,24,1,721,122,93,53,69,52,47,55,109,28,10,12,2,1,89,0x3885,250,1816,576,240,0,0,0,0,0,0,0,0,1059,4400,2206,10,2506,5,716,750,2505,10,732,10,0,0,0,0,0,0,0,0
2483,NG_BAPHOMET,Nightmare Baphomet,Nightmare Baphomet,154,4008000,0,10904,15313,2,3150,1984,379,45,120,125,230,85,186,85,10,12,2,6,67,0xB6B5,100,768,768,576,1652,10000,607,2000,750,500,923,5000,1466,500,2256,300,1476,50,714,500,5160,10,985,5500,984,4100,0,0,0,0,4147,1
2484,G_NG_BAPHOMET_,Nightmare Baphomet Jr.,Nightmare Baphomet Jr.,141,49675,0,0,0,1,1601,206,175,62,130,150,90,42,143,62,10,12,0,6,27,0x1A1,100,868,480,120,0,0,0,0,0,0,0,0,0,0,0,0,0,0,0,0,0,0,0,0,0,0,0,0,0,0,0,0
2485,NG_CHIMERA,Nightmare Chimera,Nightmare Chimera,140,528120,0,452,718,1,2058,296,159,20,101,76,110,176,182,170,10,12,2,2,63,0xB6B5,200,772,672,360,0,0,0,0,0,0,0,0,7054,5000,1048,2500,568,1000,1306,5,7295,1500,1364,5,984,150,0,0,0,0,4300,1
2528,FACEWORM,Faceworm,Faceworm,140,482427,0,323,60,2,1818,1616,50,30,100,50,100,100,100,50,10,12,2,4,25,0x3985,200,384,720,480,0,0,0,0,0,0,0,0,7326,1000,971,100,972,100,0,0,0,0,0,0,0,0,0,0,0,0,27163,1
2529,FACEWORM_QUEEN,Faceworm Queen,Faceworm Queen,155,50000000,0,1667,3056,2,4024,4006,100,60,200,100,200,200,200,100,10,12,2,4,85,0xB6B5,200,768,540,480,758,10000,12246,5000,617,5000,617,5000,13090,100,607,1000,0,0,0,0,0,0,0,0,0,0,0,0,0,0,27164,1
2530,FACEWORM_DARK,Dark Faceworm,Dark Faceworm,144,5000000,0,833,1222,2,2012,2003,100,30,150,100,150,150,150,100,10,12,2,4,45,0x36B5,180,576,480,480,0,0,0,0,0,0,0,0,0,0,0,0,0,0,0,0,0,0,0,0,0,0,0,0,0,0,27165,1
2531,VENOM_BUG,Venom Bug,Venom Bug,140,10000,0,0,0,1,0,0,200,100,200,200,200,200,200,200,12,12,0,4,25,0xA4,1000,384,500,480,0,0,0,0,0,0,0,0,7326,1000,938,5000,0,0,0,0,0,0,0,0,0,0,0,0,0,0,0,0
2532,FACEWORM_QUEEN_R,Red Faceworm Queen,Red Faceworm Queen,155,50000000,0,1667,3056,2,12000,15000,400,400,500,100,200,200,200,100,10,12,2,4,23,0xB6B5,200,768,540,480,758,10000,12246,5000,617,5000,617,5000,13090,100,994,5000,0,0,0,0,0,0,0,0,0,0,0,0,0,0,27164,1
2533,FACEWORM_QUEEN_G,Green Faceworm Queen,Green Faceworm Queen,155,50000000,0,1667,3056,2,5000,5000,500,60,200,100,400,200,200,100,10,12,2,4,22,0xB6B5,200,768,540,480,758,10000,12246,5000,617,5000,617,5000,13090,100,997,5000,0,0,0,0,0,0,0,0,0,0,0,0,0,0,27164,1
2534,FACEWORM_QUEEN_B,Blue Faceworm Queen,Blue Faceworm Queen,155,50000000,0,1667,3056,2,5000,10000,100,400,200,100,200,400,200,100,10,12,2,4,21,0xB6B5,200,768,540,480,758,10000,12246,5000,617,5000,617,5000,13090,100,995,5000,0,0,0,0,0,0,0,0,0,0,0,0,0,0,27164,1
2535,FACEWORM_QUEEN_Y,Yellow Faceworm Queen,Yellow Faceworm Queen,155,50000000,0,1667,3056,2,5000,5000,100,60,200,400,200,200,200,100,10,12,2,4,24,0xB6B5,200,768,540,480,758,10000,12246,5000,617,5000,617,5000,13090,100,996,5000,0,0,0,0,0,0,0,0,0,0,0,0,0,0,27164,1
2536,HIDDEN_MOB3,Monster 3,Monster 3,151,10000,0,0,0,1,2000,2000,200,100,100,100,100,100,100,100,12,12,0,0,88,0xA4,1000,1000,500,500,0,0,0,0,0,0,0,0,0,0,0,0,0,0,0,0,0,0,0,0,0,0,0,0,0,0,0,0
2537,HIDDEN_MOB4,Monster 4,Monster 4,151,10000,0,0,0,1,2000,2000,200,100,100,100,100,100,100,100,12,12,0,0,88,0xA4,1000,1000,500,500,0,0,0,0,0,0,0,0,0,0,0,0,0,0,0,0,0,0,0,0,0,0,0,0,0,0,0,0
2539,HIDDEN_MOB5,Monster 5,Monster 5,151,10000,0,0,0,9,500,500,200,100,100,100,100,100,100,100,12,12,0,0,88,0xA4,1000,3000,500,500,0,0,0,0,0,0,0,0,0,0,0,0,0,0,0,0,0,0,0,0,0,0,0,0,0,0,0,0
2540,FACEWORM_EGG,Faceworm Egg,Faceworm Egg,140,10,0,1,1,1,0,0,10,10,10,10,10,10,10,10,10,12,1,4,25,0x100,150,24,500,500,0,0,0,0,0,0,0,0,7032,5000,938,5000,0,0,0,0,0,0,0,0,0,0,0,0,0,0,27166,1
2541,FACEWORM_LARVA,Faceworm Larva,Faceworm Larva,145,260380,0,1,1,1,1414,1212,10,10,10,50,50,50,180,50,10,12,1,4,45,0x3985,150,1000,792,336,0,0,0,0,0,0,0,0,1096,1750,938,1500,943,400,912,225,0,0,0,0,0,0,0,0,0,0,27167,1
2542,IRENE_ELDER,Doyen Irene,Doyen Irene,101,433110,0,95,413,2,1749,360,145,73,82,36,55,100,182,88,10,12,1,7,20,0xB695,170,1276,792,360,0,0,0,0,0,0,0,0,12097,3000,12082,3000,12072,3000,12087,3000,12077,3000,12092,3000,7481,1,0,0,0,0,27168,1
2543,PAYONSOLDIER,1st Payon Soldier,1st Payon Soldier,101,20099,0,9,41,2,545,51,66,36,20,46,25,35,64,30,10,12,1,7,20,0x3885,230,1384,792,360,0,0,0,0,0,0,0,0,12069,533,12054,533,12044,533,12059,533,12049,533,12064,533,7479,1,0,0,0,0,27169,1
2544,PAYONSOLDIER2,2nd Payon Soldier,2nd Payon Soldier,101,21099,0,9,41,2,697,51,66,36,20,46,25,35,64,30,10,12,1,7,20,0x3885,200,1452,792,360,0,0,0,0,0,0,0,0,12096,400,12081,400,12071,400,12086,400,12076,400,12091,400,7480,1,0,0,0,0,27169,1
2545,GUARDDOG,1st Guard Dog,1st Guard Dog,101,20099,0,8,41,1,547,51,66,36,20,46,25,35,64,30,10,12,1,2,22,0x81,150,768,792,360,0,0,0,0,0,0,0,0,12068,600,12053,600,12043,600,12058,600,12048,600,12063,600,7477,1,12125,333,0,0,0,0
2546,GUARDDOG2,2nd Guard Dog,2nd Guard Dog,101,21099,0,8,41,1,573,51,66,36,20,46,25,35,64,30,10,12,1,2,23,0x3885,120,972,792,360,0,0,0,0,0,0,0,0,12070,466,12055,466,12045,466,12060,466,12050,466,12065,466,7478,1,12126,200,0,0,0,0
2549,GEFFEN_MAGE_1,Arhi,Arhi,90,100000,0,74,63,1,237,237,64,38,50,50,50,50,130,50,10,12,1,7,20,0x3885,200,1000,864,480,0,0,0,0,0,0,0,0,0,0,0,0,0,0,0,0,0,0,0,0,0,0,0,0,0,0,27249,1
2550,GEFFEN_MAGE_2,Dio Anemos,Dio Anemos,95,200000,0,79,62,1,429,429,129,18,40,40,50,80,130,60,10,12,1,7,20,0x3885,200,900,672,480,0,0,0,0,0,0,0,0,0,0,0,0,0,0,0,0,0,0,0,0,0,0,0,0,0,0,27250,1
2551,GEFFEN_MAGE_3_1,Geffen Shoplifter,Geffen Shoplifter,100,300000,0,82,56,1,385,385,93,36,70,70,40,40,140,60,10,12,1,7,20,0x3885,200,800,672,480,0,0,0,0,0,0,0,0,0,0,0,0,0,0,0,0,0,0,0,0,0,0,0,0,0,0,27253,1
2552,GEFFEN_MAGE_3_2,Geffen Bully,Geffen Bully,100,300000,0,82,56,1,385,385,93,36,70,50,70,40,140,40,10,12,1,7,20,0x3885,200,900,672,480,0,0,0,0,0,0,0,0,0,0,0,0,0,0,0,0,0,0,0,0,0,0,0,0,0,0,27252,1
2553,GEFFEN_MAGE_3_3,Geffen Gang Member,Geffen Gang Member,100,300000,0,82,56,1,385,385,93,36,60,80,30,30,140,70,10,12,1,7,20,0x3885,200,950,864,480,0,0,0,0,0,0,0,0,0,0,0,0,0,0,0,0,0,0,0,0,0,0,0,0,0,0,27251,1
2554,GEFFEN_MAGE_4,Faymont,Faymont,105,400000,0,97,67,1,390,390,114,21,60,60,60,60,140,60,10,12,1,7,20,0x3885,200,672,648,480,0,0,0,0,0,0,0,0,0,0,0,0,0,0,0,0,0,0,0,0,0,0,0,0,0,0,27254,1
2555,GEFFEN_MAGE_5,Ordre,Ordre,110,600000,0,130,74,1,630,630,107,21,40,70,40,100,150,60,10,12,1,7,20,0x3885,200,768,672,480,0,0,0,0,0,0,0,0,0,0,0,0,0,0,0,0,0,0,0,0,0,0,0,0,0,0,27255,1
2556,GEFFEN_MAGE_6,Blut Hase,Blut Hase,120,1000000,0,171,153,1,301,301,66,47,120,120,120,50,150,60,10,12,1,7,48,0x3885,200,800,768,480,0,0,0,0,0,0,0,0,0,0,0,0,0,0,0,0,0,0,0,0,0,0,0,0,0,0,27256,1
2557,GEFFEN_MAGE_7,Kuro Akuma,Kuro Akuma,130,1200000,0,218,184,1,664,664,135,10,100,100,100,100,145,100,10,12,1,7,20,0x3885,200,1000,864,480,0,0,0,0,0,0,0,0,0,0,0,0,0,0,0,0,0,0,0,0,0,0,0,0,0,0,27257,1
2558,GEFFEN_MAGE_8,Ifodes,Ifodes,140,1400000,0,385,289,1,483,483,120,60,150,100,100,50,170,100,10,12,1,7,20,0x3885,200,800,768,480,0,0,0,0,0,0,0,0,0,0,0,0,0,0,0,0,0,0,0,0,0,0,0,0,0,0,27258,1
2559,GEFFEN_MAGE_9,Licheniyes,Licheniyes,145,1600000,0,434,368,1,711,711,140,57,50,100,50,200,220,75,10,12,1,7,20,0x3885,200,864,768,480,0,0,0,0,0,0,0,0,0,0,0,0,0,0,0,0,0,0,0,0,0,0,0,0,0,0,27259,1
2560,GEFFEN_MAGE_10,Odoric,Odoric,150,2000000,0,500,615,1,750,750,165,62,200,150,50,50,170,100,10,12,1,7,20,0x3885,200,800,672,480,0,0,0,0,0,0,0,0,0,0,0,0,0,0,0,0,0,0,0,0,0,0,0,0,0,0,27260,1
2561,GEFFEN_MAGE_11,Ju,Ju,155,5000000,0,628,796,1,1050,1050,170,65,50,100,100,200,220,100,10,12,1,7,20,0x3885,200,800,672,480,0,0,0,0,0,0,0,0,0,0,0,0,0,0,0,0,0,0,0,0,0,0,0,0,0,0,27261,1
2562,GEFFEN_MAGE_12,Dwigh,Dwigh,160,7000000,0,1261,1879,1,1500,1500,175,65,50,100,100,250,220,100,10,12,1,7,48,0x38A5,200,800,768,480,0,0,0,0,0,0,0,0,0,0,0,0,0,0,0,0,0,0,0,0,0,0,0,0,0,0,27262,1
2563,FEI_KANABIAN,Fay Kanavian,Fay Kanavian,160,8000000,0,1316,1689,1,1875,1875,175,65,50,100,100,250,220,100,10,12,1,7,48,0x38A5,200,720,672,480,0,0,0,0,0,0,0,0,0,0,0,0,0,0,0,0,0,0,0,0,0,0,0,0,0,0,27263,1
2564,GEFFEN_FENRIR,Fenrir,Fenrir,160,20000000,0,2694,4583,1,2250,2250,200,70,200,100,200,200,220,100,10,12,1,7,48,0x38A5,200,900,864,480,0,0,617,5000,617,100,617,100,4556,1,0,0,0,0,0,0,0,0,0,0,0,0,0,0,0,0,4557,500
2565,ALPHONSE,Alphonse,Alphonse,150,1000000,0,0,0,1,500,500,100,20,100,100,50,50,170,100,10,12,1,7,42,0x3885,200,1400,816,396,0,0,0,0,0,0,0,0,0,0,0,0,0,0,0,0,0,0,0,0,0,0,0,0,0,0,0,0
2566,ALPHONSE_JR,Alphonse Jr,Alphonse Jr,150,100000,0,0,0,1,250,200,80,20,100,100,50,50,170,100,10,12,1,7,62,0x3885,200,936,792,432,0,0,0,0,0,0,0,0,0,0,0,0,0,0,0,0,0,0,0,0,0,0,0,0,0,0,0,0
2567,E_GEFFEN_MAGE_3_2,Geffen Bully,Geffen Bully,50,10000,0,2,3,1,89,22,70,7,41,14,15,0,100,5,10,12,1,7,20,0x3885,200,900,672,480,0,0,0,0,0,0,0,0,0,0,0,0,0,0,0,0,0,0,0,0,0,0,0,0,0,0,0,0
2568,E_GEFFEN_MAGE_3_3,Geffen Gang Member,Geffen Gang Member,50,10000,0,2,3,1,89,22,70,7,41,14,15,0,100,5,10,12,1,7,20,0x3885,200,950,864,480,0,0,0,0,0,0,0,0,0,0,0,0,0,0,0,0,0,0,0,0,0,0,0,0,0,0,0,0
2569,G_ANOPHELES,Anopheles,Anopheles,95,6617,0,0,0,1,366,18,7,10,64,60,42,58,106,42,10,12,0,4,64,0x3985,170,1084,2304,576,0,0,0,0,0,0,0,0,0,0,0,0,0,0,0,0,0,0,0,0,0,0,0,0,0,0,0,0
2570,G_BREEZE,Breeze,Breeze,92,7073,0,0,0,2,379,52,83,32,75,101,46,35,79,55,10,12,1,0,64,0x3885,100,140,384,504,0,0,0,0,0,0,0,0,0,0,0,0,0,0,0,0,0,0,0,0,0,0,0,0,0,0,0,0
2571,G_BUTOIJO,Butoijo,Butoijo,88,5381,0,0,0,1,379,102,77,12,66,65,30,30,106,44,10,12,2,6,43,0x3985,170,576,768,432,0,0,0,0,0,0,0,0,0,0,0,0,0,0,0,0,0,0,0,0,0,0,0,0,0,0,0,0
2572,G_CARAMEL,Caramel,Caramel,25,319,0,0,0,1,21,9,39,0,19,10,15,10,32,5,10,12,0,2,22,0x3885,200,1604,840,756,0,0,0,0,0,0,0,0,0,0,0,0,0,0,0,0,0,0,0,0,0,0,0,0,0,0,0,0
2573,G_CHONCHON,Chonchon,Chonchon,5,48,0,0,0,1,1,3,27,0,13,4,4,0,8,5,10,12,0,4,24,0x3985,200,1076,576,480,0,0,0,0,0,0,0,0,0,0,0,0,0,0,0,0,0,0,0,0,0,0,0,0,0,0,0,0
2574,G_CIVIL_SERVANT,Civil Servant,Civil Servant,89,5465,0,0,0,2,353,61,90,56,67,76,40,65,74,30,10,12,1,2,44,0x3885,200,1257,528,432,0,0,0,0,0,0,0,0,0,0,0,0,0,0,0,0,0,0,0,0,0,0,0,0,0,0,0,0
2575,G_COCO,Coco,Coco,38,694,0,0,0,1,55,11,37,0,22,13,30,20,38,10,10,12,0,2,22,0x3885,150,1864,864,1008,0,0,0,0,0,0,0,0,0,0,0,0,0,0,0,0,0,0,0,0,0,0,0,0,0,0,0,0
2576,G_CREAMY,Creamy,Creamy,23,247,0,0,0,1,16,1,28,20,16,1,1,0,1,20,10,12,0,4,24,0x3985,150,1136,720,840,0,0,0,0,0,0,0,0,0,0,0,0,0,0,0,0,0,0,0,0,0,0,0,0,0,0,0,0
2577,G_FABRE,Fabre,Fabre,6,59,0,0,0,1,1,3,24,0,12,5,5,5,12,5,10,12,0,4,22,0x3985,400,1672,672,480,0,0,0,0,0,0,0,0,0,0,0,0,0,0,0,0,0,0,0,0,0,0,0,0,0,0,0,0
2578,G_HORN,Horn,Horn,32,564,0,0,0,1,40,11,52,8,10,12,36,25,21,35,10,12,1,4,22,0x3985,200,1528,528,288,0,0,0,0,0,0,0,0,0,0,0,0,0,0,0,0,0,0,0,0,0,0,0,0,0,0,0,0
2579,G_HYLOZOIST,Hylozoist,Hylozoist,102,11280,0,0,0,1,393,81,101,68,97,67,72,88,83,60,10,12,0,6,47,0x3985,155,741,1536,480,0,0,0,0,0,0,0,0,0,0,0,0,0,0,0,0,0,0,0,0,0,0,0,0,0,0,0,0
2580,G_KAHO,Kaho,Kaho,98,7229,0,0,0,1,433,224,106,55,81,61,55,65,79,73,10,12,1,6,83,0x3985,150,1700,1000,500,0,0,0,0,0,0,0,0,0,0,0,0,0,0,0,0,0,0,0,0,0,0,0,0,0,0,0,0
2581,G_LUDE,Lude,Lude,101,11179,0,0,0,2,424,78,90,53,97,38,55,82,83,55,10,12,0,1,29,0x3885,150,890,960,480,0,0,0,0,0,0,0,0,0,0,0,0,0,0,0,0,0,0,0,0,0,0,0,0,0,0,0,0
2582,G_LUNATIC,Lunatic,Lunatic,3,48,0,0,0,1,1,1,18,0,10,3,3,0,8,5,10,12,0,2,60,0x3885,200,1456,456,336,0,0,0,0,0,0,0,0,0,0,0,0,0,0,0,0,0,0,0,0,0,0,0,0,0,0,0,0
2583,G_MARTIN,Martin,Martin,39,769,0,0,0,1,61,18,58,19,25,29,28,15,30,10,10,12,0,2,42,0x3885,300,1480,480,480,0,0,0,0,0,0,0,0,0,0,0,0,0,0,0,0,0,0,0,0,0,0,0,0,0,0,0,0
2584,G_MINERAL,Mineral,Mineral,96,7959,0,0,0,1,374,57,127,23,70,61,40,50,74,50,10,12,0,0,40,0x3885,250,648,480,360,0,0,0,0,0,0,0,0,0,0,0,0,0,0,0,0,0,0,0,0,0,0,0,0,0,0,0,0
2585,G_MOLE,Mole,Mole,85,4390,0,0,0,9,337,49,82,16,53,65,31,30,58,31,10,12,0,2,42,0x3885,300,1400,960,504,0,0,0,0,0,0,0,0,0,0,0,0,0,0,0,0,0,0,0,0,0,0,0,0,0,0,0,0
2586,G_NERAID,Neraid,Neraid,98,8133,0,0,0,1,433,71,100,37,97,45,60,30,83,50,10,12,0,2,22,0x3885,200,776,576,288,0,0,0,0,0,0,0,0,0,0,0,0,0,0,0,0,0,0,0,0,0,0,0,0,0,0,0,0
2587,G_OBSIDIAN,Obsidian,Obsidian,97,8492,0,0,0,1,445,80,129,37,84,38,40,60,64,50,10,12,0,0,42,0x3885,350,720,864,504,0,0,0,0,0,0,0,0,0,0,0,0,0,0,0,0,0,0,0,0,0,0,0,0,0,0,0,0
2588,G_PITMAN,Pitman,Pitman,90,6717,0,0,0,1,451,60,104,48,78,56,45,35,60,30,10,12,2,1,42,0x3885,180,960,336,300,0,0,0,0,0,0,0,0,0,0,0,0,0,0,0,0,0,0,0,0,0,0,0,0,0,0,0,0
2589,G_POPORING,Poporing,Poporing,30,489,0,0,0,1,31,20,36,17,17,26,20,18,36,5,10,12,1,3,25,0x3885,300,1672,672,480,0,0,0,0,0,0,0,0,0,0,0,0,0,0,0,0,0,0,0,0,0,0,0,0,0,0,0,0
2590,G_ROCKER,Rocker,Rocker,15,155,0,0,0,1,6,5,16,3,12,18,8,10,17,5,10,12,1,4,22,0x3985,200,1864,864,540,0,0,0,0,0,0,0,0,0,0,0,0,0,0,0,0,0,0,0,0,0,0,0,0,0,0,0,0
2591,G_SAVAGE,Savage,Savage,59,2158,0,0,0,1,181,23,126,3,56,21,54,10,52,15,10,12,2,2,42,0x3885,150,1960,960,384,0,0,0,0,0,0,0,0,0,0,0,0,0,0,0,0,0,0,0,0,0,0,0,0,0,0,0,0
2592,G_SIORAVA,Siorava,Siorava,87,5577,0,0,0,1,237,210,20,40,10,40,66,70,67,10,10,12,0,0,21,0x3885,250,1536,1296,576,0,0,0,0,0,0,0,0,0,0,0,0,0,0,0,0,0,0,0,0,0,0,0,0,0,0,0,0
2593,G_SIROMA,Siroma,Siroma,98,9940,0,0,0,1,304,100,64,38,83,43,50,70,96,60,10,12,0,0,61,0x3885,180,432,648,240,0,0,0,0,0,0,0,0,0,0,0,0,0,0,0,0,0,0,0,0,0,0,0,0,0,0,0,0
2594,G_SNOWIER,Snowier,Snowier,103,14227,0,0,0,2,460,82,121,47,91,61,67,45,83,55,10,12,2,0,41,0x3885,220,936,1020,420,0,0,0,0,0,0,0,0,0,0,0,0,0,0,0,0,0,0,0,0,0,0,0,0,0,0,0,0
2595,G_STAINER,Stainer,Stainer,21,212,0,0,0,1,12,9,22,25,10,10,24,0,39,15,10,12,0,4,24,0x3985,200,1688,1188,612,0,0,0,0,0,0,0,0,0,0,0,0,0,0,0,0,0,0,0,0,0,0,0,0,0,0,0,0
2596,G_STAPO,Stapo,Stapo,95,6984,0,0,0,1,426,51,129,36,20,46,25,35,64,30,10,12,0,0,42,0x3885,300,936,792,432,0,0,0,0,0,0,0,0,0,0,0,0,0,0,0,0,0,0,0,0,0,0,0,0,0,0,0,0
2597,G_STEEL_CHONCHON,Steel Chonchon,Steel Chonchon,48,985,0,0,0,1,84,35,57,20,30,62,20,10,56,10,10,12,0,4,24,0x3985,150,1076,576,480,0,0,0,0,0,0,0,0,0,0,0,0,0,0,0,0,0,0,0,0,0,0,0,0,0,0,0,0
2598,G_UNGOLIANT,Ungoliant,Ungoliant,94,27070,0,0,0,1,1296,144,108,28,71,70,58,43,110,38,10,12,2,4,45,0x3985,350,420,576,420,0,0,0,0,0,0,0,0,0,0,0,0,0,0,0,0,0,0,0,0,0,0,0,0,0,0,0,0
2599,G_WILD_RIDER,Wild Rider,Wild Rider,95,33300,0,0,0,1,1320,330,480,22,89,124,89,56,112,56,10,12,2,5,41,0x38A5,120,432,792,360,0,0,0,0,0,0,0,0,0,0,0,0,0,0,0,0,0,0,0,0,0,0,0,0,0,0,0,0
2600,G_WOLF,Wolf,Wolf,45,1091,0,0,0,1,89,11,55,3,27,24,30,15,33,5,10,12,1,2,22,0x3885,200,1054,504,432,0,0,0,0,0,0,0,0,0,0,0,0,0,0,0,0,0,0,0,0,0,0,0,0,0,0,0,0
2601,G_YOYO,Yoyo,Yoyo,38,694,0,0,0,1,55,11,40,0,20,11,34,20,19,10,10,12,0,2,22,0x3885,200,1054,54,384,0,0,0,0,0,0,0,0,0,0,0,0,0,0,0,0,0,0,0,0,0,0,0,0,0,0,0,0
2602,G_ZIPPER_BEAR,Zipper Bear,Zipper Bear,90,6425,0,0,0,1,325,57,130,40,68,51,50,35,70,20,10,12,1,2,27,0x3885,155,780,1008,420,0,0,0,0,0,0,0,0,0,0,0,0,0,0,0,0,0,0,0,0,0,0,0,0,0,0,0,0
2603,C1_ZOMBIE_SLAUGHTER,Swift Zombie Slaughter,Swift Zombie Slaughter,124,174905,0,143,592,1,1172,117,100,45,117,58,82,13,136,21,10,12,1,1,69,0x3695,150,676,648,432,0,0,0,0,0,0,0,0,934,3750,938,7500,6223,5,0,0,0,0,0,0,0,0,0,0,0,0,4435,5
2604,C2_ZOMBIE_PRISONER,Solid Zombie Prisoner,Solid Zombie Prisoner,89,69020,0,50,201,1,423,60,89,28,87,39,58,5,82,10,10,12,1,1,69,0x308D,420,1768,500,192,0,0,0,0,0,0,0,0,1099,8750,7016,265,2266,5,716,1500,930,8750,2408,100,985,280,0,0,0,0,4275,5
2605,C3_ZOMBIE_MASTER,Zombie Master Ringleader,Zombie Master Ringleader,119,126485,0,120,498,1,1029,151,78,46,55,60,48,49,86,48,10,12,1,1,29,0x3695,175,2612,912,288,0,0,0,0,0,0,0,0,7071,10000,938,3750,958,3750,723,500,727,250,7071,5,0,0,0,0,0,0,4274,5
2606,C4_ZOMBIE,Furious Zombie,Furious Zombie,17,1020,0,8,23,1,9,12,20,3,15,10,17,0,15,0,10,12,1,1,29,0x3885,400,500,912,288,0,0,0,0,0,0,0,0,957,10000,724,30,938,5000,958,250,727,350,601,2500,0,0,0,0,0,0,4038,50
2607,C5_ZAKUDAM,Elusive Zakudam,Elusive Zakudam,115,100750,0,94,448,3,1010,130,106,92,122,66,70,61,92,55,10,12,2,7,60,0x3695,180,580,288,360,0,0,0,0,0,0,0,0,7317,10000,999,1250,984,500,985,500,13156,15,13167,15,2390,25,0,0,0,0,4474,5
2608,C1_YOYO,Swift Yoyo,Swift Yoyo,38,3470,0,12,49,1,66,11,40,0,20,11,34,20,19,10,10,12,0,2,22,0x108B,150,1054,54,384,0,0,0,0,0,0,0,0,942,10000,513,3750,601,2500,7182,2250,753,25,756,60,578,2500,0,0,0,0,4051,5
2609,C2_YOYO,Solid Yoyo,Solid Yoyo,38,6940,0,12,49,1,66,11,40,0,20,11,34,20,19,10,10,12,0,2,22,0x108B,240,1054,54,384,0,0,0,0,0,0,0,0,942,10000,513,3750,601,2500,7182,2250,753,25,756,60,578,2500,0,0,0,0,4051,5
2610,C3_WORM_TAIL,Wormtail Ringleader,Wormtail Ringleader,17,930,0,8,25,1,9,5,16,0,10,6,14,5,12,35,10,12,1,3,22,0x91,200,1048,48,192,0,0,0,0,0,0,0,0,993,150,1011,65,906,10000,1408,75,508,175,601,2500,10015,250,0,0,0,0,4034,5
2611,C4_WOOTAN_FIGHTER,Furious Wootan Fighter,Furious Wootan Fighter,67,10600,0,27,121,1,231,36,103,8,63,18,36,5,62,15,10,12,1,7,43,0x3885,200,500,1344,480,0,0,0,0,0,0,0,0,517,10000,7196,10000,1801,10,1812,5,7939,250,7198,2500,5116,15,0,0,0,0,4261,5
2612,C5_WOOD_GOBLIN,Elusive Wood Goblin,Elusive Wood Goblin,81,23600,0,42,185,1,415,15,144,12,73,19,56,15,67,25,10,12,1,3,62,0x81,320,2304,840,360,0,0,0,0,0,0,0,0,2719,15,7203,10000,7201,5000,907,5000,916,1250,7032,1250,574,125,0,0,0,0,27157,5
2613,C1_WOLF,Swift Wolf,Swift Wolf,45,5455,0,15,63,1,106,11,55,3,27,24,30,15,33,5,10,12,1,2,22,0x1089,150,1054,504,432,0,0,0,0,0,0,0,0,1011,50,920,10000,2308,25,601,2500,528,2625,919,10000,578,1500,0,0,0,0,4029,5
2614,C2_WIND_GHOST,Solid Wind Ghost,Solid Wind Ghost,80,36310,0,36,169,2,337,95,64,51,62,27,25,55,102,20,10,12,1,6,64,0x3795,180,1056,1056,336,0,0,0,0,0,0,0,0,912,10000,932,10000,7005,1250,693,250,1611,20,996,250,1615,5,0,0,0,0,4264,5
2615,C3_WILOW,Willow Ringleader,Willow Ringleader,8,390,0,7,16,1,1,5,38,2,13,3,8,5,12,5,10,12,1,3,22,0x81,200,1672,672,432,0,0,0,0,0,0,0,0,902,10000,1019,500,907,10000,516,5000,1068,10000,1067,10000,1066,5000,0,0,0,0,4010,50
2616,C4_WILD_ROSE,Furious Wild Rose,Furious Wild Rose,70,10800,0,28,129,1,228,45,75,15,44,113,31,35,69,80,10,12,0,2,24,0x83,100,500,864,288,0,0,0,0,0,0,0,0,7053,10000,748,125,5037,300,2336,5,624,90,528,1500,2244,5,0,0,0,0,4257,5
2617,C5_WICKED_NYMPH,Elusive Evil Nymph,Elusive Evil Nymph,97,49160,0,55,262,2,458,128,46,45,84,46,45,70,92,60,10,12,1,6,67,0x3795,200,637,1008,360,0,0,0,0,0,0,0,0,7165,9945,7166,3450,984,25,12002,250,1918,25,0,0,0,0,0,0,0,0,4258,5
2618,C2_WHISPER,Solid Whisper,Solid Whisper,46,7960,0,14,68,1,92,55,20,40,32,48,20,35,52,20,10,12,0,6,68,0x3195,180,1960,960,504,0,0,0,0,0,0,0,0,1001,375,1059,10000,2282,5,2333,25,601,2500,0,0,0,0,0,0,0,0,4102,5
2619,C3_WEAK_SKELETON,Weak Skeleton Ringleader,Weak Skeleton Ringleader,18,1115,0,8,24,1,10,8,12,2,15,5,10,0,12,0,10,12,1,1,29,0x81,200,2228,528,576,0,0,0,0,0,0,0,0,1010,225,932,4000,1505,200,909,7500,507,2500,2609,75,0,0,0,0,0,0,0,0
2620,C4_WANDER_MAN,Furious Wanderer,Furious Wanderer,120,104030,0,110,530,2,1057,105,64,5,118,119,36,15,169,33,10,12,1,6,24,0x3795,100,500,500,192,0,0,0,0,0,0,0,0,7005,10000,616,5,13015,15,2270,15,984,545,1164,5,0,0,0,0,0,0,4210,5
2621,C5_VIOLY,Elusive Violy,Elusive Violy,118,114400,0,109,520,10,1002,120,74,36,90,86,38,76,126,63,10,12,1,7,40,0x2085,170,1356,1056,540,0,0,0,0,0,0,0,0,1060,10000,12127,125,740,3000,526,3500,12020,2500,0,0,0,0,0,0,0,0,4209,5
2622,C1_VIOLY,Swift Violy,Swift Violy,118,114400,0,109,520,10,1002,120,74,36,90,86,38,76,126,63,10,12,1,7,40,0x2085,127,1356,1056,540,0,0,0,0,0,0,0,0,1060,10000,12127,125,740,3000,526,3500,12020,2500,0,0,0,0,0,0,0,0,4209,5
2623,C2_VIOLY,Solid Violy,Solid Violy,118,228800,0,109,520,10,1002,120,74,36,90,86,38,76,126,63,10,12,1,7,40,0x2085,204,1356,1056,540,0,0,0,0,0,0,0,0,1060,10000,12127,125,740,3000,526,3500,12020,2500,0,0,0,0,0,0,0,0,4209,5
2624,C3_VENOMOUS,Venomous Ringleader,Venomous Ringleader,87,27885,0,44,206,1,404,50,104,65,61,28,60,55,54,50,10,12,1,0,25,0x3885,350,768,1440,672,0,0,0,0,0,0,0,0,7320,10000,7119,7500,7154,2500,7322,5000,6213,750,6215,1500,603,5,0,0,0,0,4333,5
2625,C4_VENATU_1,Furious Venatu,Furious Venatu,113,90460,0,92,439,2,866,85,95,20,109,70,60,50,84,30,10,12,1,0,40,0x3885,150,500,1020,360,0,0,0,0,0,0,0,0,7317,5000,7356,875,6216,250,7094,750,13157,15,985,25,12127,250,0,0,0,0,4369,5
2626,C5_VAVAYAGA,Elusive Vavayaga,Elusive Vavayaga,87,30670,0,44,206,2,324,71,63,60,69,45,30,60,61,35,10,12,1,7,21,0x3885,270,1536,600,420,0,0,0,0,0,0,0,0,7099,2500,1630,25,7226,375,539,3750,519,3750,580,3750,0,0,0,0,0,0,27160,5
2627,C1_VANBERK,Swift Vanberk,Swift Vanberk,123,145140,0,129,619,1,1143,141,100,6,109,70,55,60,122,54,10,12,1,7,80,0x3885,187,768,360,360,0,0,0,0,0,0,0,0,7568,6250,526,25,7563,2500,5172,65,7563,250,0,0,0,0,0,0,0,0,4411,5
2628,C2_VADON,Solid Vadon,Solid Vadon,45,10910,0,15,63,1,68,25,54,21,35,21,28,20,33,15,10,12,0,5,21,0x91,360,1632,432,540,0,0,0,0,0,0,0,0,991,100,960,10000,910,7500,2313,15,943,250,757,100,601,2500,0,0,0,0,4049,5
2629,C3_UNGOLIANT,Ungoliant Ringleader,Ungoliant Ringleader,94,135350,0,171,512,1,1555,144,108,28,71,70,58,43,110,38,10,12,2,4,45,0x3795,350,420,576,420,0,0,0,0,0,0,0,0,7316,10000,1014,8750,1013,2500,7289,3750,7326,6250,718,3750,2406,1250,0,0,0,0,4336,5
2630,C4_TOUCAN,Furious Toucan,Furious Toucan,70,12820,0,28,129,1,253,35,12,12,54,18,40,35,48,10,10,12,1,2,44,0x1089,155,500,1440,960,0,0,0,0,0,0,0,0,917,7500,7053,2500,510,125,508,250,2612,500,0,0,0,0,0,0,0,0,27123,5
2631,C5_TIYANAK,Elusive Tiyanak,Elusive Tiyanak,105,57945,0,68,322,1,529,251,76,21,41,58,41,51,72,47,10,12,0,6,47,0x3985,100,496,504,360,0,0,0,0,0,0,0,0,938,5000,0,0,0,0,0,0,0,0,0,0,0,0,0,0,0,0,0,0
2632,C2_THIEF_BUG,Solid Thief Bug,Solid Thief Bug,21,2380,0,8,29,1,14,5,24,3,19,7,10,0,12,5,10,12,0,4,60,0x183,180,1288,288,768,0,0,0,0,0,0,0,0,955,10000,2304,200,507,875,909,5000,2303,300,1002,625,601,2500,0,0,0,0,4016,100
2633,C3_THIEF_BUG,Thief Bug Ringleader,Thief Bug Ringleader,21,1190,0,8,29,1,14,5,24,3,19,7,10,0,12,5,10,12,0,4,60,0x183,150,1288,288,768,0,0,0,0,0,0,0,0,955,10000,2304,200,507,875,909,5000,2303,300,1002,625,601,2500,0,0,0,0,4016,100
2634,C4_THIEF_BUG,Furious Thief Bug,Furious Thief Bug,21,1190,0,8,29,1,14,5,24,3,19,9,10,0,12,5,10,12,0,4,60,0x183,150,500,288,768,0,0,0,0,0,0,0,0,955,10000,2304,200,507,875,909,5000,2303,300,1002,625,601,2500,0,0,0,0,4016,100
2635,C5_THARA_FROG,Elusive Thara Frog,Elusive Thara Frog,40,4875,0,12,52,1,58,30,37,17,25,10,10,18,30,2,10,12,1,5,41,0x81,200,2016,816,288,0,0,0,0,0,0,0,0,1011,115,908,10000,911,1500,509,75,725,15,918,5000,601,2500,0,0,0,0,4058,5
2636,C1_TEDDY_BEAR,Swift Teddy Bear,Swift Teddy Bear,91,31420,0,51,239,1,399,62,106,39,57,81,66,20,82,44,10,12,0,0,60,0x3295,150,512,780,504,0,0,0,0,0,0,0,0,7317,9500,518,2500,615,750,13106,15,5113,125,2652,25,985,250,0,0,0,0,4340,5
2637,C2_TATACHO,Solid Tatacho,Solid Tatacho,128,369710,0,161,739,2,1419,72,151,14,119,33,70,56,109,33,10,12,1,2,22,0x108B,240,1000,768,360,0,0,0,0,0,0,0,0,1544,50,1925,25,6020,10000,6021,7500,579,7750,6224,25,1061,6250,0,0,0,0,4442,5
2638,C3_TAROU,Tarou Ringleader,Tarou Ringleader,22,1425,0,8,30,1,15,6,23,5,21,6,12,0,10,1,10,12,0,2,27,0x91,150,1744,1044,684,0,0,0,0,0,0,0,0,1016,10000,919,7500,949,2000,528,2500,701,5,601,2500,0,0,0,0,0,0,4028,5
2639,C4_TAMRUAN,Furious Tamruan,Furious Tamruan,73,18585,0,32,147,1,278,37,63,30,60,49,40,20,73,20,10,12,2,6,67,0x318D,140,500,1152,672,0,0,0,0,0,0,0,0,7301,10000,7069,7500,1155,20,2315,10,12736,750,0,0,0,0,0,0,0,0,4304,5
2640,C5_STING,Elusive Sting,Elusive Sting,104,63165,0,70,318,1,764,67,146,34,108,49,68,34,119,24,10,12,1,0,62,0x3695,300,528,500,240,0,0,0,0,0,0,0,0,7004,10000,2624,5,1003,325,997,65,10007,25,6213,2000,0,0,0,0,0,0,4226,5
2641,C1_STEM_WORM,Swift Stem Worm,Swift Stem Worm,84,20420,0,42,195,1,375,41,73,50,55,37,25,47,84,30,10,12,1,3,24,0x3095,225,1956,756,528,0,0,0,0,0,0,0,0,7012,10000,509,4500,1968,25,756,290,997,15,608,25,0,0,0,0,0,0,4224,5
2642,C2_STEEL_CHONCHON,Solid Steel Chonchon,Solid Steel Chonchon,48,9850,0,16,68,1,100,35,57,20,30,62,20,10,56,10,10,12,0,4,24,0x118B,180,1076,576,480,0,0,0,0,0,0,0,0,992,225,999,75,910,6000,935,10000,943,75,998,500,601,2500,0,0,0,0,4042,5
2643,C3_STAPO,Stapo Ringleader,Stapo Ringleader,95,34920,0,56,254,1,511,51,129,36,20,46,25,35,64,30,10,12,0,0,42,0x83,300,936,792,432,0,0,0,0,0,0,0,0,909,2500,7312,2500,512,2500,7126,250,993,25,1821,10,0,0,0,0,0,0,4424,5
2644,C4_STALACTIC_GOLEM,Furious Stalactic Golem,Furious Stalactic Golem,68,14085,0,27,124,1,261,21,230,5,67,61,48,1,69,5,10,12,2,0,80,0x91,200,500,864,288,0,0,0,0,0,0,0,0,7004,5000,7054,10000,1000,625,997,75,757,625,2147,15,985,410,0,0,0,0,4223,5
2645,C5_STAINER,Elusive Stainer,Elusive Stainer,21,1060,0,8,29,1,14,9,22,25,10,10,24,0,39,15,10,12,0,4,24,0x191,200,1688,1188,612,0,0,0,0,0,0,0,0,992,175,1011,75,1013,10000,910,5250,757,65,601,2500,1002,750,0,0,0,0,4039,5
2646,C1_SPORE,Swift Spore,Swift Spore,18,1115,0,7,26,1,9,8,12,10,15,5,10,0,12,0,10,12,1,3,21,0x81,150,1872,672,288,0,0,0,0,0,0,0,0,921,10000,507,5000,601,2500,743,50,2220,150,7033,50,578,3000,0,0,0,0,4022,50
2647,C2_SOLIDER,Solid Solider,Solid Solider,92,74260,0,54,243,2,522,40,206,58,65,44,60,15,56,20,10,12,1,2,42,0x91,300,1452,483,528,0,0,0,0,0,0,0,0,967,10000,7070,160,7067,2125,508,5250,518,2125,0,0,0,0,0,0,0,0,4220,5
2648,C3_SOLDIER_SKELETON,Soldier Skeleton Ringlea,Soldier Skeleton Ringlea,34,3455,0,12,41,1,51,14,53,5,14,10,32,5,29,3,10,12,1,1,29,0x3885,200,2276,576,432,0,0,0,0,0,0,0,0,932,10000,756,150,1214,30,507,1750,601,2500,2315,5,1216,125,0,0,0,0,4086,5
2649,C4_SOLDIER_SKELETON,Furious Soldier Skeleton,Furious Soldier Skeleton,34,3455,0,12,41,1,51,14,53,5,14,13,32,5,29,3,10,12,1,1,29,0x3885,200,500,576,432,0,0,0,0,0,0,0,0,932,10000,756,150,1214,30,507,1750,601,2500,2315,5,1216,125,0,0,0,0,4086,5
2650,C5_SOLACE,Elusive Lady Solace,Elusive Lady Solace,123,145140,0,129,619,2,1257,165,96,96,106,65,61,42,125,72,10,12,1,8,66,0x3295,180,576,420,360,0,0,0,0,0,0,0,0,7441,500,2621,5,12040,125,718,2500,1910,125,7442,125,0,0,0,0,0,0,4394,5
2651,C1_SOHEE,Swift Sohee,Swift Sohee,64,12640,0,25,113,1,168,30,61,21,61,24,29,20,41,25,10,12,1,6,21,0x191,187,2112,912,576,0,0,0,0,0,0,0,0,1020,10000,1049,125,2277,5,2504,15,1217,15,15012,15,662,875,0,0,0,0,4100,5
2652,C2_SNOWIER,Solid Snowier,Solid Snowier,103,142270,0,66,314,2,552,82,121,47,91,61,67,45,83,55,10,12,2,0,41,0x3885,264,936,1020,420,0,0,0,0,0,0,0,0,7561,7500,7066,2500,757,250,510,125,15026,25,1819,10,991,250,0,0,0,0,4415,5
2653,C3_SNAKE,Boa Ringleader,Boa Ringleader,18,1015,0,8,26,1,10,5,9,8,10,8,18,10,14,15,10,12,1,2,22,0x81,200,1576,576,576,0,0,0,0,0,0,0,0,926,10000,1117,100,507,4000,1011,500,937,4000,601,2500,578,10000,0,0,0,0,4037,50
2654,C4_SMOKIE,Furious Smokie,Furious Smokie,29,2070,0,10,37,1,34,11,26,0,16,44,16,5,27,5,10,12,0,2,22,0x91,200,500,576,420,0,0,0,0,0,0,0,0,945,10000,919,10000,516,2000,2213,5,754,5,601,2500,729,5,0,0,0,0,4044,5
2655,C5_SLEEPER,Elusive Sleeper,Elusive Sleeper,81,22525,0,42,185,1,398,48,101,29,74,41,57,27,65,27,10,12,1,0,42,0x3885,195,1350,1200,432,0,0,0,0,0,0,0,0,7124,10000,1056,10000,997,6250,756,750,1622,15,7043,3000,0,0,0,0,0,0,4228,5
2656,C1_SLEEPER,Swift Sleeper,Swift Sleeper,81,22525,0,42,185,1,398,48,101,29,74,41,57,27,65,27,10,12,1,0,42,0x3885,146,1350,1200,432,0,0,0,0,0,0,0,0,7124,10000,1056,10000,997,6250,756,750,1622,15,7043,3000,0,0,0,0,0,0,4228,5
2657,C2_SKOGUL,Solid Skogul,Solid Skogul,126,403890,0,152,729,2,1108,456,72,15,100,71,63,85,115,37,10,12,1,6,67,0x3395,228,720,384,480,0,0,0,0,0,0,0,0,7511,8750,716,2500,739,1250,2609,250,757,1250,0,0,0,0,0,0,0,0,4404,5
2658,C3_SKELETON_GENERAL,Skeleton General Ringlea,Skeleton General Ringlea,139,900650,0,442,2782,1,1580,1701,100,35,72,34,52,31,101,25,10,12,1,1,29,0x3695,150,2276,576,432,0,0,0,0,0,0,0,0,7068,6375,756,400,21001,5,2274,5,0,0,0,0,0,0,0,0,0,0,4221,5
2659,C4_SKELETON_GENERAL,Furious Skeleton General,Furious Skeleton General,139,900650,0,442,2782,1,1580,1701,100,35,72,44,52,31,101,25,10,12,1,1,29,0x3695,150,500,576,432,0,0,0,0,0,0,0,0,7068,6375,756,400,21001,5,2274,5,0,0,0,0,0,0,0,0,0,0,4221,5
2660,C5_SKEL_WORKER,Elusive Skeleton Worker,Elusive Skeleton Worker,44,5755,0,16,58,1,92,12,45,5,30,13,22,10,37,25,10,12,1,1,29,0x3885,400,2420,720,384,0,0,0,0,0,0,0,0,998,1000,1041,10000,757,225,5009,5,999,250,1003,500,601,2500,0,0,0,0,4092,5
2661,C1_SIROMA,Swift Siroma,Swift Siroma,98,49700,0,56,266,1,364,100,64,38,83,43,50,70,96,60,10,12,0,0,61,0x83,135,432,648,240,0,0,0,0,0,0,0,0,7561,1250,7066,3750,510,25,991,50,0,0,0,0,0,0,0,0,0,0,4416,5
2662,C2_SIDE_WINDER,Solid Side Winder,Solid Side Winder,70,26980,0,28,129,1,253,30,101,12,52,32,35,20,73,15,10,12,1,2,25,0x3095,240,1576,576,576,0,0,0,0,0,0,0,0,954,10000,912,3500,756,335,1120,5,937,6250,926,10000,509,2500,0,0,0,0,4117,5
2663,C3_SIDE_WINDER,Side Winder Ringleader,Side Winder Ringleader,70,13490,0,28,129,1,303,30,101,12,52,32,35,20,73,15,10,12,1,2,25,0x3095,200,1576,576,576,0,0,0,0,0,0,0,0,954,10000,912,3500,756,335,1120,5,937,6250,926,10000,509,2500,0,0,0,0,4117,5
2664,C4_SHINOBI,Furious Shinobi,Furious Shinobi,95,40435,0,54,254,2,439,51,49,45,71,91,55,30,83,30,10,12,1,7,67,0x3695,150,500,1152,336,0,0,0,0,0,0,0,0,7156,10000,2337,5,6214,1750,2654,250,2336,5,7157,5000,0,0,0,0,0,0,4230,5
2665,C5_SHELTER,Elusive Mistress of Shel,Elusive Mistress of Shel,125,146375,0,131,629,2,1321,944,80,89,99,66,41,153,133,89,10,12,1,8,66,0x3295,160,432,420,360,0,0,0,0,0,0,0,0,7440,500,7442,5,12040,125,722,2500,7005,2500,7442,125,0,0,0,0,0,0,4393,5
2666,C1_SHELLFISH,Swift Shellfish,Swift Shellfish,50,6630,0,17,72,1,85,22,43,5,42,11,48,25,29,10,10,12,0,5,21,0x91,150,864,864,384,0,0,0,0,0,0,0,0,965,10000,966,2500,7049,1250,1056,2500,1001,25,601,2500,757,45,0,0,0,0,4273,5
2667,C2_SHECIL,Solid Cecil Damon,Solid Cecil Damon,141,2002550,0,690,3792,14,4484,1248,76,15,121,126,67,80,308,42,10,12,1,7,64,0x3095,216,76,384,288,0,0,0,0,0,0,0,0,7345,7500,12014,275,18110,50,1745,1000,0,0,0,0,0,0,0,0,0,0,4368,5
2668,C3_SEE_OTTER,Sea Otter Ringleader,Sea Otter Ringleader,48,7370,0,16,68,1,90,42,31,18,32,26,33,26,41,28,10,12,1,2,61,0x3095,190,1132,583,532,0,0,0,0,0,0,0,0,722,375,965,10000,7065,10000,601,2500,726,125,746,1625,7053,3000,0,0,0,0,4326,5
2669,C4_SEDORA,Furious Lamp Rey,Furious Lamp Rey,110,83700,0,80,380,1,630,444,92,55,126,153,61,107,109,84,10,12,1,5,41,0x3885,150,500,792,432,0,0,0,0,0,0,0,0,962,10000,2424,15,6256,75,7939,75,1024,7500,603,25,991,125,0,0,0,0,4521,5
2670,C5_SCORPION,Elusive Scorpion,Elusive Scorpion,16,680,0,7,24,1,8,7,16,5,12,15,10,5,19,5,10,12,0,4,23,0x181,200,1564,864,576,0,0,0,0,0,0,0,0,990,175,904,10000,757,145,943,525,601,2500,508,500,625,50,0,0,0,0,4068,5
2671,C1_SAVAGE_BABE,Swift Savage Babe,Swift Savage Babe,14,635,0,7,22,1,6,6,22,0,16,8,9,5,21,18,10,12,0,2,22,0x81,300,1624,624,576,0,0,0,0,0,0,0,0,919,10000,1302,250,517,1250,601,2500,949,2125,1010,200,627,100,0,0,0,0,4017,5
2672,C2_SAVAGE,Solid Savage,Solid Savage,59,21580,0,22,95,1,217,23,126,3,56,21,54,10,52,15,10,12,2,2,42,0x91,180,1960,960,384,0,0,0,0,0,0,0,0,1028,10000,514,750,702,5,2276,5,6249,125,757,175,526,5,0,0,0,0,4078,5
2673,C3_SAVAGE,Savage Ringleader,Savage Ringleader,59,10790,0,22,95,1,217,23,126,3,56,21,54,10,52,15,10,12,2,2,42,0x91,150,1960,960,384,0,0,0,0,0,0,0,0,1028,10000,514,750,702,5,2276,5,6249,125,757,175,526,5,0,0,0,0,4078,5
2674,C4_SAND_MAN,Furious Sandman,Furious Sandman,61,11620,0,25,106,1,225,56,126,24,44,10,55,15,34,25,10,12,1,0,62,0x3885,250,500,720,288,0,0,0,0,0,0,0,0,997,90,1056,10000,757,295,7043,875,1001,500,1257,5,1622,15,0,0,0,0,4101,5
2675,C5_SALAMANDER,Elusive Salamander,Elusive Salamander,138,401950,0,160,818,2,2758,600,141,68,189,105,92,85,198,72,10,12,2,0,63,0x3695,160,140,384,288,0,0,0,0,0,0,0,0,7097,7500,994,75,6223,50,2680,5,2621,5,0,0,0,0,0,0,0,0,4429,5
2676,C1_SAILOR_SKELETON,Swift Sailor Skeleton,Swift Sailor Skeleton,48,13510,0,2,9,1,186,40,53,20,35,25,25,15,30,10,10,12,1,1,29,0x81,150,2228,528,576,0,0,0,0,0,0,0,0,932,3500,2287,20,7477,5,2211,300,1104,300,756,50,628,25,0,0,0,0,0,0
2677,C2_ROWEEN,Solid Roween,Solid Roween,95,66170,0,54,254,1,487,35,73,33,70,82,55,45,108,25,10,12,1,2,24,0x108B,240,1500,500,1000,0,0,0,0,0,0,0,0,7564,7500,919,7500,992,125,0,0,0,0,0,0,0,0,0,0,0,0,4422,5
2678,C3_RODA_FROG,Roda Frog Ringleader,Roda Frog Ringleader,13,700,0,7,21,1,4,4,12,5,12,6,4,0,14,9,10,12,1,5,21,0x81,200,2016,816,288,0,0,0,0,0,0,0,0,918,10000,908,2500,511,1500,721,40,601,2500,0,0,0,0,0,0,0,0,4014,5
2679,C4_RODA_FROG,Furious Roda Frog,Furious Roda Frog,13,700,0,7,21,1,4,4,12,5,12,7,4,0,14,9,10,12,1,5,21,0x81,200,500,816,288,0,0,0,0,0,0,0,0,918,10000,908,2500,511,1500,721,40,601,2500,0,0,0,0,0,0,0,0,4014,5
2680,C5_ROCKER,Elusive Rocker,Elusive Rocker,15,775,0,7,23,1,7,5,16,3,12,18,8,10,17,5,10,12,1,4,22,0x181,200,1864,864,540,0,0,0,0,0,0,0,0,940,10000,1916,25,2298,25,1402,400,601,2500,752,50,703,50,0,0,0,0,4021,5
2681,C1_RIDEWORD,Swift Rideword,Swift Rideword,74,14275,0,32,150,1,259,22,61,38,67,53,32,44,125,5,10,12,0,0,60,0x3695,112,864,500,192,0,0,0,0,0,0,0,0,1097,10000,1553,10,1554,10,1555,5,1556,5,7015,750,1006,50,0,0,0,0,4185,5
2682,C2_RIDEWORD,Solid Rideword,Solid Rideword,74,28550,0,32,150,1,259,22,61,38,67,53,32,44,125,5,10,12,0,0,60,0x3695,180,864,500,192,0,0,0,0,0,0,0,0,1097,10000,1553,10,1554,10,1555,5,1556,5,7015,750,1006,50,0,0,0,0,4185,5
2683,C3_RICE_CAKE_BOY,Dumpling Child Ringleade,Dumpling Child Ringleade,60,8720,0,22,98,1,163,22,96,12,50,43,29,5,47,10,10,12,0,7,20,0x91,160,1247,768,420,0,0,0,0,0,0,0,0,7150,8000,7151,6250,2262,5,7192,10000,553,2500,7187,7500,0,0,0,0,0,0,4154,5
2684,C4_RETRIBUTION,Furious Baroness of Retr,Furious Baroness of Retr,121,158315,0,127,609,2,978,804,61,35,112,78,45,127,149,70,10,12,1,8,67,0x3295,120,500,480,360,0,0,0,0,0,0,0,0,7440,1000,2621,5,12040,125,723,2500,2506,15,7442,125,0,0,0,0,0,0,4391,5
2685,C5_RETRIBUTION,Elusive Baroness of Retr,Elusive Baroness of Retr,121,158315,0,127,609,2,978,804,61,35,112,60,45,127,149,70,10,12,1,8,67,0x3295,120,360,480,360,0,0,0,0,0,0,0,0,7440,1000,2621,5,12040,125,723,2500,2506,15,7442,125,0,0,0,0,0,0,4391,5
2686,C1_RETRIBUTION,Swift Baroness of Retrib,Swift Baroness of Retrib,121,158315,0,127,609,2,978,804,61,35,112,60,45,127,149,70,10,12,1,8,67,0x3295,90,360,480,360,0,0,0,0,0,0,0,0,7440,1000,2621,5,12040,125,723,2500,2506,15,7442,125,0,0,0,0,0,0,4391,5
2687,C2_REQUIEM,Solid Requiem,Solid Requiem,71,32510,0,31,141,1,236,48,88,20,58,34,35,12,50,10,10,12,1,7,27,0x3885,480,1516,816,432,0,0,0,0,0,0,0,0,603,90,714,5,912,6250,958,8750,934,3750,2308,25,7477,5,0,0,0,0,4104,5
2688,C3_REMOVAL,Remover Ringleader,Remover Ringleader,121,165510,0,140,578,1,1086,120,110,47,127,50,82,35,125,50,10,12,1,1,49,0x3885,250,1536,1056,1152,0,0,0,0,0,0,0,0,7319,10000,5005,25,549,1250,971,125,972,250,5120,15,0,0,0,0,0,0,4353,5
2689,C5_RED_ERUMA,Elusive Red Eruma,Elusive Red Eruma,91,40145,0,51,239,1,355,290,102,102,77,90,88,21,99,21,10,12,1,5,41,0x1089,140,768,1224,432,0,0,0,0,0,0,0,0,965,10000,966,5000,1056,7500,757,250,756,250,603,50,0,0,0,0,0,0,4531,5
2690,C1_RAYDRIC,Swift Raydric,Swift Raydric,115,109905,0,94,448,1,919,96,89,15,129,87,55,32,106,27,10,12,2,7,47,0x3095,112,824,780,420,0,0,0,0,0,0,0,0,985,265,2266,5,2315,5,1158,5,1004,25,7054,10000,0,0,0,0,0,0,4133,5
2691,C2_RAYDRIC,Solid Raydric,Solid Raydric,115,219810,0,94,448,1,919,96,89,15,129,87,55,32,106,27,10,12,2,7,47,0x3095,180,824,780,420,0,0,0,0,0,0,0,0,985,265,2266,5,2315,5,1158,5,1004,25,7054,10000,0,0,0,0,0,0,4133,5
2692,C3_RAWREL,Laurell Weinder Ringlead,Laurell Weinder Ringlead,133,201410,0,122,753,1,801,1032,76,180,67,79,65,162,168,57,10,12,1,7,48,0x3885,150,576,432,288,0,0,0,0,0,0,0,0,7347,500,1616,5,2322,25,2333,75,2607,5,0,0,0,0,0,0,0,0,4350,5
2693,C4_RAKE_SCARABA,Furious Rake Scaraba,Furious Rake Scaraba,139,338500,0,146,824,1,1974,112,250,70,90,85,145,52,168,77,10,12,1,4,42,0x3985,150,500,768,480,0,0,0,0,0,0,0,0,6321,10000,16010,25,12735,25,15000,250,993,250,0,0,0,0,0,0,0,0,4505,5
2694,C5_RAGGLER,Elusive Raggler,Elusive Raggler,48,4925,0,16,68,1,100,39,56,10,30,42,38,15,54,27,10,12,0,2,24,0x3695,200,1000,900,384,0,0,0,0,0,0,0,0,7053,7500,916,10000,645,500,601,2500,992,225,2225,20,756,80,0,0,0,0,4186,5
2695,C1_RAFFLESIA,Swift Rafflesia,Swift Rafflesia,86,24710,0,45,202,3,394,41,86,2,47,41,44,29,78,31,10,12,0,3,22,0x2085,112,512,528,240,0,0,0,0,0,0,0,0,1033,10000,911,4000,706,1,708,25,703,25,711,1375,509,75,0,0,0,0,4083,5
2696,C3_PORING,Poring Ringleader,Poring Ringleader,1,275,0,6,8,1,1,1,2,5,6,1,1,0,6,5,10,12,1,3,21,0x83,400,1872,672,480,0,0,0,0,0,0,0,0,909,10000,1202,500,938,2000,512,5000,601,2500,512,750,619,100,0,0,0,0,4001,100
2697,C4_PORING,Furious Poring,Furious Poring,1,275,0,6,8,1,1,1,2,5,6,1,1,0,6,5,10,12,1,3,21,0x83,400,500,672,480,0,0,0,0,0,0,0,0,909,10000,1202,500,938,2000,512,5000,601,2500,512,750,619,100,0,0,0,0,4001,100
2698,C5_PORING,Elusive Poring,Elusive Poring,1,275,0,6,8,1,1,1,2,5,6,1,1,0,6,5,10,12,1,3,21,0x83,400,1872,672,480,0,0,0,0,0,0,0,0,909,10000,1202,500,938,2000,512,5000,601,2500,512,750,619,100,0,0,0,0,4001,100
2699,C1_PORING,Swift Poring,Swift Poring,1,275,0,6,8,1,1,1,2,5,6,1,1,0,6,5,10,12,1,3,21,0x83,300,1872,672,480,0,0,0,0,0,0,0,0,909,10000,1202,500,938,2000,512,5000,601,2500,512,750,619,100,0,0,0,0,4001,100
2700,C2_PORCELLIO,Solid Porcellio,Solid Porcellio,85,46210,0,44,199,1,423,53,79,37,67,48,28,40,74,30,10,12,0,4,62,0x183,180,720,360,360,0,0,0,0,0,0,0,0,7312,10000,928,2500,1052,7500,630,5,7326,75,0,0,0,0,0,0,0,0,4337,5
2701,C3_POPORING,Poporing Ringleader,Poporing Ringleader,30,2445,0,10,38,1,37,20,36,17,17,26,20,18,36,5,10,12,1,3,25,0x83,300,1672,672,480,0,0,0,0,0,0,0,0,938,10000,910,5000,511,5000,514,1000,601,2500,1207,100,512,625,0,0,0,0,4033,50
2702,C4_POPORING,Furious Poporing,Furious Poporing,30,2445,0,10,38,1,37,20,36,17,17,33,20,18,36,5,10,12,1,3,25,0x83,300,500,672,480,0,0,0,0,0,0,0,0,938,10000,910,5000,511,5000,514,1000,601,2500,1207,100,512,625,0,0,0,0,4033,50
2703,C5_POPORING,Elusive Poporing,Elusive Poporing,30,2445,0,10,38,1,37,20,36,17,17,26,20,18,36,5,10,12,1,3,25,0x83,300,1672,672,480,0,0,0,0,0,0,0,0,938,10000,910,5000,511,5000,514,1000,601,2500,1207,100,512,625,0,0,0,0,4033,50
2704,C1_POISON_TOAD,Swift Poison Toad,Swift Poison Toad,87,27885,0,44,206,3,404,54,80,42,66,42,40,45,70,30,10,12,1,2,45,0x81,120,1148,1728,864,0,0,0,0,0,0,0,0,7155,10000,7154,6000,2610,10,511,1350,724,5,526,5,1246,25,0,0,0,0,4175,5
2705,C2_POISON_SPORE,Solid Poison Spore,Solid Poison Spore,26,3790,0,9,34,1,27,15,40,8,19,17,22,5,20,5,10,12,1,3,25,0x3885,240,1672,672,288,0,0,0,0,0,0,0,0,7033,10000,2221,50,511,1375,510,150,972,125,921,3000,601,2500,0,0,0,0,4048,5
2706,C3_PLASMA_Y,Plasma Ringleader,Plasma Ringleader,119,80500,0,99,552,1,927,135,130,45,141,94,75,91,144,50,10,12,0,0,88,0x3885,150,1056,1056,336,0,0,0,0,0,0,0,0,911,250,644,25,731,5,715,250,969,1,7938,750,0,0,0,0,0,0,4389,5
2707,C4_PLANKTON,Furious Plankton,Furious Plankton,40,4665,0,12,52,1,51,36,28,28,23,68,25,55,35,14,10,12,0,3,61,0x81,400,500,1008,324,0,0,0,0,0,0,0,0,1052,10000,910,750,938,1750,970,10,601,2500,630,50,645,125,0,0,0,0,4024,5
2708,C5_PITMAN,Elusive Pitman,Elusive Pitman,90,33585,0,48,216,1,541,60,104,48,78,56,45,35,60,30,10,12,2,1,42,0x91,180,960,336,300,0,0,0,0,0,0,0,0,7318,7500,7319,1250,6244,2250,999,1250,1003,250,1041,2500,7327,200,0,0,0,0,4335,5
2709,C1_PIRANHA,Swift Piranha,Swift Piranha,75,21095,0,33,153,1,265,41,7,12,69,45,30,30,79,35,10,12,2,5,61,0x3885,150,768,480,864,0,0,0,0,0,0,0,0,956,1500,995,15,963,10000,1053,1250,1054,1250,1249,15,0,0,0,0,0,0,27121,5
2710,C2_PINGUICULA_D,Solid Dark Pinguicula,Solid Dark Pinguicula,113,180920,0,92,439,1,866,789,59,35,89,55,55,95,92,12,10,12,1,3,45,0x308D,348,1426,600,360,0,0,0,0,0,0,0,0,7100,10000,7198,5000,7188,7500,972,25,6086,2500,7939,3750,2148,25,0,0,0,0,4468,5
2711,C3_PINGUICULA,Pinguicula Ringleader,Pinguicula Ringleader,105,63735,0,71,322,1,793,322,46,77,67,60,64,107,77,34,10,12,1,3,62,0x308D,200,700,600,360,0,0,0,0,0,0,0,0,2745,5,1980,25,15028,25,7100,10000,7198,5000,7188,7500,7939,2500,0,0,0,0,4476,5
2712,C4_PICKY_,Furious Picky,Furious Picky,10,385,0,6,18,1,1,20,48,10,15,10,8,5,9,3,10,12,0,2,23,0x81,200,500,288,168,0,0,0,0,0,0,0,0,916,10000,949,5000,5015,150,507,5000,519,5000,601,2500,10012,100,0,0,0,0,4011,100
2713,C5_PHEN,Elusive Phen,Elusive Phen,52,8580,0,18,80,1,106,30,44,11,54,15,35,15,28,15,10,12,1,5,41,0x91,150,2544,1344,1152,0,0,0,0,0,0,0,0,1023,10000,963,5000,720,15,517,2500,951,1250,756,65,0,0,0,0,0,0,4077,5
2714,C1_PETIT,Swift Petite,Swift Petite,86,27455,0,45,202,1,433,66,99,49,55,32,38,37,65,20,10,12,1,9,22,0x3095,187,2468,768,480,0,0,0,0,0,0,0,0,1035,10000,1037,750,756,350,509,2500,6260,250,606,40,0,0,0,0,0,0,4118,5
2715,C2_PETIT,Solid Petite,Solid Petite,86,54910,0,45,202,1,433,66,99,49,55,32,38,37,65,20,10,12,1,9,22,0x3095,300,2468,768,480,0,0,0,0,0,0,0,0,1035,10000,1037,750,756,350,509,2500,6260,250,606,40,0,0,0,0,0,0,4118,5
2716,C3_PENOMENA,Penomena Ringleader,Penomena Ringleader,85,23105,0,42,199,7,385,41,85,32,76,38,35,35,107,10,10,12,1,5,25,0x3695,400,832,500,600,0,0,0,0,0,0,0,0,7013,10000,962,10000,938,10000,525,500,719,40,1258,5,716,1375,0,0,0,0,4314,5
2717,C4_PENOMENA,Furious Penomena,Furious Penomena,85,23105,0,42,199,7,385,41,85,32,76,49,35,35,107,10,10,12,1,5,25,0x3695,400,500,500,600,0,0,0,0,0,0,0,0,7013,10000,962,10000,938,10000,525,500,719,40,1258,5,716,1375,0,0,0,0,4314,5
2718,C5_PECOPECO,Elusive Peco Peco,Elusive Peco Peco,25,1770,0,8,32,1,27,7,48,0,21,10,13,5,28,5,10,12,2,2,23,0x1089,200,1564,864,576,0,0,0,0,0,0,0,0,925,10000,2402,50,508,500,601,2500,1604,250,582,2500,0,0,0,0,0,0,4031,5
2719,C1_PASANA,Swift Pasana,Swift Pasana,79,15100,0,36,165,1,328,40,93,35,76,36,33,20,80,5,10,12,1,7,43,0x3095,123,976,576,288,0,0,0,0,0,0,0,0,7110,10000,7121,6250,757,50,2522,250,0,0,0,0,0,0,0,0,0,0,4099,5
2720,C2_PARASITE,Solid Parasite,Solid Parasite,76,31550,0,34,156,8,303,45,63,30,55,78,33,50,106,40,10,12,1,3,44,0x84,480,864,864,672,0,0,0,0,0,0,0,0,7193,10000,7194,5000,7186,9700,7198,1250,1957,5,1969,5,6265,2000,0,0,0,0,4309,5
2721,C3_OWL_DUKE,Owl Duke Ringleader,Owl Duke Ringleader,92,38900,0,52,243,1,499,300,80,45,54,51,45,88,106,50,10,12,2,6,60,0x3795,195,1345,824,440,0,0,0,0,0,0,0,0,7071,10000,7063,3750,693,250,747,5,5045,5,0,0,0,0,0,0,0,0,4237,5
2722,C4_ORK_WARRIOR,Furious Orc Warrior,Furious Orc Warrior,44,5235,0,15,61,1,100,33,52,3,32,19,24,15,16,10,10,12,1,7,22,0x3885,200,500,864,288,0,0,0,0,0,0,0,0,601,2500,931,10000,756,100,2267,10,1352,25,1304,15,2147,10,0,0,0,0,4066,5
2723,C5_ORC_ZOMBIE,Elusive Orc Zombie,Elusive Orc Zombie,51,7930,0,20,73,1,127,15,71,5,45,17,32,5,57,5,10,12,1,1,29,0x3885,400,2852,1152,840,0,0,0,0,0,0,0,0,1043,10000,938,7500,714,5,0,0,0,0,0,0,0,0,0,0,0,0,4071,5
2724,C1_ORC_SKELETON,Swift Orc Skeleton,Swift Orc Skeleton,53,8495,0,20,77,1,139,25,82,10,52,16,24,5,24,5,10,12,1,1,29,0x3885,150,2420,720,648,0,0,0,0,0,0,0,0,922,10000,932,8750,757,200,2299,5,1358,25,511,125,0,0,0,0,0,0,4085,5
2725,C2_ORC_LADY,Solid Orc Lady,Solid Orc Lady,45,11450,0,15,63,1,111,33,83,17,36,11,28,10,57,5,10,12,1,7,42,0x3695,240,1050,900,288,0,0,0,0,0,0,0,0,7053,10000,15012,10,2602,5,2206,5,601,2500,7477,10,2338,5,0,0,0,0,4255,5
2726,C3_OBSERVATION,Dame of Sentinel Ringlea,Dame of Sentinel Ringlea,127,184220,0,153,734,2,1261,152,98,55,99,75,52,55,178,80,10,12,1,8,80,0x3295,100,432,480,360,0,0,0,0,0,0,0,0,7441,1250,2621,5,7442,250,728,2500,12040,250,2210,25,0,0,0,0,0,0,4392,5
2727,C4_NOXIOUS,Furious Noxious,Furious Noxious,87,22310,0,39,216,1,404,71,117,66,58,58,60,55,68,50,10,12,1,0,68,0x3885,350,500,1440,672,0,0,0,0,0,0,0,0,7322,2500,7001,7500,605,125,7320,7500,6213,1500,6215,750,603,5,0,0,0,0,4334,5
2728,C5_NOVUS,Elusive Novus,Elusive Novus,90,26285,0,46,216,1,390,57,95,48,74,56,57,25,108,45,10,12,0,9,20,0x3885,110,151,288,360,0,0,0,0,0,0,0,0,511,7500,7053,2590,1036,1475,0,0,0,0,0,0,0,0,0,0,0,0,4383,5
2729,C1_NOVUS,Swift Novus,Swift Novus,90,26285,0,46,216,1,390,57,95,48,74,56,57,25,108,45,10,12,0,9,20,0x3885,82,151,288,360,0,0,0,0,0,0,0,0,511,7500,7053,2590,1036,1475,0,0,0,0,0,0,0,0,0,0,0,0,4383,5
2730,C2_NOVUS,Solid Novus,Solid Novus,90,52570,0,46,216,1,390,57,95,48,74,56,57,25,108,45,10,12,0,9,20,0x3885,132,151,288,360,0,0,0,0,0,0,0,0,511,7500,7053,2590,1036,1475,0,0,0,0,0,0,0,0,0,0,0,0,4383,5
2731,C3_NOVUS,Novus Ringleader,Novus Ringleader,90,26285,0,46,216,1,390,57,95,48,74,56,57,25,108,45,10,12,0,9,20,0x3885,110,151,288,360,0,0,0,0,0,0,0,0,511,7500,7053,2590,1036,1475,0,0,0,0,0,0,0,0,0,0,0,0,4383,5
2732,C4_NIGHTMARE_TERROR,Furious Nightmare Terror,Furious Nightmare Terror,107,85395,0,77,366,1,711,226,78,37,118,68,55,63,106,43,10,12,2,6,67,0x3985,165,500,816,432,0,0,0,0,0,0,0,0,7120,2000,2626,5,2608,75,505,125,510,375,695,250,1261,5,0,0,0,0,4166,5
2733,C5_NG_WRAITH_DEAD,Elusive Wraith Dead (Nig,Elusive Wraith Dead (Nig,110,94615,0,87,360,1,865,122,93,53,69,52,47,55,109,28,10,12,2,1,89,0x3885,250,1816,576,240,0,0,0,0,0,0,0,0,1059,10000,2206,50,2506,25,716,3750,2505,50,732,50,0,0,0,0,0,0,0,0
2734,C1_NG_WANDER_MAN,Furious Wanderer (Nightm,Furious Wanderer (Nightm,151,653410,0,413,1974,2,3392,218,129,16,208,151,76,39,231,50,10,12,1,6,24,0x3985,75,672,500,192,0,0,0,0,0,0,0,0,7005,10000,616,10,13015,25,2270,25,21003,5,984,550,1164,50,0,0,0,0,0,0
2735,C2_NEPENTHES,Solid Nephentes,Solid Nephentes,114,182050,0,93,443,7,892,125,25,5,94,32,41,39,210,59,10,12,1,3,45,0x84,1000,500,576,504,0,0,0,0,0,0,0,0,5399,5,1979,5,1926,5,1740,5,6041,7500,993,125,905,10000,0,0,0,0,4470,5
2736,C3_NECROMANCER,Necromancer Ringleader,Necromancer Ringleader,133,456520,0,125,685,1,1630,1006,84,73,108,54,77,116,137,30,10,12,1,1,89,0x3695,150,1816,1320,420,0,0,0,0,0,0,0,0,932,10000,2532,25,609,250,7117,3750,0,0,0,0,0,0,0,0,0,0,4440,5
2737,C4_MYSTCASE,Furious Myst Case,Furious Myst Case,39,4045,0,12,51,1,69,21,50,11,26,24,40,35,31,25,10,12,1,0,60,0x91,400,500,1248,432,0,0,0,0,0,0,0,0,530,225,601,2500,603,50,539,5000,722,375,731,15,529,850,0,0,0,0,4206,5
2738,C5_MUSCIPULAR,Elusive Muscipular,Elusive Muscipular,105,57945,0,71,322,3,727,76,114,43,100,60,58,37,72,47,10,12,1,3,22,0x84,1000,672,648,360,0,0,0,0,0,0,0,0,7565,7500,1032,7500,629,5,1033,5000,905,2500,631,10,6217,1000,0,0,0,0,4420,5
2739,C1_MUMMY,Swift Mummy,Swift Mummy,55,9495,0,21,81,1,151,21,95,3,54,4,14,1,68,0,10,12,1,1,49,0x3885,225,1772,72,384,0,0,0,0,0,0,0,0,930,10000,756,250,934,1375,2604,5,2611,25,525,625,508,2125,0,0,0,0,4106,5
2740,C2_MUMMY,Solid Mummy,Solid Mummy,55,18990,0,21,81,1,151,21,95,3,54,4,14,1,68,0,10,12,1,1,49,0x3885,360,1772,72,384,0,0,0,0,0,0,0,0,930,10000,756,250,934,1375,2604,5,2611,25,525,625,508,2125,0,0,0,0,4106,5
2741,C3_MUKA,Muka Ringleader,Muka Ringleader,23,1685,0,9,31,1,22,9,28,0,18,9,28,5,43,5,10,12,2,3,22,0x81,300,1960,960,384,0,0,0,0,0,0,0,0,993,175,952,10000,601,2500,511,1000,507,2500,1451,125,1002,625,0,0,0,0,4036,5
2742,C4_MOROCC_1,Furious Incarnation of M,Furious Incarnation of M,132,319500,0,119,377,1,2280,145,199,35,126,118,63,61,114,37,10,12,2,8,27,0x3695,110,500,480,432,0,0,0,0,0,0,0,0,2111,25,985,400,7054,10000,1541,50,0,0,0,0,0,0,0,0,0,0,0,0
2743,C5_MOROCC_1,Elusive Incarnation of M,Elusive Incarnation of M,132,319500,0,119,377,1,2281,145,199,35,126,91,63,61,114,37,10,12,2,8,27,0x3695,110,576,480,432,0,0,0,0,0,0,0,0,2111,25,985,400,7054,10000,1541,50,0,0,0,0,0,0,0,0,0,0,0,0
2744,C1_MOROCC_1,Swift Incarnation of Mor,Swift Incarnation of Mor,132,319500,0,119,377,1,2281,145,199,35,126,91,63,61,114,37,10,12,2,8,27,0x3695,82,576,480,432,0,0,0,0,0,0,0,0,2111,25,985,400,7054,10000,1541,50,0,0,0,0,0,0,0,0,0,0,0,0
2745,C2_MOLE,Solid Holden,Solid Holden,85,43900,0,44,199,9,404,49,82,16,53,65,31,30,58,31,10,12,0,2,42,0x1089,360,1400,960,504,0,0,0,0,0,0,0,0,1017,10000,1018,10000,5119,125,0,0,0,0,0,0,0,0,0,0,0,0,4343,5
2746,C3_MIYABI_NINGYO,Miyabi Doll Ringleader,Miyabi Doll Ringleader,85,25415,0,42,199,1,346,66,57,19,66,30,30,55,88,40,10,12,1,6,27,0x191,250,1938,2112,768,0,0,0,0,0,0,0,0,7152,10000,7153,6250,509,3875,1000,3125,12127,25,13014,15,0,0,0,0,0,0,4208,5
2747,C4_MINOROUS,Furious Minorous,Furious Minorous,58,8645,0,21,93,1,186,36,100,10,65,54,36,43,61,25,10,12,2,2,43,0x3095,200,500,960,432,0,0,0,0,0,0,0,0,941,10000,756,490,1361,5,1005,25,6254,250,1301,500,568,750,0,0,0,0,4126,5
2748,C5_MINOROUS,Elusive Minorous,Elusive Minorous,58,8645,0,21,93,1,186,36,100,10,65,42,36,43,61,25,10,12,2,2,43,0x3095,200,1360,960,432,0,0,0,0,0,0,0,0,941,10000,756,490,1361,5,1005,25,6254,250,1301,500,568,750,0,0,0,0,4126,5
2749,C1_MINOROUS,Swift Minorous,Swift Minorous,58,8645,0,21,93,1,186,36,100,10,65,42,36,43,61,25,10,12,2,2,43,0x3095,150,1360,960,432,0,0,0,0,0,0,0,0,941,10000,756,490,1361,5,1005,25,6254,250,1301,500,568,750,0,0,0,0,4126,5
2750,C2_MINERAL,Solid Mineral,Solid Mineral,96,79590,0,55,258,1,448,57,127,23,70,61,40,50,74,50,10,12,0,0,40,0x91,300,648,480,360,0,0,0,0,0,0,0,0,7321,7500,728,1250,714,5,984,200,1011,2000,715,250,969,1,0,0,0,0,4339,5
2751,C3_MIMING,Miming Ringleader,Miming Ringleader,140,406000,0,192,866,1,774,222,120,120,90,66,105,77,200,77,10,12,0,0,20,0x3885,250,576,1140,504,0,0,0,0,0,0,0,0,6394,7500,7938,250,969,1,2853,5,0,0,0,0,0,0,0,0,0,0,4510,5
2752,C4_MIMIC,Furious Mimic,Furious Mimic,56,8535,0,20,88,1,157,22,63,15,49,156,20,15,109,0,10,12,1,0,60,0x3095,100,500,500,288,0,0,0,0,0,0,0,0,617,15,603,115,1065,3000,7938,2500,2626,5,757,675,0,0,0,0,0,0,4205,5
2753,C5_MIMIC,Elusive Mimic,Elusive Mimic,56,8535,0,20,88,1,157,22,63,15,49,120,20,15,109,0,10,12,1,0,60,0x3095,100,972,500,288,0,0,0,0,0,0,0,0,617,15,603,115,1065,3000,7938,2500,2626,5,757,675,0,0,0,0,0,0,4205,5
2754,C1_METALLER,Swift Metaller,Swift Metaller,55,7435,0,19,86,1,151,41,72,12,52,24,10,0,52,31,10,12,1,4,23,0x118B,150,1708,1008,540,0,0,0,0,0,0,0,0,990,150,940,10000,707,50,935,7500,1914,25,0,0,0,0,0,0,0,0,4057,5
2755,C2_METALING,Solid Metaling,Solid Metaling,81,38620,0,40,185,1,313,39,69,28,58,30,49,17,60,5,10,12,0,0,20,0x83,360,384,672,480,0,0,0,0,0,0,0,0,7325,10000,1002,2500,998,1250,7126,2500,7317,500,7312,10000,0,0,0,0,0,0,4341,5
2756,C3_METALING,Metaling Ringleader,Metaling Ringleader,81,19310,0,40,185,1,313,39,69,28,58,30,49,17,60,5,10,12,0,0,20,0x83,300,384,672,480,0,0,0,0,0,0,0,0,7325,10000,1002,2500,998,1250,7126,2500,7317,500,7312,10000,0,0,0,0,0,0,4341,5
2757,C4_MERMAN,Furious Merman,Furious Merman,60,11620,0,22,98,1,145,32,62,8,45,37,30,19,55,10,10,12,1,7,61,0x3695,220,500,816,336,0,0,0,0,0,0,0,0,1054,3250,2317,5,568,1000,720,100,995,90,1460,10,756,510,0,0,0,0,4199,5
2758,C5_MENBLATT,Elusive Menblatt,Elusive Menblatt,143,411000,0,173,941,3,979,201,79,50,70,68,40,55,108,30,10,12,1,4,44,0x3795,145,472,1056,480,0,0,0,0,0,0,0,0,7168,5000,7163,10000,0,0,0,0,0,0,0,0,0,0,0,0,0,0,0,0
2759,C1_MEDUSA,Swift Medusa,Swift Medusa,102,56400,0,65,310,1,589,113,87,66,99,68,65,79,83,15,10,12,1,6,40,0x3795,135,1720,1320,360,0,0,0,0,0,0,0,0,1048,10000,1965,625,702,500,722,625,1649,15,1007,10,0,0,0,0,0,0,4124,5
2760,C2_MARTIN,Solid Martin,Solid Martin,39,7690,0,13,51,1,73,18,58,19,25,29,28,15,30,10,10,12,0,2,42,0x81,360,1480,480,480,0,0,0,0,0,0,0,0,1017,10000,1018,10000,1251,25,2225,15,5009,5,10010,25,601,2500,0,0,0,0,4046,5
2761,C3_MARIONETTE,Marionette Ringleader,Marionette Ringleader,90,20445,0,41,228,1,390,190,35,24,52,79,28,105,86,20,10,12,0,6,68,0x3195,300,1480,480,1056,0,0,0,0,0,0,0,0,1060,10000,2294,15,2605,5,699,250,2407,5,5141,10,0,0,0,0,0,0,4113,5
2762,C4_MARIN,Furious Marin,Furious Marin,37,4220,0,12,48,1,50,14,32,8,24,6,10,5,30,15,10,12,1,3,41,0x83,400,500,672,480,0,0,0,0,0,0,0,0,910,8000,938,3750,700,250,601,2500,510,190,529,875,5035,5,0,0,0,0,4196,5
2763,C5_MARDUK,Elusive Marduk,Elusive Marduk,73,15495,0,32,147,1,306,112,66,43,66,49,21,40,79,25,10,12,2,7,23,0x3095,300,1540,840,504,0,0,0,0,0,0,0,0,994,90,1045,10000,1608,25,2617,5,1614,10,691,250,642,50,0,0,0,0,4112,5
2764,C1_MANTIS,Swift Mantis,Swift Mantis,65,11815,0,27,116,1,238,31,90,0,55,33,24,5,46,15,10,12,1,4,22,0x3195,150,1528,660,432,0,0,0,0,0,0,0,0,993,275,1031,10000,911,3500,757,175,943,625,721,25,507,1625,0,0,0,0,4079,5
2765,C2_MANDRAGORA,Solid Mandragora,Solid Mandragora,13,1400,0,7,21,4,4,3,13,2,12,3,5,5,10,5,10,12,1,3,62,0x84,1000,1768,768,576,0,0,0,0,0,0,0,0,993,300,905,10000,1405,150,511,2000,601,2500,706,1,1967,25,0,0,0,0,4030,5
2766,C3_MANANANGGAL,Manananggal Ringleader,Manananggal Ringleader,107,78280,0,77,366,1,640,103,64,31,75,85,45,71,75,46,10,12,1,6,47,0x3985,100,280,720,360,0,0,0,0,0,0,0,0,7006,5000,913,5000,0,0,0,0,0,0,0,0,0,0,0,0,0,0,0,0
2767,C4_MAJORUROS,Furious Majoruros,Furious Majoruros,107,67610,0,77,366,1,782,432,111,25,112,75,65,55,86,49,10,12,2,2,43,0x3695,250,500,960,780,0,0,0,0,0,0,0,0,941,10000,6254,2500,984,40,509,4625,2611,400,1000,625,0,0,0,0,0,0,4201,5
2768,C5_MAGNOLIA,Elusive Magnolia,Elusive Magnolia,53,7725,0,19,82,1,98,165,51,8,49,25,21,50,31,85,10,12,0,6,21,0x183,200,1054,504,432,0,0,0,0,0,0,0,0,7031,10000,910,2000,911,250,912,25,737,100,508,1000,12127,15,0,0,0,0,4076,5
2769,C1_MAGMARING,Swift Magmaring,Swift Magmaring,110,54595,0,80,380,1,709,44,190,45,107,33,35,47,73,20,10,12,0,0,43,0x83,225,1472,384,288,0,0,0,0,0,0,0,0,7097,7500,757,85,0,0,0,0,0,0,0,0,0,0,0,0,0,0,4432,5
2770,C2_LUNATIC,Solid Lunatic,Solid Lunatic,3,480,0,6,10,1,1,1,18,0,10,3,3,0,8,5,10,12,0,2,60,0x81,240,1456,456,336,0,0,0,0,0,0,0,0,705,10000,949,10000,2262,20,1102,500,601,2500,515,10000,622,100,0,0,0,0,4006,100
2771,C3_LUNATIC,Lunatic Ringleader,Lunatic Ringleader,3,240,0,6,10,1,1,1,18,0,10,3,3,0,8,5,10,12,0,2,60,0x81,200,1456,456,336,0,0,0,0,0,0,0,0,705,10000,949,10000,2262,20,1102,500,601,2500,515,10000,622,100,0,0,0,0,4006,100
2772,C4_LUDE,Furious Lude,Furious Lude,101,55895,0,71,290,2,508,78,90,53,97,49,55,82,83,55,10,12,0,1,29,0x3885,150,500,960,480,0,0,0,0,0,0,0,0,7225,8000,7220,10000,1059,2500,2282,25,757,25,12001,250,6246,750,0,0,0,0,4193,5
2773,C5_LUCIOLA_VESPA,Elusive Luciola Vespa,Elusive Luciola Vespa,109,65020,0,79,375,1,762,111,59,55,88,89,55,32,143,59,10,12,1,4,24,0x7185,110,1000,864,432,0,0,0,0,0,0,0,0,2744,5,6224,5,518,750,992,400,526,500,943,7500,0,0,0,0,0,0,4445,5
2774,C1_LOLI_RURI,Swift Loli Ruri,Swift Loli Ruri,109,86680,0,79,375,2,762,280,53,44,111,50,47,79,95,79,10,12,2,6,87,0x3985,93,747,1632,576,0,0,0,0,0,0,0,0,7206,2000,7219,7500,7214,10000,985,250,7019,5,2718,15,0,0,0,0,0,0,4191,5
2775,C2_LIVE_PEACH_TREE,Solid Enchanted Peach Tr,Solid Enchanted Peach Tr,92,74260,0,54,243,7,522,72,109,40,76,52,55,40,92,50,10,12,1,3,42,0x2085,492,400,672,480,0,0,0,0,0,0,0,0,7164,10000,7939,250,526,2500,604,1000,532,250,603,15,0,0,0,0,0,0,4217,5
2776,C3_LITTLE_PORING,Baby Poring Ringleader,Baby Poring Ringleader,1,200,0,1,2,1,9,1,2,5,6,1,1,0,6,5,10,12,0,3,21,0x83,400,1872,672,480,0,0,0,0,0,0,0,0,909,10000,1202,500,938,5000,512,10000,507,5000,512,2500,507,5000,0,0,0,0,4545,500
2777,C4_LITTLE_FATUM,Furious Little Fatum,Furious Little Fatum,142,425500,0,203,894,1,794,452,51,198,10,85,17,148,222,97,10,12,0,7,44,0x3885,150,500,300,432,0,0,0,0,0,0,0,0,6395,7500,7938,250,2465,5,0,0,0,0,0,0,0,0,0,0,0,0,4511,5
2778,C5_LI_ME_MANG_RYANG,Elusive Jing Guai,Elusive Jing Guai,80,19970,0,38,169,1,404,41,110,37,61,22,33,35,74,20,10,12,1,6,62,0x3985,165,1120,576,420,0,0,0,0,0,0,0,0,7267,10000,7268,1000,1523,5,0,0,0,0,0,0,0,0,0,0,0,0,4265,5
2779,C1_LES,Swift Les,Swift Les,82,24045,0,42,189,1,427,30,123,30,63,20,35,25,62,30,10,12,1,3,82,0x1089,172,1728,720,576,0,0,0,0,0,0,0,0,7100,5000,511,2500,711,2500,905,6250,2270,5,521,1250,510,125,0,0,0,0,27158,5
2780,C2_LEIB_OLMAI,Solid Leib Olmai,Solid Leib Olmai,118,251680,0,114,520,1,1201,105,127,31,72,35,80,35,77,27,10,12,2,2,22,0x3695,210,1260,230,192,0,0,0,0,0,0,0,0,948,10000,2289,20,740,300,518,1250,969,1,7053,2000,0,0,0,0,0,0,4188,5
2781,C3_LEAF_CAT,Leaf Cat Ringleader,Leaf Cat Ringleader,64,10350,0,26,113,1,210,41,88,16,46,16,12,45,36,29,10,12,0,2,22,0x83,150,960,864,720,0,0,0,0,0,0,0,0,7198,10000,520,750,608,5,1023,2750,568,625,567,1250,7298,10000,0,0,0,0,4195,5
2782,C4_L_WHIKEBAIN,Furious Wickebine Tres,Furious Wickebine Tres,98,58560,0,36,256,1,654,216,125,72,125,130,75,46,93,60,10,12,1,7,65,0x3095,130,500,400,288,0,0,0,0,0,0,0,0,7347,10000,7345,10000,1239,500,1231,25,2335,2500,2336,25,603,10,0,0,0,0,0,0
2783,C5_L_EREMES,Elusive Eremes,Elusive Eremes,98,45145,0,66,155,1,886,153,109,10,130,78,53,60,114,68,10,12,1,7,85,0x3885,160,432,400,288,0,0,0,0,0,0,0,0,7345,10000,7347,10000,1261,500,1285,25,2337,2500,2359,25,603,10,0,0,0,0,0,0
2784,C1_KOBOLD_ARCHER,Swift Kobold Archer,Swift Kobold Archer,108,57360,0,78,371,9,663,33,84,5,99,39,48,30,124,25,10,12,0,7,23,0x2085,150,1008,1008,384,0,0,0,0,0,0,0,0,912,625,999,150,1034,10000,5118,125,12015,40,1711,15,756,200,0,0,0,0,4292,5
2785,C2_KOBOLD_1,Solid Kobold,Solid Kobold,107,135220,0,77,366,1,711,87,103,25,109,76,61,53,98,30,10,12,1,7,44,0x308D,180,1028,528,360,0,0,0,0,0,0,0,0,999,250,1034,10000,912,1750,757,65,1220,5,2104,15,2859,25,0,0,0,0,4091,5
2786,C3_KNOCKER,Knocker Ringleader,Knocker Ringleader,126,165235,0,159,729,1,1231,103,126,62,93,62,58,56,139,70,10,12,0,6,22,0x191,200,1548,384,288,0,0,0,0,0,0,0,0,997,75,1003,375,1040,10000,2286,5,6223,25,0,0,0,0,0,0,0,0,4434,5
2787,C4_KIND_OF_BEETLE,Furious Beetle King,Furious Beetle King,55,7435,0,20,86,1,151,52,79,8,53,61,10,0,50,0,10,12,0,4,22,0x1189,165,500,768,576,0,0,0,0,0,0,0,0,7190,10000,7202,10000,928,2500,955,1250,2102,5,0,0,0,0,0,0,0,0,4307,5
2788,C5_KASA,Elusive Kasa,Elusive Kasa,135,350640,0,152,883,2,1807,305,104,70,111,74,65,78,162,55,10,12,2,0,63,0x3695,150,800,600,288,0,0,0,0,0,0,0,0,7097,7500,7122,6250,994,75,2680,5,2344,25,1730,25,0,0,0,0,0,0,4431,5
2789,C1_KARAKASA,Swift Karakasa,Swift Karakasa,72,15135,0,31,144,1,270,42,93,29,66,73,33,20,64,60,10,12,1,0,60,0x81,116,1638,2016,576,0,0,0,0,0,0,0,0,7151,10000,7150,10000,1019,8000,7111,5500,912,10000,746,75,13012,15,0,0,0,0,4286,5
2790,C2_ISIS,Solid Isis,Solid Isis,59,22520,0,21,95,1,175,37,83,5,58,43,22,5,43,15,10,12,2,6,27,0x3195,240,1384,768,336,0,0,0,0,0,0,0,0,936,10000,2233,15,2603,5,733,375,732,50,954,2500,731,15,0,0,0,0,4116,5
2791,C3_ISILLA,Isilla Ringleader,Isilla Ringleader,124,145755,0,130,624,1,1172,168,69,19,90,65,43,82,127,75,10,12,1,7,80,0x3885,300,768,360,432,0,0,0,0,0,0,0,0,7568,6250,7563,2500,2610,25,2601,5,7563,250,0,0,0,0,0,0,0,0,4412,5
2792,C4_INJUSTICE,Furious Injustice,Furious Injustice,95,40435,0,54,254,1,439,116,76,31,77,76,58,65,88,50,10,12,1,1,47,0x3695,400,500,720,336,0,0,0,0,0,0,0,0,999,750,7054,10000,7053,8750,2313,15,2316,5,660,5,0,0,0,0,0,0,4268,5
2793,C5_INCREASE_SOIL,Elusive Mi Gao,Elusive Mi Gao,83,24495,0,43,192,1,439,30,112,39,67,23,41,49,94,30,10,12,1,0,62,0x91,445,106,1056,576,0,0,0,0,0,0,0,0,7264,10000,7004,5750,997,25,969,1,0,0,0,0,0,0,0,0,0,0,4231,5
2794,C1_ICE_TITAN,Swift Ice Titan,Swift Ice Titan,110,94615,0,80,380,1,708,98,344,11,133,54,78,33,94,26,10,12,2,0,61,0x3885,187,861,660,144,0,0,0,0,0,0,0,0,7561,10000,7066,7500,749,250,984,25,13314,25,6253,1250,995,250,0,0,0,0,4417,5
2795,C2_IARA,Solid Iara,Solid Iara,79,42620,0,36,165,1,264,99,0,76,69,14,41,60,83,20,10,12,1,5,61,0x91,240,384,672,288,0,0,0,0,0,0,0,0,995,15,950,10000,951,1250,748,125,747,250,710,25,2334,5,0,0,0,0,27120,5
2796,C3_HYEGUN,Yao Jun Ringleader,Yao Jun Ringleader,87,32065,0,48,195,1,404,48,84,43,69,38,40,20,82,20,10,12,1,1,49,0x3885,180,890,1320,720,0,0,0,0,0,0,0,0,7054,9700,609,250,985,25,2406,5,7277,750,15013,25,0,0,0,0,0,0,4328,5
2797,C4_HUNTER_FLY,Furious Hunter Fly,Furious Hunter Fly,63,9510,0,24,111,1,183,20,46,20,32,93,22,25,100,15,10,12,0,4,44,0x3985,150,500,576,480,0,0,0,0,0,0,0,0,996,75,999,250,943,10000,912,3250,756,325,2259,5,1226,5,0,0,0,0,4115,5
2798,C5_HORNET,Elusive Hornet,Elusive Hornet,11,425,0,7,19,1,2,3,7,1,12,24,4,5,6,5,10,12,0,4,24,0x181,150,1292,792,216,0,0,0,0,0,0,0,0,992,400,939,10000,909,10000,1208,100,511,2500,518,500,601,2500,0,0,0,0,4019,100
2799,C1_HORN_SCARABA,Swift Uni-horn Scaraba,Swift Uni-horn Scaraba,130,255500,0,109,551,1,1063,91,135,20,44,59,55,21,99,33,10,12,0,4,22,0x1189,150,384,672,360,0,0,0,0,0,0,0,0,6324,10000,1433,25,12735,25,7939,250,993,250,0,0,0,0,0,0,0,0,4505,5
2800,C2_HORN,Solid Horn,Solid Horn,32,5640,0,11,41,1,48,11,52,8,10,12,36,25,21,35,10,12,1,4,22,0x191,240,1528,528,288,0,0,0,0,0,0,0,0,993,200,1011,90,947,10000,1452,40,935,10000,943,175,601,2500,0,0,0,0,4045,5
2801,C3_HODREMLIN,Hodremlin Ringleader,Hodremlin Ringleader,122,158980,0,128,614,1,1004,154,75,25,106,70,77,60,83,40,10,12,1,6,67,0x3985,140,960,528,432,0,0,0,0,0,0,0,0,7340,2500,2406,5,938,2500,7563,2500,1061,5000,2426,25,0,0,0,0,0,0,4413,5
2802,C4_HODE,Furious Hode,Furious Hode,63,11735,0,26,111,1,232,45,91,24,61,20,42,5,32,40,10,12,1,2,42,0x81,200,500,480,720,0,0,0,0,0,0,0,0,993,300,1055,10000,757,200,938,7500,1147,25,7021,5,632,50,0,0,0,0,4081,5
2803,C5_HILL_WIND_1,Elusive Hill Wind,Elusive Hill Wind,101,55895,0,64,306,3,565,67,90,37,105,69,59,35,96,25,10,12,1,2,64,0x3885,170,504,480,360,0,0,0,0,0,0,0,0,7115,10000,7116,7500,528,2500,510,25,15025,25,0,0,0,0,0,0,0,0,4345,5
2804,C1_HILL_WIND_1,Swift Hill Wind,Swift Hill Wind,101,55895,0,64,306,3,565,67,90,37,105,69,59,35,96,25,10,12,1,2,64,0x3885,127,504,480,360,0,0,0,0,0,0,0,0,7115,10000,7116,7500,528,2500,510,25,15025,25,0,0,0,0,0,0,0,0,4345,5
2805,C2_HIGH_ORC,Solid High Orc,Solid High Orc,81,40770,0,40,185,1,380,50,101,45,75,16,40,31,83,20,10,12,2,7,43,0x3695,180,1500,500,1000,0,0,0,0,0,0,0,0,7002,6250,1304,25,999,225,931,10000,912,3250,756,490,508,2250,0,0,0,0,4322,5
2806,C3_HARPY,Harpy Ringleader,Harpy Ringleader,83,22270,0,41,192,1,366,41,69,44,71,39,50,31,125,12,10,12,1,6,64,0x3985,155,972,672,470,0,0,0,0,0,0,0,0,7115,10000,7116,6250,508,3750,508,2000,709,50,1820,50,0,0,0,0,0,0,4325,5
2807,C4_HARPY,Furious Harpy,Furious Harpy,83,22270,0,41,192,1,366,41,69,44,71,50,50,31,125,12,10,12,1,6,64,0x3985,155,500,672,470,0,0,0,0,0,0,0,0,7115,10000,7116,6250,508,3750,508,2000,709,50,1820,50,0,0,0,0,0,0,4325,5
2808,C5_GREEN_IGUANA,Elusive Grove,Elusive Grove,55,8670,0,20,86,1,172,35,96,18,58,42,22,5,50,17,10,12,1,2,42,0x83,200,1152,1152,480,0,0,0,0,0,0,0,0,521,3750,903,2500,520,2500,511,2500,528,5000,606,25,6264,1250,0,0,0,0,4377,5
2809,C1_GREATEST_GENERAL,Swift Greatest General,Swift Greatest General,55,7025,0,19,86,3,151,26,114,30,58,30,20,25,28,20,10,12,1,0,43,0x84,150,1152,1152,384,0,0,0,0,0,0,0,0,7054,5000,1019,5000,1501,250,662,750,2272,5,508,625,686,250,0,0,0,0,4283,5
2810,C2_GRAND_PECO,Solid Grand Peco,Solid Grand Peco,75,30840,0,33,153,2,324,56,95,30,63,45,50,23,61,25,10,12,2,2,43,0x1089,198,1460,960,432,0,0,0,0,0,0,0,0,7101,10000,522,750,992,2500,969,1,582,1250,0,0,0,0,0,0,0,0,4161,5
2811,C3_GRAND_PECO,Grand Peco Ringleader,Grand Peco Ringleader,75,15420,0,33,153,2,324,56,95,30,63,45,50,23,61,25,10,12,2,2,43,0x1089,165,1460,960,432,0,0,0,0,0,0,0,0,7101,10000,522,750,992,2500,969,1,582,1250,0,0,0,0,0,0,0,0,4161,5
2812,C4_GOLEM,Furious Golem,Furious Golem,61,11620,0,24,106,1,206,25,190,12,70,35,67,5,34,5,10,12,2,0,60,0x91,300,500,816,396,0,0,0,0,0,0,0,0,999,375,953,10000,912,550,757,175,2146,15,715,500,998,875,0,0,0,0,4072,5
2813,C5_GOBLIN_1,Elusive Goblin,Elusive Goblin,48,5535,0,16,68,1,111,34,56,5,37,54,25,20,36,10,10,12,1,7,24,0x3695,100,1120,620,240,0,0,0,0,0,0,0,0,601,2500,911,10000,756,110,2297,10,1211,25,2104,15,507,4500,0,0,0,0,4060,5
2814,C1_GOBLIN_1,Swift Goblin,Swift Goblin,48,5535,0,16,68,1,111,34,56,5,37,54,25,20,36,10,10,12,1,7,24,0x3695,75,1120,620,240,0,0,0,0,0,0,0,0,601,2500,911,10000,756,110,2297,10,1211,25,2104,15,507,4500,0,0,0,0,4060,5
2815,C2_GOAT,Solid Goat,Solid Goat,80,29050,0,36,169,1,337,60,95,43,61,40,48,40,78,31,10,12,1,2,63,0x1089,198,1380,1080,336,0,0,0,0,0,0,0,0,7106,10000,7107,6250,507,1250,510,2500,508,6250,511,10000,0,0,0,0,0,0,4150,5
2816,C3_GOAT,Goat Ringleader,Goat Ringleader,80,14525,0,36,169,1,337,60,95,43,61,40,48,40,78,31,10,12,1,2,63,0x1089,165,1380,1080,336,0,0,0,0,0,0,0,0,7106,10000,7107,6250,507,1250,510,2500,508,6250,511,10000,0,0,0,0,0,0,4150,5
2817,C4_GLD_KOBOLD_2,Furious Dark Hammer Kobo,Furious Dark Hammer Kobo,142,906700,0,432,2791,1,1680,133,117,59,96,79,55,48,95,20,10,12,1,7,45,0x308D,200,500,528,360,0,0,0,0,0,0,0,0,999,250,1034,10000,912,1750,985,65,1396,5,0,0,0,0,0,0,0,0,0,0
2818,C5_GLD_KOBOLD_2,Elusive Dark Hammer Kobo,Elusive Dark Hammer Kobo,142,906700,0,432,2791,1,1681,133,117,59,96,61,55,48,95,20,10,12,1,7,45,0x308D,200,1528,528,360,0,0,0,0,0,0,0,0,999,250,1034,10000,912,1750,985,65,1396,5,0,0,0,0,0,0,0,0,0,0
2819,C1_GLD_DARK_SHADOW,Swift Dark Shadow,Swift Dark Shadow,147,1020545,0,479,2778,1,1983,1621,140,44,155,126,89,108,213,76,10,12,0,0,47,0x3095,165,768,1776,648,0,0,0,0,0,0,0,0,7205,10000,2609,2500,13038,15,6089,2500,2783,5,6224,10,0,0,0,0,0,0,0,0
2820,C2_GLD_DARK_SHADOW,Solid Dark Shadow,Solid Dark Shadow,147,2041090,0,479,2778,1,1983,1621,140,44,155,126,89,108,213,76,10,12,0,0,47,0x3095,264,768,1776,648,0,0,0,0,0,0,0,0,7205,10000,2609,2500,13038,15,6089,2500,2783,5,6224,10,0,0,0,0,0,0,0,0
2821,C3_GIANT_HONET,Giant Hornet Ringleader,Giant Hornet Ringleader,120,92475,0,110,530,1,951,132,80,43,70,45,47,32,74,34,10,12,0,4,24,0x3795,155,1292,792,340,0,0,0,0,0,0,0,0,526,1375,518,3000,522,30,722,50,1736,40,0,0,0,0,0,0,0,0,4271,5
2822,C4_GHOUL,Furious Ghoul,Furious Ghoul,61,12145,0,26,100,1,188,29,78,5,56,15,19,11,30,10,10,12,1,1,49,0x3885,250,500,912,504,0,0,0,0,0,0,0,0,958,10000,756,275,509,1750,511,2000,2609,150,934,375,1260,5,0,0,0,0,4110,5
2823,C5_GHOUL,Elusive Ghoul,Elusive Ghoul,61,12145,0,26,100,1,188,29,78,5,56,12,19,11,30,10,10,12,1,1,49,0x3885,250,2456,912,504,0,0,0,0,0,0,0,0,958,10000,756,275,509,1750,511,2000,2609,150,934,375,1260,5,0,0,0,0,4110,5
2824,C1_GEOGRAPHER,Swift Geographer,Swift Geographer,73,17040,0,34,147,3,333,82,158,42,81,26,35,56,72,60,10,12,1,3,62,0x84,1000,1308,1008,480,0,0,0,0,0,0,0,0,1032,10000,1033,10000,2253,75,2207,125,12002,250,0,0,0,0,0,0,0,0,4280,5
2825,C2_GEOGRAPHER,Solid Geographer,Solid Geographer,73,34080,0,34,147,3,399,82,158,42,81,26,35,56,72,60,10,12,1,3,62,0x84,1000,1308,1008,480,0,0,0,0,0,0,0,0,1032,10000,1033,10000,2253,75,2207,125,12002,250,0,0,0,0,0,0,0,0,4280,5
2826,C3_GARGOYLE,Gargoyle Ringleader,Gargoyle Ringleader,100,46165,0,58,274,9,541,89,98,43,100,61,60,57,120,70,10,12,1,6,64,0x2185,200,1020,720,384,0,0,0,0,0,0,0,0,912,9700,1039,1250,1746,15,2619,5,1769,5000,757,595,0,0,0,0,0,0,4149,5
2827,C4_GARGOYLE,Furious Gargoyle,Furious Gargoyle,100,46165,0,58,274,9,541,89,98,43,100,79,60,57,120,70,10,12,1,6,64,0x2185,200,500,720,384,0,0,0,0,0,0,0,0,912,9700,1039,1250,1746,15,2619,5,1769,5000,757,595,0,0,0,0,0,0,4149,5
2828,C5_GALION,Elusive Galion,Elusive Galion,100,43860,0,58,274,1,541,77,100,62,106,79,62,45,108,36,10,12,1,2,44,0x108B,150,864,624,360,0,0,0,0,0,0,0,0,7564,7500,919,7500,996,25,0,0,0,0,0,0,0,0,0,0,0,0,4423,5
2829,C1_FUR_SEAL,Swift Seal,Swift Seal,47,6500,0,15,66,1,86,40,42,16,37,40,30,39,35,19,10,12,1,2,21,0x3095,150,1612,622,583,0,0,0,0,0,0,0,0,912,10000,601,2500,2310,15,7053,3000,1452,5,525,500,746,300,0,0,0,0,4312,5
2830,C2_FREEZER,Solid Freezer,Solid Freezer,94,83460,0,53,251,2,381,150,127,38,68,47,50,45,69,25,10,12,1,2,41,0x3695,204,1260,960,672,0,0,0,0,0,0,0,0,967,10000,7070,2125,7066,3125,912,4500,526,400,6256,500,689,250,0,0,0,0,4319,5
2831,C3_FREEZER,Freezer Ringleader,Freezer Ringleader,94,41730,0,53,251,2,381,150,127,38,68,47,50,45,69,25,10,12,1,2,41,0x3695,170,1260,960,672,0,0,0,0,0,0,0,0,967,10000,7070,2125,7066,3125,912,4500,526,400,6256,500,689,250,0,0,0,0,4319,5
2832,C4_FERUS_,Furious Ferus,Furious Ferus,126,211120,0,159,729,2,1537,122,111,33,91,74,57,61,87,51,10,12,2,9,42,0x3095,120,500,576,432,0,0,0,0,0,0,0,0,579,10000,1035,2500,1036,8975,997,50,0,0,0,0,0,0,0,0,0,0,4381,5
2833,C5_FARMILIAR,Elusive Familiar,Elusive Familiar,24,1650,0,8,32,1,20,9,26,5,15,19,20,5,20,1,10,12,0,2,27,0x81,150,1276,576,384,0,0,0,0,0,0,0,0,913,10000,1105,50,2209,40,601,2500,514,250,507,1750,645,125,0,0,0,0,4020,5
2834,C1_FAKE_ANGEL,Swift False Angel,Swift False Angel,105,52155,0,68,322,2,661,135,106,84,112,67,43,81,82,80,10,12,0,8,66,0x3885,120,920,720,336,0,0,0,0,0,0,0,0,2864,25,2865,25,2866,25,715,2500,716,2500,12020,2500,1974,50,0,0,0,0,4316,5
2835,C2_FABRE,Solid Fabre,Solid Fabre,6,590,0,7,14,1,1,3,24,0,12,5,5,5,12,5,10,12,0,4,22,0x181,480,1672,672,480,0,0,0,0,0,0,0,0,914,10000,949,5000,1502,400,601,2500,511,10000,705,5000,1501,1000,0,0,0,0,4002,100
2836,C3_FABRE,Fabre Ringleader,Fabre Ringleader,6,295,0,7,14,1,1,3,24,0,12,5,5,5,12,5,10,12,0,4,22,0x181,400,1672,672,480,0,0,0,0,0,0,0,0,914,10000,949,5000,1502,400,601,2500,511,10000,705,5000,1501,1000,0,0,0,0,4002,100
2837,C4_EXPLOSION,Furious Explosion,Furious Explosion,100,32320,0,58,274,1,487,110,112,50,91,66,63,50,78,60,10,12,0,2,63,0x3885,165,500,960,336,0,0,0,0,0,0,0,0,7006,10000,7097,5500,7122,8000,756,2000,522,1000,0,0,0,0,0,0,0,0,4267,5
2838,C5_EVIL_DRUID,Elusive Evil Druid,Elusive Evil Druid,80,23600,0,40,160,1,370,68,88,45,62,32,24,45,85,5,10,12,2,1,89,0x3695,300,2276,576,336,0,0,0,0,0,0,0,0,2217,25,1615,5,2508,5,7478,10,509,5000,0,0,0,0,0,0,0,0,4141,5
2839,C1_ELDER_WILOW,Swift Elder Willow,Swift Elder Willow,34,2675,0,11,44,1,51,14,45,0,10,14,25,0,29,0,10,12,1,3,43,0x3095,150,1372,672,432,0,0,0,0,0,0,0,0,990,125,907,10000,601,2500,757,100,7939,5,690,250,604,250,0,0,0,0,4052,5
2840,C2_ELDER_WILOW,Solid Elder Willow,Solid Elder Willow,34,5350,0,11,44,1,51,14,45,0,10,14,25,0,29,0,10,12,1,3,43,0x3095,240,1372,672,432,0,0,0,0,0,0,0,0,990,125,907,10000,601,2500,757,100,7939,5,690,250,604,250,0,0,0,0,4052,5
2841,C3_ECHIO,Echio Ringleader,Echio Ringleader,126,183590,0,152,729,1,1231,159,66,11,111,63,51,37,132,45,10,12,1,7,80,0x3295,250,768,360,360,0,0,0,0,0,0,0,0,7567,6250,608,10,7563,10000,5172,65,7563,250,0,0,0,0,0,0,0,0,4410,5
2842,C4_DUSTINESS,Furious Dustiness,Furious Dustiness,62,9245,0,24,108,1,176,31,69,50,46,28,46,60,75,105,10,12,0,4,44,0x191,150,500,504,384,0,0,0,0,0,0,0,0,1057,10000,1058,1250,2291,10,928,5000,1001,25,507,3000,0,0,0,0,0,0,4056,5
2843,C1_DRYAD,Swift Dryad,Swift Dryad,68,14085,0,28,124,3,285,35,153,8,54,14,40,35,74,10,10,12,1,3,82,0x3885,127,950,2520,576,0,0,0,0,0,0,0,0,7197,10000,7198,2500,7188,7500,6265,750,1964,5,2270,25,7100,7500,0,0,0,0,4177,5
2844,C2_DROSERA,Solid Drosera,Solid Drosera,101,111790,0,68,306,7,621,54,86,52,79,32,64,38,94,14,10,12,1,3,22,0x84,1000,864,576,336,0,0,0,0,0,0,0,0,7565,7500,6259,250,1032,5000,1033,5000,621,10,905,2500,6217,500,0,0,0,0,4421,5
2845,C3_DROPS,Drops Ringleader,Drops Ringleader,2,230,0,6,9,1,1,1,16,0,8,1,1,0,6,2,10,12,1,3,23,0x83,400,1372,672,480,0,0,0,0,0,0,0,0,909,10000,1602,400,938,3000,512,5000,601,2500,512,2000,620,100,0,0,0,0,4004,100
2846,C4_DRILLER,Furious Driller,Furious Driller,65,11815,0,27,116,1,238,31,96,18,62,65,25,15,53,5,10,12,1,2,22,0x3885,165,500,900,336,0,0,0,0,0,0,0,0,1012,10000,715,9700,716,8750,0,0,0,0,0,0,0,0,0,0,0,0,4180,5
2847,C5_DRAINLIAR,Elusive Drainliar,Elusive Drainliar,47,5910,0,15,66,1,87,42,50,15,35,34,24,22,50,20,10,12,0,2,47,0x3095,250,1276,576,384,0,0,0,0,0,0,0,0,1011,150,913,7500,725,50,507,2500,7006,10000,601,2500,756,100,0,0,0,0,4069,5
2848,C1_DRAGON_TAIL,Swift Dragon Tail,Swift Dragon Tail,86,26085,0,43,202,1,394,35,63,25,61,65,35,40,62,20,10,12,1,4,44,0x3795,131,862,534,312,0,0,0,0,0,0,0,0,7064,10000,1096,1000,943,2000,2207,20,2226,5,0,0,0,0,0,0,0,0,4178,5
2849,C2_DRACO,Solid Draco,Solid Draco,114,182050,0,97,443,1,981,110,56,3,21,58,47,34,99,66,10,12,1,9,22,0x1089,300,576,960,504,0,0,0,0,0,0,0,0,6073,7500,7123,250,1035,250,1037,2500,1036,2500,518,1250,2399,25,0,0,0,0,4444,5
2850,C3_DOLOMEDES,Dolomedes Ringleader,Dolomedes Ringleader,132,272955,0,140,709,3,1219,286,112,52,149,34,82,55,143,67,10,12,2,4,61,0x3985,250,360,360,600,0,0,0,0,0,0,0,0,6319,7500,6325,10000,6090,1250,2789,25,12738,25,6224,1250,1984,25,0,0,0,0,4506,5
2851,C4_DOKEBI,Furious Dokebi,Furious Dokebi,68,12805,0,27,124,1,193,30,85,20,52,72,35,20,66,25,10,12,0,6,27,0x191,250,500,456,384,0,0,0,0,0,0,0,0,1021,10000,757,375,1517,5,1613,5,969,1,10038,25,1005,15,0,0,0,0,4098,5
2852,C5_DISGUISE,Elusive Disguise,Elusive Disguise,103,62600,0,69,314,2,735,82,85,58,92,53,57,75,80,45,10,12,1,6,82,0x3985,147,516,768,384,0,0,0,0,0,0,0,0,7216,10000,7221,9215,6247,250,518,250,2508,125,2504,5,0,0,0,0,0,0,4181,5
2853,C1_DIMIK_1,Swift Dimik,Swift Dimik,116,107575,0,107,511,7,946,107,93,28,114,90,66,52,201,41,10,12,1,0,44,0x3885,112,576,720,432,0,0,0,0,0,0,0,0,7319,5000,7352,125,6216,175,7094,750,13153,15,984,25,12128,125,0,0,0,0,4370,5
2854,C2_DEVIRUCHI,Solid Deviruchi,Solid Deviruchi,93,71650,0,52,247,1,374,182,72,16,61,49,30,85,119,5,10,12,0,6,27,0x3795,180,980,600,384,0,0,0,0,0,0,0,0,1038,10000,1039,1000,984,5,1458,5,1009,15,756,385,0,0,0,0,0,0,4122,5
2855,C3_DESERT_WOLF_B,Baby Desert Wolf Ringlea,Baby Desert Wolf Ringlea,14,565,0,7,22,1,6,8,13,0,10,12,8,5,17,7,10,12,0,2,23,0x308D,300,1600,900,240,0,0,0,0,0,0,0,0,1010,215,919,10000,2306,200,601,2500,2301,500,13011,15,582,2500,0,0,0,0,4023,5
2856,C4_DESERT_WOLF_B,Furious Baby Desert Wolf,Furious Baby Desert Wolf,14,565,0,7,22,1,6,8,13,0,10,15,8,5,17,7,10,12,0,2,23,0x308D,300,500,900,240,0,0,0,0,0,0,0,0,1010,215,919,10000,2306,200,601,2500,2301,500,13011,15,582,2500,0,0,0,0,4023,5
2857,C5_DENIRO,Elusive Deniro,Elusive Deniro,31,2400,0,11,40,1,40,16,52,16,15,16,30,10,23,15,10,12,0,4,22,0x181,150,1288,288,576,0,0,0,0,0,0,0,0,955,10000,910,7500,938,3000,990,125,601,2500,1002,1125,757,85,0,0,0,0,4043,5
2858,C1_DEATHWORD,Swift Death Word,Swift Death Word,114,91025,0,93,443,1,892,125,68,40,91,64,53,88,139,54,10,12,1,0,60,0x3695,112,176,912,300,0,0,0,0,0,0,0,0,1097,10000,7015,750,2418,25,7479,5,7480,5,0,0,0,0,0,0,0,0,4388,5
2859,C2_DEATHWORD,Solid Death Word,Solid Death Word,114,182050,0,93,443,1,892,125,68,40,91,64,53,88,139,54,10,12,1,0,60,0x3695,180,176,912,300,0,0,0,0,0,0,0,0,1097,10000,7015,750,2418,25,7479,5,7480,5,0,0,0,0,0,0,0,0,4388,5
2860,C3_DEATHWORD,Death Word Ringleader,Death Word Ringleader,114,91025,0,93,443,1,892,125,68,40,91,64,53,88,139,54,10,12,1,0,60,0x3695,150,176,912,300,0,0,0,0,0,0,0,0,1097,10000,7015,750,2418,25,7479,5,7480,5,0,0,0,0,0,0,0,0,4388,5
2861,C4_DARK_PRIEST,Furious Dark Priest,Furious Dark Priest,98,54215,0,62,252,2,519,259,56,30,5,78,41,89,94,42,10,12,1,6,89,0x318D,200,500,1252,476,0,0,0,0,0,0,0,0,1557,15,2608,75,505,250,716,1125,1009,5,2319,15,7005,7500,0,0,0,0,4171,5
2862,C5_DANCING_DRAGON,Elusive Zhu Po Long,Elusive Zhu Po Long,82,20770,0,40,189,2,356,35,83,36,59,76,40,30,73,30,10,12,1,9,44,0x83,160,600,840,504,0,0,0,0,0,0,0,0,7266,10000,7265,7500,7268,2000,1036,2500,7038,7500,0,0,0,0,0,0,0,0,4272,5
2863,C1_CREAMY,Swift Creamy,Swift Creamy,23,1235,0,8,31,1,19,1,28,20,16,1,1,0,1,20,10,12,0,4,24,0x181,112,1136,720,840,0,0,0,0,0,0,0,0,924,10000,2322,100,518,1000,601,2500,2207,100,712,2500,692,500,0,0,0,0,4040,5
2864,C2_CORNUTUS,Solid Cornutus,Solid Cornutus,48,12290,0,16,68,1,79,47,42,28,32,27,45,26,27,15,10,12,0,5,21,0x91,240,1248,48,480,0,0,0,0,0,0,0,0,991,115,961,10000,911,2000,757,135,2106,15,943,2500,601,2500,0,0,0,0,4061,5
2865,C3_COOKIE,Cookie Ringleader,Cookie Ringleader,35,2985,0,11,45,1,50,25,56,28,15,23,35,12,31,15,10,12,0,7,60,0x91,200,1036,936,240,0,0,0,0,0,0,0,0,538,7500,530,375,601,2500,2402,75,12001,250,529,800,0,0,0,0,0,0,4293,5
2866,C4_CONSTANT,Furious Constant,Furious Constant,108,71700,0,78,371,1,590,144,92,82,126,127,62,57,109,34,10,12,0,0,67,0x3885,150,500,360,360,0,0,0,0,0,0,0,0,7512,250,7507,3750,7325,25,999,25,757,25,0,0,0,0,0,0,0,0,0,0
2867,C5_COMODO,Elusive Comodo,Elusive Comodo,81,21455,0,40,185,2,346,42,92,11,65,52,35,20,94,48,10,12,1,2,65,0x3885,180,500,576,504,0,0,0,0,0,0,0,0,517,10000,911,10000,908,10000,0,0,0,0,0,0,0,0,0,0,0,0,4516,5
2868,C1_COCO,Swift Coco,Swift Coco,38,3470,0,12,49,1,66,11,37,0,22,13,30,20,38,10,10,12,0,2,22,0x91,112,1864,864,1008,0,0,0,0,0,0,0,0,1026,10000,2502,50,914,7500,919,6250,516,1250,2402,65,601,2500,0,0,0,0,4041,5
2869,C2_COCO,Solid Coco,Solid Coco,38,6940,0,12,49,1,66,11,37,0,22,13,30,20,38,10,10,12,0,2,22,0x91,180,1864,864,1008,0,0,0,0,0,0,0,0,1026,10000,2502,50,914,7500,919,6250,516,1250,2402,65,601,2500,0,0,0,0,4041,5
2870,C3_CLOCK,Clock Ringleader,Clock Ringleader,81,22525,0,42,185,1,398,53,91,43,68,24,35,41,97,15,10,12,1,0,42,0x91,200,1092,792,480,0,0,0,0,0,0,0,0,1095,10000,1019,2000,509,4750,568,800,7026,75,7027,75,985,410,0,0,0,0,4299,5
2871,C4_CLOCK,Furious Clock,Furious Clock,81,22525,0,42,185,1,398,53,91,43,68,31,35,41,97,15,10,12,1,0,42,0x91,200,500,792,480,0,0,0,0,0,0,0,0,1095,10000,1019,2000,509,4750,568,800,7026,75,7027,75,985,410,0,0,0,0,4299,5
2872,C5_CHONCHON,Elusive Chonchon,Elusive Chonchon,5,240,0,6,12,1,1,3,27,0,13,4,4,0,8,5,10,12,0,4,24,0x181,200,1076,576,480,0,0,0,0,0,0,0,0,998,250,935,10000,909,10000,1205,250,601,2500,742,30,1002,1000,0,0,0,0,4009,100
2873,C1_CENTIPEDE,Swift Centipede,Swift Centipede,125,146375,0,131,629,2,1201,112,143,25,133,71,69,39,120,49,10,12,1,4,45,0x3795,112,1000,792,336,0,0,0,0,0,0,0,0,2746,5,2747,5,1741,25,1042,10000,912,10000,6224,25,943,6250,0,0,0,0,4447,5
2874,C2_CENERE,Solid Cenere,Solid Cenere,146,1301310,0,297,1571,1,2162,1031,87,81,67,39,30,35,95,45,10,12,0,3,24,0x3695,360,1500,720,360,0,0,0,0,0,0,0,0,7322,2500,7001,7500,7320,5000,0,0,0,0,0,0,0,0,0,0,0,0,0,0
2875,C3_CELIA,Celia Ringleader,Celia Ringleader,141,1265725,0,921,5230,1,1934,2450,74,312,136,99,61,121,121,49,10,12,1,7,68,0x3095,180,1152,864,288,0,0,0,0,0,0,0,0,7345,10000,2853,100,985,500,1654,5,0,0,0,0,0,0,0,0,0,0,0,0
2876,C4_CATERPILLAR,Furious Caterpillar,Furious Caterpillar,121,129535,0,133,609,1,1086,125,100,42,58,48,51,50,54,45,10,12,0,4,22,0x3795,300,500,672,480,0,0,0,0,0,0,0,0,949,7500,7054,10000,1000,250,997,125,603,10,0,0,0,0,0,0,0,0,4289,5
2877,C5_CARAT,Elusive Carat,Elusive Carat,103,54065,0,66,314,1,613,76,111,67,102,64,60,40,80,50,10,12,1,6,44,0x3795,200,1078,768,384,0,0,0,0,0,0,0,0,7054,8000,536,2500,2409,15,5003,5,509,3625,0,0,0,0,0,0,0,0,4288,5
2878,C1_CARAMEL,Swift Caramel,Swift Caramel,25,1595,0,9,32,1,25,9,39,0,19,10,15,10,32,5,10,12,0,2,22,0x91,150,1604,840,756,0,0,0,0,0,0,0,0,1027,10000,2310,15,919,10000,1455,25,1405,40,1408,50,601,2500,0,0,0,0,4063,5
2879,C2_BUNGISNGIS,Solid Bungisngis,Solid Bungisngis,121,331020,0,133,609,1,1356,151,115,35,71,32,61,30,74,19,10,12,2,7,42,0x3095,240,1568,432,360,0,0,0,0,0,0,0,0,7054,5000,985,50,0,0,0,0,0,0,0,0,0,0,0,0,0,0,0,0
2880,C3_BREEZE,Breeze Ringleader,Breeze Ringleader,92,35365,0,52,243,2,454,52,83,32,75,101,46,35,79,55,10,12,1,0,64,0x3885,100,140,384,504,0,0,0,0,0,0,0,0,706,1,2270,25,604,25,2269,25,996,25,0,0,0,0,0,0,0,0,4390,5
2881,C4_BREEZE,Furious Breeze,Furious Breeze,92,35365,0,52,243,2,454,52,83,32,75,131,46,35,79,55,10,12,1,0,64,0x3885,100,500,384,504,0,0,0,0,0,0,0,0,706,1,2270,25,604,25,2269,25,996,25,0,0,0,0,0,0,0,0,4390,5
2882,C5_BRADIUM_GOLEM,Elusive Bradium Golem,Elusive Bradium Golem,133,228695,0,177,494,1,1568,103,559,12,189,25,125,45,104,33,10,12,2,0,42,0x3295,300,1008,1200,540,0,0,0,0,0,0,0,0,7067,7500,953,10000,6090,1250,2138,25,12738,25,6224,1250,0,0,0,0,0,0,4472,5
2883,C1_BLOOD_BUTTERFLY,Swift Bloody Butterfly,Swift Bloody Butterfly,94,34480,0,53,251,3,476,67,79,50,70,68,40,55,108,30,10,12,1,4,44,0x318D,108,472,576,288,0,0,0,0,0,0,0,0,7163,10000,7168,6250,924,10000,1962,5,0,0,0,0,0,0,0,0,0,0,4327,5
2884,C3_BIGFOOT,Bigfoot Ringleader,Bigfoot Ringleader,29,2530,0,10,37,1,39,12,55,7,18,4,7,0,12,0,10,12,2,2,22,0x91,300,1260,192,192,0,0,0,0,0,0,0,0,948,10000,2289,15,919,10000,601,2500,516,3750,518,1125,756,110,0,0,0,0,4074,5
2885,C4_BATHORY,Furious Bathory,Furious Bathory,86,30200,0,43,202,1,356,96,61,89,66,49,40,77,67,50,10,12,1,7,27,0x3695,100,500,840,900,0,0,0,0,0,0,0,0,1001,500,1061,10000,2252,10,1000,75,1006,40,637,50,0,0,0,0,0,0,4119,5
2886,C5_BANSHEE_MASTER,Elusive Banshee Master,Elusive Banshee Master,118,125840,0,109,520,2,902,298,87,94,121,58,48,122,84,44,10,12,1,6,47,0x3395,150,676,504,504,0,0,0,0,0,0,0,0,2748,5,2528,25,934,3750,7054,10000,2135,50,0,0,0,0,0,0,0,0,4450,5
2887,C1_BANSHEE,Swift Banshee,Swift Banshee,130,204750,0,156,750,1,1216,703,73,96,97,71,55,143,137,72,10,12,1,6,47,0x3395,112,676,504,504,0,0,0,0,0,0,0,0,2528,25,934,3750,7054,10000,0,0,0,0,0,0,0,0,0,0,0,0,4438,5
2888,C2_BANASPATY,Solid Banaspaty,Solid Banaspaty,85,32350,0,42,199,1,346,182,63,89,61,78,35,77,79,20,10,12,0,0,63,0x3885,300,1152,2304,432,0,0,0,0,0,0,0,0,1003,2500,912,5000,985,3750,756,3750,12008,30,0,0,0,0,0,0,0,0,4518,5
2889,C3_ASSULTER,Assaulter Ringleader,Assaulter Ringleader,100,43860,0,58,274,2,541,67,169,49,100,92,30,20,144,15,10,12,1,7,44,0x3695,200,512,780,504,0,0,0,0,0,0,0,0,967,10000,7069,3000,7072,2100,6214,500,13300,15,603,5,0,0,0,0,0,0,4246,5
2890,C4_ARGOS,Furious Argos,Furious Argos,47,6500,0,15,66,1,116,33,58,8,38,22,25,5,26,15,10,12,2,4,25,0x3195,300,500,468,768,0,0,0,0,0,0,0,0,1025,10000,911,3000,1042,1250,757,155,511,1675,601,2500,10017,40,0,0,0,0,4075,5
2891,C5_ARGIOPE,Elusive Argiope,Elusive Argiope,75,17850,0,33,153,1,324,50,88,32,60,23,40,30,24,30,10,12,2,4,25,0x3795,300,1792,792,336,0,0,0,0,0,0,0,0,1042,10000,912,3000,757,440,2406,15,511,3750,719,25,0,0,0,0,0,0,4114,5
2892,C1_ARGIOPE,Swift Argiope,Swift Argiope,75,17850,0,33,153,1,324,50,88,32,60,23,40,30,24,30,10,12,2,4,25,0x3795,225,1792,792,336,0,0,0,0,0,0,0,0,1042,10000,912,3000,757,440,2406,15,511,3750,719,25,0,0,0,0,0,0,4114,5
2893,C2_ARCLOUSE,Solid Arclouze,Solid Arclouze,107,149440,0,81,366,1,817,40,101,36,60,73,45,35,168,15,10,12,1,4,42,0x3195,120,960,500,480,0,0,0,0,0,0,0,0,1096,8750,938,7500,943,2000,912,1125,716,750,997,50,912,6250,0,0,0,0,4240,5
2894,C3_ARCLOUSE,Arclouze Ringleader,Arclouze Ringleader,107,74720,0,81,366,1,817,40,101,36,60,73,45,35,168,15,10,12,1,4,42,0x3195,100,960,500,480,0,0,0,0,0,0,0,0,1096,8750,938,7500,943,2000,912,1125,716,750,997,50,912,6250,0,0,0,0,4240,5
2895,C4_APOCALIPS,Furious Apocalypse,Furious Apocalypse,121,158315,0,127,609,2,1194,116,136,26,130,68,76,25,125,15,10,12,2,0,60,0x91,400,500,1440,384,0,0,0,0,0,0,0,0,7095,10000,7094,6000,7093,5500,985,15,13161,5,2506,50,12735,250,0,0,0,0,4242,5
2896,C5_ANTLER_SCARABA,Elusive Antler Scaraba,Elusive Antler Scaraba,136,313000,0,132,722,1,1701,410,155,102,23,99,59,129,137,45,10,12,1,4,42,0x3985,200,504,624,360,0,0,0,0,0,0,0,0,6322,10000,1930,25,12735,25,7939,250,993,250,0,0,0,0,0,0,0,0,4505,5
2897,C1_ANTIQUE_BOOK,Swift Antique Book,Swift Antique Book,148,673075,0,301,1614,1,2233,1213,74,42,67,53,32,44,125,5,10,12,0,0,60,0x3695,112,864,960,480,0,0,0,0,0,0,0,0,7015,2500,1097,5000,0,0,0,0,0,0,0,0,0,0,0,0,0,0,0,0
2898,C2_ANTIQUE_BOOK,Solid Antique Book,Solid Antique Book,148,1346150,0,301,1614,1,2233,1213,74,42,67,53,32,44,125,5,10,12,0,0,60,0x3695,180,864,960,480,0,0,0,0,0,0,0,0,7015,2500,1097,5000,0,0,0,0,0,0,0,0,0,0,0,0,0,0,0,0
2899,C4_ANOLIAN,Furious Anolian,Furious Anolian,109,83075,0,79,375,1,609,110,61,11,130,81,55,66,70,48,10,12,1,5,41,0x3695,190,500,500,864,0,0,0,0,0,0,0,0,7003,10000,12012,40,526,15,10019,25,16003,5,2625,5,984,335,0,0,0,0,4234,5
2900,C5_ANGRA_MANTIS,Elusive Angra Mantis,Elusive Angra Mantis,144,458600,0,211,965,1,1042,177,175,81,122,155,119,81,198,79,10,12,1,4,42,0x3985,150,576,480,480,0,0,0,0,0,0,0,0,6086,7500,7194,2500,997,25,1830,25,0,0,0,0,0,0,0,0,0,0,4513,5
2901,C1_ANGRA_MANTIS,Swift Angra Mantis,Swift Angra Mantis,144,458600,0,211,965,1,1042,177,175,81,122,155,119,81,198,79,10,12,1,4,42,0x3985,112,576,480,480,0,0,0,0,0,0,0,0,6086,7500,7194,2500,997,25,1830,25,0,0,0,0,0,0,0,0,0,0,4513,5
2902,C2_ANDRE,Solid Andre,Solid Andre,33,5370,0,11,42,1,48,21,55,16,11,20,40,10,24,10,10,12,0,4,22,0x181,360,1288,288,384,0,0,0,0,0,0,0,0,955,10000,910,2500,938,1250,993,125,601,2500,1002,875,757,70,0,0,0,0,4043,5
2903,C3_ANCIENT_MIMIC,Ancient Mimic Ringleader,Ancient Mimic Ringleader,112,98890,0,91,434,1,924,84,100,40,121,70,63,43,141,67,10,12,2,0,60,0x3885,100,168,480,360,0,0,0,0,0,0,0,0,603,75,617,5,644,125,2404,15,2506,5,2417,25,2610,250,0,0,0,0,4387,5
2904,C4_ANACONDAQ,Furious Anacondaq,Furious Anacondaq,100,46165,0,58,274,1,541,55,92,0,79,59,28,43,67,25,10,12,1,2,25,0x91,200,500,576,576,0,0,0,0,0,0,0,0,6247,500,937,10000,926,3750,936,500,756,125,0,0,0,0,0,0,0,0,4062,5
2905,C5_AMBERNITE,Elusive Ambernite,Elusive Ambernite,19,1325,0,7,27,1,10,11,28,0,16,20,11,10,21,5,10,12,2,4,21,0x191,400,2048,648,648,0,0,0,0,0,0,0,0,991,250,946,10000,910,10000,935,10000,601,2500,757,100,1002,1000,0,0,0,0,4032,5
2906,C1_ALNOLDI,Swift Rafflesia Arnoldi,Swift Rafflesia Arnoldi,80,18155,0,38,169,2,370,69,80,20,40,32,24,61,85,30,10,12,1,3,22,0x3885,225,500,576,504,0,0,0,0,0,0,0,0,705,625,520,1065,905,10000,711,750,521,625,2269,250,0,0,0,0,0,0,4515,5
2907,C2_ALLIGATOR,Solid Alligator,Solid Alligator,57,19390,0,20,91,1,130,37,62,30,47,48,24,15,40,26,10,12,1,2,21,0x91,240,1100,900,480,0,0,0,0,0,0,0,0,912,2500,1099,1500,7003,5000,608,5,756,325,0,0,0,0,0,0,0,0,4252,5
2908,C3_ALIZA,Aliza Ringleader,Aliza Ringleader,112,89900,0,91,434,1,840,397,98,5,115,50,51,62,88,54,10,12,1,7,60,0x91,220,1440,576,600,0,0,0,0,0,0,0,0,7054,10000,2518,25,2626,25,7047,15,12128,125,661,5,0,0,0,0,0,0,4400,5
2909,C4_ALICEL,Furious Alicel,Furious Alicel,115,91595,0,94,448,2,919,398,109,30,121,68,59,63,102,60,10,12,1,6,60,0x318D,250,500,480,504,0,0,0,0,0,0,0,0,7512,5000,7507,7500,2148,15,6214,500,1270,15,985,25,2517,50,0,0,0,0,4401,5
2910,C5_ALARM,Elusive Alarm,Elusive Alarm,88,28320,0,45,209,1,414,48,106,53,70,72,40,25,66,25,10,12,1,0,60,0x3695,300,1020,500,768,0,0,0,0,0,0,0,0,1095,10000,2607,5,7005,3750,984,265,7026,50,912,3750,0,0,0,0,0,0,4244,5
2911,C1_AGAV,Swift Agav,Swift Agav,128,184855,0,154,739,1,1291,181,77,82,85,66,55,113,120,61,10,12,1,7,80,0x3295,225,768,360,360,0,0,0,0,0,0,0,0,7567,6250,7563,10000,2109,5,7563,250,1061,6250,0,0,0,0,0,0,0,0,4409,5
2912,C2_ACIDUS_,Solid Acidus,Solid Acidus,130,390890,0,156,750,2,1485,158,98,47,106,110,61,53,133,53,10,12,2,9,44,0x3095,216,168,768,360,0,0,0,0,0,0,0,0,505,375,1035,10000,1036,8975,996,50,0,0,0,0,0,0,0,0,0,0,4379,5
2913,C3_ACIDUS_,Acidus Ringleader,Acidus Ringleader,130,195445,0,156,750,2,1485,158,98,47,106,110,61,53,133,53,10,12,2,9,44,0x3095,180,168,768,360,0,0,0,0,0,0,0,0,505,375,1035,10000,1036,8975,996,50,0,0,0,0,0,0,0,0,0,0,4379,5
2914,E_GEFFEN_MAGE_3_1,Geffen Shoplifter,Geffen Shoplifter,50,10000,0,2,3,1,89,22,70,7,41,14,15,0,100,5,10,12,1,7,20,0x3885,200,800,672,480,0,0,0,0,0,0,0,0,0,0,0,0,0,0,0,0,0,0,0,0,0,0,0,0,0,0,0,0
2916,BIG_BEN,Big Ben,Big Ben,160,222240,0,124,195,1,3101,212,125,43,102,58,69,75,131,49,10,12,1,0,42,0x91,170,1092,792,480,0,0,0,0,0,0,0,0,1095,3000,1019,500,509,950,568,160,0,0,0,0,0,0,0,0,0,0,4626,1
2917,BIG_BELL,Big Bell,Big Bell,163,166860,0,125,235,1,4785,192,138,53,102,104,72,57,98,57,10,12,1,0,60,0x3695,250,1020,500,768,0,0,0,0,0,0,0,0,1095,3000,2607,1,984,100,912,750,0,0,0,0,0,0,0,0,0,0,4627,1
2918,TIME_KEEPER,Time Keeper,Time Keeper,165,256000,0,132,246,3,2989,280,127,60,112,60,72,57,120,77,10,12,2,0,80,0x91,170,1072,672,384,0,0,0,0,0,0,0,0,1095,3000,520,425,0,0,0,0,0,0,0,0,0,0,0,0,0,0,4630,1
2919,NEO_PUNK,Neo Punk,Neo Punk,155,154760,0,98,184,1,2051,216,99,55,98,39,30,35,95,45,10,12,0,3,24,0x3095,300,1500,500,660,0,0,0,0,0,0,0,0,7001,3000,715,500,10004,50,1061,500,1057,1500,2502,8,0,0,0,0,0,0,4628,1
2920,ARC_ELDER,Arc Elder,Arc Elder,168,293640,0,151,487,3,2513,802,105,41,100,63,35,99,106,61,10,12,2,7,80,0x3885,165,1552,1152,336,0,0,0,0,0,0,0,0,7099,3000,7939,500,1473,1,616,2,0,0,0,0,0,0,0,0,0,0,4629,1
2921,OWL_VISCOUNT,Owl Viscount,Owl Viscount,168,295240,0,151,328,1,4368,900,113,45,87,51,45,88,106,50,10,12,2,6,60,0x36B5,195,1345,824,440,0,0,0,0,0,0,0,0,7071,2500,7063,1000,16024,1,0,0,0,0,0,0,0,0,0,0,0,0,4631,1
2922,G_OWL_VISCOUNT,Owl Viscount,Owl Viscount,168,295240,0,0,0,1,1872,900,113,45,87,51,45,88,106,50,10,12,2,6,60,0x36B5,195,1345,824,440,0,0,0,0,0,0,0,0,0,0,0,0,0,0,0,0,0,0,0,0,0,0,0,0,0,0,0,0
2923,OWL_MARQUEES,Owl Marquis,Owl Marquis,170,630000,0,362,384,2,1887,603,127,25,112,65,55,102,108,72,10,12,2,6,60,0x36B5,175,1345,824,440,0,0,0,0,0,0,0,0,7071,2000,1716,1,1472,1,1668,1,0,0,0,0,0,0,0,0,0,0,4632,1
2924,T_ELDER_WILOW,Elder Willow,Elder Willow,34,599,0,1,1,1,80,14,45,0,10,14,25,0,29,0,10,12,1,3,43,0x0,200,1372,672,432,0,0,0,0,0,0,0,0,6067,500,7406,500,7407,500,0,0,0,0,0,0,0,0,0,0,0,0,0,0
2925,T_WILOW,Willow,Willow,8,91,0,1,1,1,13,5,38,2,13,3,8,5,12,5,10,12,1,3,22,0x0,200,1672,672,432,0,0,0,0,0,0,0,0,6065,500,6066,500,6067,500,0,0,0,0,0,0,0,0,0,0,0,0,0,0
2926,T_HARPY,Harpy,Harpy,83,4423,0,3,5,1,340,41,69,44,71,39,50,31,125,12,10,12,1,6,64,0x100,155,972,672,470,0,0,0,0,0,0,0,0,7406,500,7407,500,0,0,0,0,0,0,0,0,0,0,0,0,0,0,0,0
2927,T_MINERAL,Mineral,Mineral,96,8300,0,3,7,1,751,57,127,23,70,61,40,50,74,50,10,12,0,0,40,0x0,250,648,480,360,0,0,0,0,0,0,0,0,7406,500,7407,500,0,0,0,0,0,0,0,0,0,0,0,0,0,0,0,0
2928,T_GIBBET,Gibbet,Gibbet,105,12999,0,4,6,1,697,85,116,45,103,56,62,55,73,37,10,12,2,6,27,0x100,180,917,1584,576,0,0,0,0,0,0,0,0,7406,500,7407,500,0,0,0,0,0,0,0,0,0,0,0,0,0,0,0,0
2929,T_PLASMA_G,Plasma,Plasma,116,24975,0,9,10,1,851,112,120,3,121,60,58,62,102,50,10,12,0,0,82,0x0,100,1000,500,1000,0,0,0,0,0,0,0,0,6065,500,6066,500,0,0,0,0,0,0,0,0,0,0,0,0,0,0,0,0
2930,T_SOLACE,Solace,Solace,123,24729,0,10,17,2,1234,165,96,96,106,65,61,42,125,72,10,12,1,8,66,0x20,180,576,420,360,0,0,0,0,0,0,0,0,6067,500,0,0,0,0,0,0,0,0,0,0,0,0,0,0,0,0,0,0
2931,T_METALING,Metaling,Metaling,81,4300,0,2,4,1,188,39,69,28,58,30,49,17,60,5,10,12,0,0,20,0x0,300,384,672,480,0,0,0,0,0,0,0,0,6067,500,0,0,0,0,0,0,0,0,0,0,0,0,0,0,0,0,0,0
2932,T_POPORING,Poporing,Poporing,30,524,0,1,1,1,74,20,36,17,17,26,20,18,36,5,10,12,1,3,25,0x0,300,1672,672,480,0,0,0,0,0,0,0,0,6067,500,0,0,0,0,0,0,0,0,0,0,0,0,0,0,0,0,0,0
2933,T_DEVILING,Deviling,Deviling,66,16890,0,5,8,1,313,183,67,70,48,50,33,75,85,200,10,12,1,6,87,0x20,200,1072,1056,384,0,0,0,0,0,0,0,0,7410,500,7411,500,0,0,0,0,0,0,0,0,0,0,0,0,0,0,0,0
2934,T_ARCHANGELING,Arc Angeling,Arc Angeling,84,25100,0,7,10,1,593,100,92,81,32,48,62,99,119,105,10,12,1,8,66,0x20,180,1072,672,480,0,0,0,0,0,0,0,0,7410,500,7411,500,0,0,0,0,0,0,0,0,0,0,0,0,0,0,0,0
2935,T_EVIL_CLOUD_HERMIT,Taoist Hermit,Taoist Hermit,96,8266,0,4,4,10,611,30,66,46,63,57,45,60,119,45,10,12,2,0,40,0x0,190,480,840,432,0,0,0,0,0,0,0,0,6067,500,0,0,0,0,0,0,0,0,0,0,0,0,0,0,0,0,0,0
2936,E_GHOSTRING,Ghostring,Ghostring,1,10,0,0,0,1,1,1,100,99,0,0,0,0,0,0,7,12,0,3,20,0x81,300,1220,1080,648,0,0,0,0,0,0,0,0,535,1500,535,1500,535,1500,535,1500,12192,2000,7225,2000,0,0,0,0,0,0,0,0
2937,M_LOKI,M Loki,M Loki,145,1215600,0,1,1,2,1835,444,15,89,76,66,90,55,189,22,10,12,1,7,20,0x0,175,800,750,300,0,0,0,0,0,0,0,0,0,0,0,0,0,0,0,0,0,0,0,0,0,0,0,0,0,0,0,0
2938,MM_MAGIC_SEAL,Magic Seal,Magic Seal,140,10000000,0,1,107,1,1,1,80,200,16,26,30,115,79,5,10,12,2,0,20,0x0,300,1000,1000,1000,0,0,0,0,0,0,0,0,0,0,0,0,0,0,0,0,0,0,0,0,0,0,0,0,0,0,0,0
2939,MM_EVIL_SHADOW1,Evil Shadow,Evil Shadow,138,112000,0,62,91,1,3266,666,30,30,88,44,88,21,95,44,10,12,2,6,47,0x3985,200,1500,600,500,0,0,0,0,0,0,0,0,0,0,0,0,0,0,0,0,0,0,0,0,0,0,0,0,0,0,27264,1
2940,MM_EVIL_SHADOW2,Evil Shadow,Evil Shadow,141,127650,0,68,118,1,2678,1257,121,36,60,103,45,35,172,15,10,12,1,6,47,0x3985,200,1000,500,600,0,0,0,0,0,0,0,0,0,0,0,0,0,0,0,0,0,0,0,0,0,0,0,0,0,0,27264,1
2941,MM_EVIL_SHADOW3,Evil Shadow,Evil Shadow,142,153400,0,74,103,1,3167,138,89,44,120,87,66,33,106,27,10,12,2,6,47,0x3985,200,1800,780,480,0,0,0,0,0,0,0,0,0,0,0,0,0,0,0,0,0,0,0,0,0,0,0,0,0,0,27264,1
2942,MM_EVIL_FANATICS,Evil Fanatics,Evil Fanatics,151,8256000,0,8405,15109,3,3350,167,166,103,118,72,40,55,213,30,10,12,2,6,67,0x36B5,200,1000,500,350,0,0,607,5000,608,5000,0,0,0,0,0,0,0,0,0,0,0,0,0,0,0,0,0,0,0,0,27265,1
2943,MM_ICE_MINE,Icemine,Icemine,149,10000,200,0,0,7,200,1,200,10,200,200,200,200,200,200,12,12,0,4,88,0x100,1000,1000,1000,500,0,0,0,0,0,0,0,0,0,0,0,0,0,0,0,0,0,0,0,0,0,0,0,0,0,0,0,0
2948,CURSED_SOLDIER,Cursed Soldier,Cursed Soldier,110,22288,0,24,42,9,1334,1,85,35,81,50,64,56,178,23,10,12,1,1,69,0x3885,150,1960,576,420,0,0,0,0,0,0,0,0,957,3000,0,0,0,0,0,0,0,0,0,0,0,0,0,0,0,0,0,0
2949,CURSED_SENTINEL,Cursed Sentinel,Cursed Sentinel,110,16917,0,20,31,2,1397,1,84,41,120,65,66,41,107,26,10,12,2,7,67,0x3885,175,914,1344,384,0,0,0,0,0,0,0,0,934,2500,1097,1500,0,0,0,0,0,0,0,0,0,0,0,0,0,0,0,0
2950,BROKEN_MIND,Broken Mind,Broken Mind,110,16224,0,19,36,1,1350,1,67,27,74,43,42,13,72,9,10,12,1,6,67,0x3985,200,920,720,200,0,0,0,0,0,0,0,0,6086,2500,683,1000,0,0,0,0,0,0,0,0,0,0,0,0,0,0,0,0
2951,FLOATING_WORD,Floating Word,Floating Word,110,13530,0,15,24,1,1074,1,93,40,121,100,70,80,149,65,10,12,0,6,68,0x3985,150,972,648,432,0,0,0,0,0,0,0,0,938,3000,947,2500,0,0,0,0,0,0,0,0,0,0,0,0,0,0,0,0
2952,LIKE_LOVE,Like Love,Like Love,110,16808,0,19,38,2,1182,1,64,51,73,34,35,66,112,26,10,12,1,6,64,0x3985,150,1056,1056,336,0,0,0,0,0,0,0,0,929,2500,0,0,0,0,0,0,0,0,0,0,0,0,0,0,0,0,0,0
2953,CURSED_MEMORY,Cursed Memory,Cursed Memory,110,21653,0,23,37,1,1392,1,89,28,92,46,64,7,94,13,10,12,1,1,69,0x3885,350,1768,500,192,0,0,0,0,0,0,0,0,957,3000,0,0,0,0,0,0,0,0,0,0,0,0,0,0,0,0,0,0
2954,COLORLESS_VOW,Colorless Vow,Colorless Vow,110,23032,0,24,43,1,1606,1,95,41,84,35,60,20,85,15,10,12,1,1,69,0x3885,350,1848,500,576,0,0,0,0,0,0,0,0,958,3500,1063,2000,0,0,0,0,0,0,0,0,0,0,0,0,0,0,0,0
2955,OLD_FRIENDSHIP,Old Friendship,Old Friendship,110,15136,0,16,30,1,1227,1,78,5,56,12,19,11,30,10,10,12,1,1,49,0x3885,250,2456,912,504,0,0,0,0,0,0,0,0,932,3500,1098,2500,0,0,0,0,0,0,0,0,0,0,0,0,0,0,0,0
2956,SWEET_SLAUGHTER,Sweet Slaughter,Sweet Slaughter,110,16782,0,24,36,1,1272,1,125,10,138,56,45,36,136,38,10,12,2,1,29,0x3885,350,528,1000,396,0,0,0,0,0,0,0,0,929,2000,682,1000,0,0,0,0,0,0,0,0,0,0,0,0,0,0,0,0
2957,FORGOTTEN_NAME,Forgotten Name,Forgotten Name,120,23454,0,19,34,2,1066,1,111,38,132,34,51,43,110,3,10,12,1,1,49,0x3885,155,847,1152,480,0,0,0,0,0,0,0,0,682,5000,683,5000,0,0,0,0,0,0,0,0,0,0,0,0,0,0,0,0
2958,FATAL_DAYS,Fatal Days,Fatal Days,120,29088,0,26,46,2,1007,1,72,15,110,81,63,85,125,37,10,12,1,6,67,0x3985,190,720,384,480,0,0,0,0,0,0,0,0,1050,2500,1038,2500,0,0,0,0,0,0,0,0,0,0,0,0,0,0,0,0
2959,TORTUROUS_REDEEMER,Torturous Redeemer,Torturous Redeemer,120,124010,0,132,192,1,1350,1,144,28,144,76,72,66,175,44,10,12,1,7,62,0x3695,200,672,420,360,0,0,0,0,0,0,0,0,923,2000,0,0,0,0,0,0,0,0,0,0,0,0,0,0,0,0,0,0
2960,MM_FLAMECROSS,Flamecross,Flamecross,149,10000,200,0,0,7,180,1,200,10,200,200,200,200,200,200,12,12,0,4,88,0x100,1000,1000,1000,500,0,0,0,0,0,0,0,0,0,0,0,0,0,0,0,0,0,0,0,0,0,0,0,0,0,0,0,0
2961,E_TORTUROUS_REDEEMER,Torturous Redeemer,Torturous Redeemer,120,103342,0,1,1,1,1,1,144,28,1,1,1,1,1,1,10,12,1,7,62,0x3695,200,672,420,360,0,0,0,0,0,0,0,0,923,2000,0,0,0,0,0,0,0,0,0,0,0,0,0,0,0,0,0,0
2987,XM_TREE,Decorated Evil Tree,Decorated Evil Tree,148,544444,0,37,221,2,1444,1444,116,44,44,66,44,44,144,44,10,12,2,6,69,0x3985,150,917,1584,576,0,0,0,0,0,0,0,0,7212,900,7218,2668,7222,2037,12490,500,716,50,604,20,7939,200,0,0,0,0,31016,1
2988,XM_ANTONIO,Wicked Vice Plant Manage,Wicked Vice Plant Manage,149,44,0,0,0,2,66,66,160,44,44,88,44,44,144,44,10,12,1,1,67,0xA1,100,720,720,432,0,0,0,0,0,0,0,0,7034,2000,12490,500,12132,100,12098,500,0,0,0,0,0,0,0,0,0,0,4243,1
2989,XM_COOKIE,Vicious Cookie,Vicious Cookie,149,187760,0,56,102,1,1444,1,48,44,44,88,44,44,144,44,10,12,0,6,67,0x1189,200,1248,1248,240,0,0,0,0,0,0,0,0,7001,2000,718,100,538,500,530,500,0,0,0,0,0,0,0,0,0,0,31017,1
2990,XM_CRUISER,Corrupt Cruiser,Corrupt Cruiser,140,188999,0,0,0,12,1444,1444,20,44,44,88,44,44,144,44,10,12,1,6,69,0x2185,200,1296,1296,432,0,0,0,0,0,0,0,0,0,0,0,0,0,0,0,0,0,0,0,0,0,0,0,0,0,0,0,0
2991,XM_MYSTCASE,Evil Dwelling Box,Evil Dwelling Box,148,259000,0,56,102,2,1444,1444,50,44,44,44,44,44,44,44,10,12,1,6,67,0x1189,200,1248,1248,432,0,0,0,0,0,0,0,0,7001,2000,539,100,0,0,0,0,0,0,0,0,0,0,0,0,0,0,31018,1
2992,XM_LUDE,Creepy Demon,Creepy Demon,140,4444,0,6,10,1,444,444,90,44,44,44,44,44,44,44,10,12,0,1,67,0x81,100,890,960,480,0,0,0,0,0,0,0,0,7225,1600,7220,2862,1059,500,969,1,7230,1,0,0,0,0,0,0,0,0,31019,1
2993,XM_HYLOZOIST,Malicious Baby Ghost,Malicious Baby Ghost,145,444444,0,37,221,2,1666,1666,101,44,144,66,66,66,166,66,10,12,0,6,67,0x3985,110,741,1536,480,0,0,0,0,0,0,0,0,7215,1000,7217,1000,7213,1000,740,40,12020,500,0,0,0,0,0,0,0,0,31020,1
2994,XM_MARIONETTE,Dancing Marionette,Dancing Marionette,148,280000,0,37,221,2,444,1444,35,44,44,44,44,144,88,44,10,12,0,6,28,0x3395,120,1480,480,1056,0,0,0,0,0,0,0,0,625,100,2625,1,699,50,6100,100,0,0,0,0,0,0,0,0,0,0,31021,1
2995,XM_TEDDY_BEAR,Abandoned Teddy Bear,Abandoned Teddy Bear,148,180000,0,56,102,1,1444,1444,106,44,44,166,44,44,166,44,10,12,0,6,69,0x3985,150,512,780,504,0,0,0,0,0,0,0,0,7317,1900,615,150,12074,100,12734,1000,12738,100,0,0,0,0,0,0,0,0,31022,1
2996,XM_CELINE_KIMI,Celine Kimi,Celine Kimi,160,66666666,0,37037,56018,2,6666,6666,479,444,144,166,44,444,166,166,10,12,2,1,28,0xB6B5,100,768,1056,480,3704,10000,12246,5000,12246,5000,12246,5000,712,10000,0,0,0,0,0,0,0,0,0,0,0,0,0,0,0,0,31023,1
2997,G_XM_CELINE_KIMI,Kimi's Phantom,Kimi's Phantom,160,66666666,0,0,0,2,6666,6666,479,444,144,166,44,444,166,166,10,12,2,1,28,0xB6B5,100,768,1056,480,0,0,0,0,0,0,0,0,0,0,0,0,0,0,0,0,0,0,0,0,0,0,0,0,0,0,0,0
2998,EP14_MORS_EVENT,Weakened Morocc,Weakened Morocc,158,1771440,0,103,224,1,1872,900,113,45,87,51,45,88,106,50,12,12,2,6,60,0x30B5,200,2612,824,440,0,0,0,0,0,0,0,0,0,0,0,0,0,0,0,0,0,0,0,0,0,0,0,0,0,0,0,0
2999,EP14_MORS_BOSSA,Morocc Necromancer,Morocc Necromancer,158,4000000,0,17550,18562,1,700,700,215,555,165,190,142,146,299,93,12,12,1,7,60,0x36B5,100,300,384,288,0,0,0,0,0,0,0,0,607,2000,603,200,604,200,522,200,0,0,0,0,0,0,0,0,0,0,0,0
3000,EP14_MORS_BOSSB,Morocc Necromancer,Morocc Necromancer,101,80000000,0,19256,20350,12,700,1,1,1,1,1,1,180,1,1,12,12,1,7,82,0xA4,1000,2700,384,288,0,0,607,5000,608,5000,0,0,607,2000,603,200,604,200,522,200,0,0,0,0,0,0,0,0,0,0,27326,1
3001,EP14_MORS_MOB1,Morocc's Ghoul,Morocc's Ghoul,158,295240,0,10,22,1,1872,900,113,45,87,51,45,88,106,50,12,12,1,6,60,0x30B5,1000,2612,824,440,0,0,0,0,0,0,0,0,0,0,0,0,0,0,0,0,0,0,0,0,0,0,0,0,0,0,0,0
3002,EP14_MORS_MOB2,Morocc's Osiris,Morocc's Osiris,158,442860,0,10,22,1,1872,900,113,45,87,51,45,88,106,50,12,12,1,6,60,0x30B5,200,2612,824,440,0,0,0,0,0,0,0,0,0,0,0,0,0,0,0,0,0,0,0,0,0,0,0,0,0,0,0,0
3003,EP14_MORS_MOB3,Morocc's Archer Skeleton,Morocc's Archer Skeleton,158,295240,0,10,22,7,1872,900,113,45,87,51,45,88,106,50,12,12,1,6,60,0x20A5,200,300,824,440,0,0,0,0,0,0,0,0,0,0,0,0,0,0,0,0,0,0,0,0,0,0,0,0,0,0,0,0
3004,EP14_MORS_MOB4,Morocc's Wraith,Morocc's Wraith,158,100000,0,10,22,1,90,90,13,45,87,51,45,88,106,50,12,12,2,6,60,0x30B5,600,300,824,440,0,0,0,0,0,0,0,0,0,0,0,0,0,0,0,0,0,0,0,0,0,0,0,0,0,0,0,0
3005,EP14_MORS_MOB5,Morocc's Verit,Morocc's Verit,158,442860,0,10,22,1,1872,900,113,45,87,51,45,88,106,50,12,12,1,6,60,0x30B5,100,76,824,440,0,0,0,0,0,0,0,0,0,0,0,0,0,0,0,0,0,0,0,0,0,0,0,0,0,0,0,0
3006,EP14_MORS_MOB6,Morocc's Lude,Morocc's Lude,158,885720,0,10,22,3,113,113,113,45,87,51,45,88,299,50,12,12,0,6,60,0x30B5,100,76,824,440,0,0,0,0,0,0,0,0,0,0,0,0,0,0,0,0,0,0,0,0,0,0,0,0,0,0,0,0
3007,EP14_MORS_DUMMY,Death Soul,Death Soul,158,99999999,0,0,0,1,1872,900,113,45,87,51,45,88,106,50,12,12,0,6,60,0x20,195,76,824,440,0,0,0,0,0,0,0,0,0,0,0,0,0,0,0,0,0,0,0,0,0,0,0,0,0,0,0,0
3008,EP14_MORS_HIDDEN,Morocc Hidden,Morocc Hidden,158,295240,0,0,0,1,1,1,113,45,1,51,45,255,106,50,12,12,0,6,60,0x20,1000,2000,824,440,0,0,0,0,0,0,0,0,0,0,0,0,0,0,0,0,0,0,0,0,0,0,0,0,0,0,0,0
3010,EP14_3_DEATH_A_MOB1,Corrupt Orc Baby,Corrupt Orc Baby,158,250000,0,103,224,1,948,215,240,50,120,85,80,60,88,50,10,12,0,7,42,0x3885,150,864,400,150,0,0,0,0,0,0,0,0,607,10,603,20,604,20,715,20,717,20,716,20,522,20,0,0,0,0,27328,1
3011,EP14_3_DEATH_A_MOB2,Corrupt Baby Desert Wol,Corrupt Baby Desert Wol,158,232890,0,103,224,1,948,215,240,45,100,85,100,88,120,50,10,12,0,2,43,0x3885,150,864,400,150,0,0,0,0,0,0,0,0,607,10,603,20,604,20,715,20,717,20,716,20,522,20,0,0,0,0,27328,1
3012,EP14_3_DEATH_A_MOB3,Corrupt Familiar,Corrupt Familiar,158,222550,0,103,224,1,948,215,240,70,86,85,75,53,100,50,10,12,0,5,41,0x3885,120,864,400,150,0,0,0,0,0,0,0,0,607,10,603,20,604,20,715,20,717,20,716,20,522,20,0,0,0,0,27328,1
3013,EP14_3_DEATH_B_MOB1,Corrupt Orc Warrior,Corrupt Orc Warrior,158,300000,0,103,224,1,948,215,240,60,150,85,150,40,122,70,10,12,1,7,42,0x3095,150,864,400,150,0,0,0,0,0,0,0,0,607,10,603,20,604,20,715,20,717,20,716,20,522,20,0,0,0,0,27328,1
3014,EP14_3_DEATH_B_MOB2,Corrupt Desert Wolf,Corrupt Desert Wolf,158,292450,0,103,224,1,948,215,240,50,120,85,110,55,130,70,10,12,1,2,43,0x3885,150,864,400,150,0,0,0,0,0,0,0,0,607,10,603,20,604,20,715,20,717,20,716,20,522,20,0,0,0,0,27328,1
3015,EP14_3_DEATH_B_MOB3,Corrupt Phen,Corrupt Phen,158,284110,0,103,224,1,948,215,240,100,110,85,95,70,115,70,10,12,1,5,41,0x3885,150,864,400,150,0,0,0,0,0,0,0,0,607,10,603,20,604,20,715,20,717,20,716,20,522,20,0,0,0,0,27328,1
3016,EP14_3_DEATH_C_MOB1,Corrupt Orc Zombie,Corrupt Orc Zombie,158,375000,0,103,224,1,948,215,150,150,180,145,202,40,88,30,10,12,1,7,49,0x3095,170,864,400,150,0,0,0,0,0,0,0,0,607,10,603,20,604,20,715,20,717,20,716,20,522,20,0,0,0,0,27328,1
3017,EP14_3_DEATH_C_MOB2,Corrupt Verit,Corrupt Verit,158,352715,0,103,224,1,948,215,200,100,166,87,150,60,150,130,10,12,1,2,49,0x3885,150,864,400,150,0,0,0,0,0,0,0,0,607,10,603,20,604,20,715,20,717,20,716,20,522,20,0,0,0,0,27328,1
3018,EP14_3_DEATH_C_MOB3,Corrupt Megalodon,Corrupt Megalodon,158,347413,0,103,224,1,948,215,240,300,157,80,140,90,209,84,10,12,1,5,49,0x3295,170,864,400,150,0,0,0,0,0,0,0,0,607,10,603,20,604,20,715,20,717,20,716,20,522,20,0,0,0,0,27328,1
3020,FIRE_CONDOR,Fire Condor,Fire Condor,141,125114,0,59,104,1,1364,1201,71,45,104,72,66,10,113,52,10,12,1,2,43,0x81,110,1148,648,480,0,0,0,0,0,0,0,0,0,0,0,0,0,0,0,0,0,0,0,0,0,0,0,0,0,0,27026,1
3021,FIRE_SAND_MAN,Fire Sandman,Fire Sandman,143,130501,0,60,107,1,1404,1356,122,73,84,36,25,55,124,35,10,12,1,0,63,0x3885,150,1672,720,288,0,0,0,0,0,0,0,0,0,0,0,0,0,0,0,0,0,0,0,0,0,0,0,0,0,0,27027,1
3022,FIRE_FRILLDORA,Fire Frilldora,Fire Frilldora,147,141301,0,65,114,1,1511,1392,134,40,148,38,128,45,121,30,10,12,1,2,63,0x81,130,1540,720,432,0,0,0,0,0,0,0,0,0,0,0,0,0,0,0,0,0,0,0,0,0,0,0,0,0,0,27028,1
3023,FIRE_GOLEM,Fire Golem,Fire Golem,148,180213,0,74,131,1,1478,1321,292,102,70,78,267,25,84,25,10,12,2,0,83,0x3885,200,1608,816,396,0,0,0,0,0,0,0,0,0,0,0,0,0,0,0,0,0,0,0,0,0,0,0,0,0,0,27029,1
3026,FIREPIT,Fire Pit,Fire Pit,17,10,0,1,1,1,38,12,20,3,15,8,17,0,15,0,10,12,1,1,29,0x84,400,2612,912,288,0,0,0,0,0,0,0,0,0,0,0,0,0,0,0,0,0,0,0,0,0,0,0,0,0,0,0,0
3027,FULBUK,Fire Bug,Fire Bug,150,234,0,1,1,1,38,12,20,3,15,8,17,0,15,0,10,12,1,1,29,0x81,120,1288,288,768,0,0,0,0,0,0,0,0,0,0,0,0,0,0,0,0,0,0,0,0,0,0,0,0,0,0,27030,1
3028,SONIA,Sonia,Sonia,17,20,0,1,1,1,38,12,20,3,15,8,17,0,15,0,10,12,1,1,29,0x0,400,2612,912,288,0,0,0,0,0,0,0,0,0,0,0,0,0,0,0,0,0,0,0,0,0,0,0,0,0,0,0,0
3029,GRIM_REAPER_ANKOU,Reaper Yanku,Reaper Yanku,159,50000000,1553,2500,4583,1,1500,1000,200,70,200,100,200,200,220,100,10,12,2,1,89,0x38A5,200,900,864,480,0,0,607,2000,608,2000,0,0,607,500,603,200,604,200,522,200,0,0,0,0,0,0,0,0,0,0,27327,1
3038,HIDDEN_MOB7,Monster 7,Monster 7,151,10000,0,0,0,1,500,500,200,100,100,100,100,100,400,100,12,12,0,0,88,0xA4,1000,1000,500,500,0,0,0,0,0,0,0,0,0,0,0,0,0,0,0,0,0,0,0,0,0,0,0,0,0,0,0,0
3039,B_MOROCC_1,Blazing Morocc Reincarna,Blazing Morocc Reincarna,149,8000000,0,24,25,1,1901,145,199,35,126,91,63,61,114,37,10,12,2,8,27,0x36B5,110,576,480,432,0,0,0,0,0,0,0,0,0,0,0,0,0,0,0,0,0,0,0,0,0,0,0,0,0,0,0,0
3040,B_MOROCC_2,Distorted Morocc Reincar,Distorted Morocc Reincar,149,6400000,0,28,29,1,1625,159,92,5,121,86,71,65,113,44,10,12,1,6,67,0x36B5,150,576,648,300,0,0,0,0,0,0,0,0,0,0,0,0,0,0,0,0,0,0,0,0,0,0,0,0,0,0,0,0
3041,B_MOROCC_4,Freezing Morocc Reincarn,Freezing Morocc Reincarn,149,7700000,0,25,31,1,1235,599,109,54,114,88,62,97,164,43,10,12,1,6,61,0x36B5,150,1536,648,300,0,0,0,0,0,0,0,0,0,0,0,0,0,0,0,0,0,0,0,0,0,0,0,0,0,0,0,0
3061,E_ANGRY_MIMIC,Angry Mimic,Angry Mimic,1,30,0,0,0,1,1,1,100,99,0,0,0,0,0,0,7,12,1,0,20,0x81,100,1,1,1,0,0,0,0,0,0,0,0,0,0,0,0,0,0,0,0,0,0,0,0,0,0,0,0,0,0,0,0
3069,PERE1,Ferre,Ferre,125,48430,0,26,37,1,871,695,101,45,109,121,50,55,108,55,10,12,0,6,42,0x3985,100,676,672,480,0,0,0,0,0,0,0,0,505,50,7004,100,993,300,997,25,0,0,0,0,0,0,0,0,0,0,27107,1
3070,PERE2,Ferre,Ferre,126,40718,0,30,34,7,1151,218,80,45,91,86,67,116,153,71,10,12,0,6,41,0x3985,200,676,1248,480,0,0,0,0,0,0,0,0,504,100,7004,100,991,300,995,25,0,0,0,0,0,0,0,0,0,0,27108,1
3071,PERE3,Ferre,Ferre,127,53290,0,30,34,2,1100,325,85,45,91,89,65,118,147,75,10,12,0,6,41,0x3985,150,676,672,480,0,0,0,0,0,0,0,0,7004,100,993,300,997,25,0,0,0,0,0,0,0,0,0,0,0,0,27108,1
3072,PERE4,Ferre,Ferre,128,52280,0,31,31,2,1484,158,98,45,156,110,61,53,133,53,10,12,0,6,42,0x3985,200,676,1248,480,0,0,0,0,0,0,0,0,7004,100,991,300,995,25,0,0,0,0,0,0,0,0,0,0,0,0,27107,1
3073,GRAND_PERE,Awakened Ferre,Awakened Ferre,140,19471800,0,26100,37782,1,1500,1000,200,68,200,100,200,200,220,100,10,12,2,6,69,0x20A5,200,676,2592,480,0,0,607,5000,608,5000,0,0,18122,100,18123,200,0,0,0,0,0,0,0,0,0,0,0,0,0,0,27106,1
3074,TIMEHOLDER,Time Holder,Time Holder,170,25000000,0,38188,53854,1,5250,2100,288,265,224,152,251,257,402,77,10,12,2,6,80,0x38A5,150,100,576,480,19094,10000,607,5000,0,0,0,0,1095,3000,16024,5,0,0,0,0,0,0,0,0,0,0,0,0,0,0,4625,1
3075,WA_TREASURE,Treasure,Treasure,1,3,0,0,0,1,0,0,100,0,0,0,0,0,1199,0,0,0,0,0,26,0x0,200,1000,500,500,0,0,0,0,0,0,0,0,12081,3000,6718,100,12086,3000,12076,3000,12091,3000,607,1000,6716,100,0,0,0,0,6717,100
3076,WA_MONSTER_1,Go!,Go!,100,10000,0,0,0,1,78,11,64,50,1,17,80,80,151,20,10,12,0,8,66,0x3695,300,1288,288,384,0,0,0,0,0,0,0,0,0,0,0,0,0,0,0,0,0,0,0,0,0,0,0,0,0,0,0,0
3077,WA_MONSTER_2,Go!,Go!,100,10500,0,0,0,1,78,11,64,50,1,17,80,80,151,20,10,12,0,8,66,0x3695,300,1288,288,384,0,0,0,0,0,0,0,0,0,0,0,0,0,0,0,0,0,0,0,0,0,0,0,0,0,0,0,0
3078,WA_MONSTER_3,Go!,Go!,105,11000,0,0,0,2,657,135,106,84,112,67,43,81,82,80,10,12,0,8,66,0x3695,160,920,720,336,0,0,0,0,0,0,0,0,0,0,0,0,0,0,0,0,0,0,0,0,0,0,0,0,0,0,0,0
3079,WA_MONSTER_4,Go!,Go!,120,12000,0,0,0,2,403,522,66,95,51,47,59,99,130,77,10,12,1,2,66,0x3695,120,1000,624,300,0,0,0,0,0,0,0,0,0,0,0,0,0,0,0,0,0,0,0,0,0,0,0,0,0,0,0,0
3080,WA_MONSTER_5,Go!,Go!,123,13000,0,0,0,2,1234,165,96,96,106,65,61,42,125,72,10,12,1,8,66,0x3695,180,576,420,360,0,0,0,0,0,0,0,0,0,0,0,0,0,0,0,0,0,0,0,0,0,0,0,0,0,0,0,0
3081,WA_MONSTER_6,Go!,Go!,125,14000,0,0,0,2,1067,944,80,89,99,66,41,153,133,89,10,12,1,8,66,0x3695,160,432,420,360,0,0,0,0,0,0,0,0,0,0,0,0,0,0,0,0,0,0,0,0,0,0,0,0,0,0,0,0
3082,WA_MONSTER_7,Go!,Go!,131,15000,0,0,0,1,1100,325,85,92,91,89,65,118,147,75,10,12,0,8,46,0x3695,200,672,780,480,0,0,0,0,0,0,0,0,0,0,0,0,0,0,0,0,0,0,0,0,0,0,0,0,0,0,0,0
3083,WA_MONSTER_8,Go!,Go!,131,18000,0,0,0,1,1151,218,80,86,91,86,67,116,153,71,10,12,0,8,46,0x3695,200,672,780,480,0,0,0,0,0,0,0,0,0,0,0,0,0,0,0,0,0,0,0,0,0,0,0,0,0,0,0,0
3084,WA_MONSTER_9,Go!,Go!,135,20000,0,0,0,1,1401,1501,196,96,106,65,61,42,125,72,10,12,0,8,66,0x3695,120,1576,504,360,0,0,0,0,0,0,0,0,0,0,0,0,0,0,0,0,0,0,0,0,0,0,0,0,0,0,0,0
3085,WA_MONSTER_10,Go!,Go!,98,30000,0,0,0,3,8450,3300,40,42,100,120,30,120,264,210,10,12,2,8,28,0x3695,100,576,576,480,0,0,0,0,0,0,0,0,0,0,0,0,0,0,0,0,0,0,0,0,0,0,0,0,0,0,0,0
3086,WA_MERCENARY,Mercenary,Mercenary,101,20099,0,0,0,2,545,51,66,36,20,46,25,35,64,30,10,12,1,7,20,0x0,230,1384,792,360,0,0,0,0,0,0,0,0,0,0,0,0,0,0,0,0,0,0,0,0,0,0,0,0,0,0,0,0
3087,M_NYDHOG,Guardian's Alter Ego,Guardian's Alter Ego,160,215000,0,0,1,2,1835,444,15,89,76,66,90,55,189,22,10,12,1,7,20,0x0,175,800,750,300,0,0,0,0,0,0,0,0,0,0,0,0,0,0,0,0,0,0,0,0,0,0,0,0,0,0,0,0
3088,MM_BRINARANEA_BABY,Frost Spider,Frost Spider,155,155600,0,0,1,1,1,1,80,200,16,26,30,115,79,5,10,12,2,0,20,0x3885,300,1000,1000,1000,0,0,0,0,0,0,0,0,0,0,0,0,0,0,0,0,0,0,0,0,0,0,0,0,0,0,0,0
3089,MM_LOCO_KASA,Frenzied Kasa,Frenzied Kasa,155,185000,0,0,0,1,3266,666,30,30,88,44,88,21,95,44,10,12,2,6,47,0x3985,200,1500,600,500,0,0,0,0,0,0,0,0,0,0,0,0,0,0,0,0,0,0,0,0,0,0,0,0,0,0,0,0
3090,MM_LOCO_SALAMANDER,Mad Salamander,Mad Salamander,155,217650,0,0,0,1,2678,1257,121,36,60,103,45,35,172,15,10,12,1,6,47,0x3985,200,1000,500,600,0,0,0,0,0,0,0,0,0,0,0,0,0,0,0,0,0,0,0,0,0,0,0,0,0,0,0,0
3091,MM_BRINARANEA,Brinaranea,Brinaranea,165,81650000,0,0,0,3,8255,197,264,177,135,135,12,72,220,91,10,12,2,6,61,0x36B5,200,1020,500,768,0,0,0,0,0,0,0,0,0,0,0,0,0,0,0,0,0,0,0,0,0,0,0,0,0,0,27324,1
3092,MM_MUSPELLSKOLL,Muspellskoll,Muspellskoll,165,55620000,0,0,0,3,9672,98,211,140,202,119,6,45,275,71,10,12,2,6,63,0x36B5,200,608,408,336,0,0,0,0,0,0,0,0,0,0,0,0,0,0,0,0,0,0,0,0,0,0,0,0,0,0,27325,1
3096,MM_MOROCC_KID,Demigod,Demigod,175,80000000,0,0,0,3,4980,209,158,134,90,122,7,87,287,36,10,12,0,6,66,0x36B5,200,1000,460,350,0,0,0,0,0,0,0,0,0,0,0,0,0,0,0,0,0,0,0,0,0,0,0,0,0,0,0,0
3097,MM_MOROCC_ADT,Despair God Morroc,Despair God Morroc,175,120000000,0,0,0,3,5523,175,203,155,122,103,12,106,269,51,10,12,1,6,47,0x36B5,200,750,510,500,0,0,607,5000,608,5000,0,0,0,0,0,0,0,0,0,0,0,0,0,0,0,0,0,0,0,0,27321,1
3098,MM_MOROCC_ORIGIN,Morroc of the Genesis,Morroc of the Genesis,160,3258000,0,0,0,3,6177,40,351,212,195,35,5,36,355,7,10,12,2,6,87,0x36B5,350,2000,750,750,0,0,0,0,0,0,0,0,0,0,0,0,0,0,0,0,0,0,0,0,0,0,0,0,0,0,0,0
3099,MM_MOROCC_REST,Morroc of the Sabbath,Morroc of the Sabbath,160,1450000,0,0,0,3,2963,67,112,98,110,98,13,48,271,9,10,12,2,6,87,0x36B5,200,500,510,350,0,0,0,0,0,0,0,0,0,0,0,0,0,0,0,0,0,0,0,0,0,0,0,0,0,0,0,0
3101,MM_MANA_WHITE,Mana of White,Mana of White,1,30,0,0,0,1,1,1,1,1,1,1,1,1,1,1,10,12,0,0,20,0x0,1000,1,1,1,0,0,0,0,0,0,0,0,0,0,0,0,0,0,0,0,0,0,0,0,0,0,0,0,0,0,0,0
3102,MM_MANA_RED,Mana of Life,Mana of Life,1,30,0,0,0,1,1,1,1,1,1,1,1,1,1,1,10,12,0,0,20,0x0,1000,1,1,1,0,0,0,0,0,0,0,0,0,0,0,0,0,0,0,0,0,0,0,0,0,0,0,0,0,0,0,0
3103,MM_MANA_YELLOW,Mana of Earth,Mana of Earth,1,30,0,0,0,1,1,1,1,1,1,1,1,1,1,1,10,12,0,0,20,0x0,1000,1,1,1,0,0,0,0,0,0,0,0,0,0,0,0,0,0,0,0,0,0,0,0,0,0,0,0,0,0,0,0
3105,MM_GB_MOROCC_1,Demon God's Apostle Aha,Demon God's Apostle Aha,149,5000000,0,0,0,1,1901,145,199,35,126,91,63,61,114,37,10,12,2,8,43,0x38A5,110,576,480,432,0,0,0,0,0,0,0,0,0,0,0,0,0,0,0,0,0,0,0,0,0,0,0,0,0,0,27322,1
3106,MM_GB_MOROCC_4,Demon God's Apostle Shn,Demon God's Apostle Shn,149,5000000,0,0,0,1,1235,599,109,54,114,88,62,97,164,43,10,12,1,6,68,0x38A5,150,1536,648,300,0,0,0,0,0,0,0,0,0,0,0,0,0,0,0,0,0,0,0,0,0,0,0,0,0,0,27323,1
3108,JITTERBUG1,Jitterbug1,Jitterbug1,135,2614000,0,307,322,1,3210,695,123,68,189,78,81,51,108,56,10,12,2,6,49,0x38A5,150,676,2592,480,0,0,0,0,0,0,0,0,1935,250,0,0,0,0,0,0,0,0,0,0,0,0,0,0,0,0,27109,1
3109,JITTERBUG2,Jitterbug2,Jitterbug2,135,2614000,0,307,322,1,3210,695,123,68,189,78,81,51,108,56,10,12,2,6,49,0x38A5,150,676,2592,480,0,0,0,0,0,0,0,0,1990,250,0,0,0,0,0,0,0,0,0,0,0,0,0,0,0,0,27109,1
3122,CHARLESTON1,Charleston 1,Charleston 1,140,2614000,0,307,293,1,3210,695,123,68,189,78,81,51,108,56,10,12,2,6,22,0x3985,150,676,2400,480,0,0,0,0,0,0,0,0,0,0,0,0,0,0,0,0,0,0,0,0,0,0,0,0,0,0,0,0
3123,CHARLESTON2,Charleston 2,Charleston 2,140,2614000,0,307,293,1,3210,695,123,68,189,78,81,51,108,56,10,12,2,6,22,0x3985,150,676,2400,480,0,0,0,0,0,0,0,0,0,0,0,0,0,0,0,0,0,0,0,0,0,0,0,0,0,0,0,0
3124,CHARLESTON3,Charleston 3,Charleston 3,145,23671401,0,26100,34347,1,1500,1000,200,90,208,106,205,206,228,105,10,12,2,6,60,0x38A5,200,676,2016,672,0,0,607,5000,608,5000,0,0,16031,200,28101,200,16033,100,21011,200,0,0,0,0,0,0,0,0,0,0,4697,1
3125,STEP,Step,Step,130,55403,0,26,33,1,871,695,101,58,117,127,55,61,116,60,10,12,0,6,20,0x183,100,676,672,480,0,0,0,0,0,0,0,0,998,150,6213,400,0,0,0,0,0,0,0,0,0,0,0,0,0,0,4698,1
3126,ROCK_STEP,Lockstep,Lockstep,131,71056,0,30,31,2,1100,325,85,59,99,95,70,124,155,80,10,12,1,6,40,0x3985,150,676,1056,480,0,0,0,0,0,0,0,0,999,350,7319,500,0,0,0,0,0,0,0,0,0,0,0,0,0,0,4699,1
3127,KICK_STEP,Hallway 1 Security Devi,Hallway 1 Security Devi,132,73644,0,30,31,7,1151,218,80,50,99,92,72,122,161,76,10,12,1,6,20,0x3985,200,676,816,480,0,0,0,0,0,0,0,0,999,250,7319,300,0,0,0,0,0,0,0,0,0,0,0,0,0,0,27012,1
3128,KICK_AND_KICK,Security Robot,Security Robot,133,68018,0,31,28,1,1484,158,98,54,164,116,66,59,141,58,10,12,1,6,40,0x3985,200,676,576,480,0,0,0,0,0,0,0,0,998,100,0,0,0,0,0,0,0,0,0,0,0,0,0,0,0,0,27013,1
3153,EXCAVATOR_ROBOT,Excavator Robot,Excavator Robot,163,166860,0,125,235,1,4785,192,138,53,102,104,72,57,98,57,10,12,1,0,60,0x3885,250,1020,500,768,0,0,0,0,0,0,0,0,1002,250,7507,250,7319,2000,0,0,0,0,0,0,0,0,0,0,0,0,0,0
3154,RECON_ROBOT,Recon Robot,Recon Robot,165,256000,0,132,246,3,2989,280,127,60,112,60,72,57,120,77,10,12,2,0,80,0x3885,170,1072,672,384,0,0,0,0,0,0,0,0,998,1,756,1,0,0,0,0,0,0,0,0,0,0,0,0,0,0,0,0
3155,REPAIR_ROBOT,Repair Robot,Repair Robot,155,154760,0,98,184,1,2051,216,99,55,98,39,30,35,95,45,10,12,0,3,24,0x3885,300,1500,500,660,0,0,0,0,0,0,0,0,1002,250,7507,250,7319,2000,0,0,0,0,0,0,0,0,0,0,0,0,0,0
3156,EXPLORATION_ROVER,Exploration Rover,Exploration Rover,168,293640,0,151,487,3,2513,802,105,41,100,63,35,99,106,61,10,12,2,7,80,0x3885,165,1552,1152,336,0,0,0,0,0,0,0,0,998,5000,756,1,999,1,0,0,0,0,0,0,0,0,0,0,0,0,0,0
3157,RUIN_BELIEVER1,Ruin Grace Believer,Ruin Grace Believer,100,61350,0,39,54,1,993,250,91,50,88,61,51,62,136,60,10,12,1,7,40,0x3885,200,800,2112,768,0,0,0,0,0,0,0,0,0,0,0,0,0,0,0,0,0,0,0,0,0,0,0,0,0,0,0,0
3158,RUIN_BELIEVER2,Ruin Grace Believer,Ruin Grace Believer,100,61350,0,39,54,1,993,250,91,50,88,61,51,62,136,60,10,12,1,7,40,0x3885,200,800,2112,768,0,0,0,0,0,0,0,0,0,0,0,0,0,0,0,0,0,0,0,0,0,0,0,0,0,0,0,0
3159,ILLEGAL_PROMOTION,Illegal Promotion,Illegal Promotion,100,10,0,0,0,1,1,1,1,50,1,1,1,1,1,1,10,12,0,0,40,0x0,200,800,2112,768,0,0,0,0,0,0,0,0,0,0,0,0,0,0,0,0,0,0,0,0,0,0,0,0,0,0,0,0
3161,BOMB,Bomb,Bomb,130,60250,0,0,0,1,1028,144,92,82,126,127,62,57,109,34,10,12,0,0,67,0x0,150,500,360,360,0,0,0,0,0,0,0,0,547,500,0,0,0,0,0,0,0,0,0,0,0,0,0,0,0,0,0,0
3169,J_REB_SHECIL1,Shooting Target,Shooting Target,1,1,0,0,0,1,0,0,0,15,0,0,0,0,0,0,10,12,1,7,64,0x81,180,76,1,1,0,0,0,0,0,0,0,0,0,0,0,0,0,0,0,0,0,0,0,0,0,0,0,0,0,0,0,0
3170,J_REB_SHECIL2,Shooting Target,Shooting Target,1,1,0,0,0,1,0,0,0,15,0,0,0,0,0,0,10,12,1,7,64,0x81,180,76,1,1,0,0,0,0,0,0,0,0,0,0,0,0,0,0,0,0,0,0,0,0,0,0,0,0,0,0,0,0
3175,E1_ROTAR_ZAIRO,Rotar Zairo,Rotar Zairo,113,15900,0,13,17,10,1662,85,95,34,109,54,60,50,84,30,10,12,2,0,44,0x3095,155,2416,2016,432,0,0,0,0,0,0,0,0,7126,250,2312,1,910,200,601,500,912,200,0,0,0,0,0,0,0,0,27181,1
3176,E1_GREMLIN,Gremlin,Gremlin,118,20313,0,17,19,1,848,138,76,25,141,75,48,61,126,37,10,12,2,6,47,0x3195,140,432,540,432,0,0,0,0,0,0,0,0,7340,500,938,500,719,50,603,1,0,0,0,0,0,0,0,0,0,0,27181,1
3177,E1_BEHOLDER,Beholder,Beholder,118,20313,0,17,19,1,848,138,76,25,141,75,48,61,126,37,10,12,2,6,47,0x181,140,432,540,432,0,0,0,0,0,0,0,0,576,500,605,50,996,50,985,1,603,1,0,0,0,0,0,0,0,0,27181,1
3178,E1_ACIDUS,Acidus,Acidus,130,48430,0,26,33,2,871,695,101,90,109,78,50,55,108,55,10,12,2,9,47,0x3095,170,168,1008,300,0,0,0,0,0,0,0,0,7938,100,1035,500,0,0,0,0,0,0,0,0,0,0,0,0,0,0,27181,1
3179,E1_ACIDUS_,Acidus,Acidus,130,40718,0,24,28,2,1484,158,98,47,106,110,61,53,133,53,10,12,2,9,44,0x81,180,168,768,360,0,0,0,0,0,0,0,0,1035,500,1036,500,0,0,0,0,0,0,0,0,0,0,0,0,0,0,27181,1
3180,E1_G_S_NYDHOG,Wywern,Wywern,117,300000,0,0,0,2,1176,840,60,60,1,30,30,136,123,30,10,12,2,9,87,0x81,150,1596,1620,864,0,0,0,0,0,0,0,0,6091,500,7444,1,985,10,0,0,0,0,0,0,0,0,0,0,0,0,27181,1
3181,E1_FELOCK,Captain Ferlock,Captain Ferlock,130,3000000,0,26,33,10,871,695,101,90,109,78,50,55,108,55,10,12,2,9,47,0xA1,170,168,1008,300,0,0,607,5000,608,5000,0,0,12072,3000,12087,3000,12077,3000,0,0,0,0,0,0,0,0,0,0,0,0,27182,1
3190,MM_SARAH,Sarah Irene,Sarah Irene,160,100000000,0,0,0,12,1090,1665,276,255,43,161,6,188,225,136,10,12,1,7,20,0xA4,1000,800,500,300,0,0,617,5000,603,5000,0,0,0,0,0,0,0,0,0,0,0,0,0,0,0,0,0,0,0,0,4610,1
3191,MM_M_GIGAN1,Gigantes,Gigantes,160,6653400,0,0,1,2,4635,120,64,112,156,151,30,62,265,21,10,12,1,6,47,0x38A5,250,1000,750,600,0,0,0,0,0,0,0,0,0,0,0,0,0,0,0,0,0,0,0,0,0,0,0,0,0,0,27183,1
3192,MM_M_GIGAN2,Gigantes,Gigantes,160,9870000,0,0,0,2,5128,89,89,175,212,138,43,21,227,15,10,12,1,6,47,0x38A5,250,1000,750,600,0,0,0,0,0,0,0,0,0,0,0,0,0,0,0,0,0,0,0,0,0,0,0,0,0,0,27183,1
3193,MM_M_GIGAN3,Ancient Medium Gigantes,Ancient Medium Gigantes,160,1126300,0,0,0,2,3967,165,113,155,121,125,45,35,271,15,10,12,1,6,47,0x38A5,300,1250,750,600,0,0,0,0,0,0,0,0,0,0,0,0,0,0,0,0,0,0,0,0,0,0,0,0,0,0,27183,1
3194,MM_L_GIGAN1,Large Gigantes,Large Gigantes,160,2482000,0,0,0,2,4172,82,55,177,135,135,12,72,220,91,10,12,2,6,47,0x38A5,200,1000,500,500,0,0,0,0,0,0,0,0,0,0,0,0,0,0,0,0,0,0,0,0,0,0,0,0,0,0,27183,1
3195,MM_L_GIGAN2,Large Gigantes,Large Gigantes,160,2784175,0,0,0,2,3641,116,71,140,102,119,18,45,275,71,10,12,2,6,47,0x38A5,200,1000,500,500,0,0,0,0,0,0,0,0,0,0,0,0,0,0,0,0,0,0,0,0,0,0,0,0,0,0,27183,1
3196,MM_L_GIGAN3,Ancient Gigantes,Ancient Gigantes,160,12063464,0,0,0,2,8957,61,48,190,203,141,1,66,355,103,10,12,2,6,47,0x38A5,330,1250,800,800,0,0,0,0,0,0,0,0,0,0,0,0,0,0,0,0,0,0,0,0,0,0,0,0,0,0,27183,1
3197,MM_M_GARGOYLE,Mutant Gargoyle,Mutant Gargoyle,150,256780,0,0,0,9,712,89,124,43,147,110,66,57,191,70,10,12,1,6,64,0x2185,200,1020,720,384,0,0,0,0,0,0,0,0,912,1940,1039,250,1746,3,2619,1,1769,1000,757,119,0,0,0,0,0,0,0,0
3198,MM_M_GALION,Mutant Galion,Mutant Galion,150,293165,0,0,0,1,801,77,166,71,133,142,71,45,166,45,10,12,1,2,44,0x3885,150,864,624,360,0,0,0,0,0,0,0,0,7564,1500,919,1500,996,5,0,0,0,0,0,0,0,0,0,0,0,0,0,0
3199,MM_M_MUTANT_DRAGON,Wicked Mutant Dragon,Wicked Mutant Dragon,150,324891,0,0,0,4,1176,98,185,86,175,161,66,68,201,35,10,12,2,9,43,0x3885,250,1280,1080,240,0,0,0,0,0,0,0,0,7054,2425,1035,250,1036,250,930,250,1559,50,7296,750,0,0,0,0,0,0,0,0
3200,MM_M_CHIMERA,Wicked Chimera,Wicked Chimera,150,301158,0,0,0,1,1029,148,199,10,166,175,110,88,188,85,10,12,2,2,63,0x3885,200,772,672,360,0,0,0,0,0,0,0,0,7054,2668,1048,1250,568,500,1306,1,7295,750,1364,1,984,80,0,0,0,0,0,0
3202,ORGANIC_JAKK,Organic Pumpkin,Organic Pumpkin,10,40,0,1,1,1,100,100,160,99,1,1,1,1,999,1,0,0,0,0,20,0xA1,100,1000,500,500,0,0,0,0,0,0,0,0,1062,1000,664,100,546,1000,12192,100,0,0,0,0,0,0,0,0,0,0,0,0
3203,INORGANIC_JAKK,Inorganic Pumpkin,Inorganic Pumpkin,10,40,0,1,1,1,100,100,160,99,1,1,1,1,999,1,0,0,0,0,20,0xA1,200,1000,500,500,0,0,0,0,0,0,0,0,1062,1000,664,100,546,1000,12192,100,0,0,0,0,0,0,0,0,0,0,0,0
3208,V_EREMES,Eremes Guille,Eremes Guille,179,2380000,0,583,486,1,5333,1333,180,100,150,190,60,70,200,80,10,12,1,6,85,0x30B5,100,76,384,288,0,0,0,0,0,0,0,0,0,0,0,0,0,0,0,0,0,0,0,0,0,0,0,0,0,0,4684,1
3209,V_MAGALETA,Margaretha Sorin,Margaretha Sorin,177,2448000,0,667,556,1,1667,4667,160,400,130,80,120,160,150,70,10,12,1,7,86,0x30B5,100,576,384,288,0,0,0,0,0,0,0,0,0,0,0,0,0,0,0,0,0,0,0,0,0,0,0,0,0,0,4685,1
3210,V_KATRINN,Kathryne Cheiron,Kathryne Cheiron,177,2040000,0,500,417,1,1333,4000,110,400,110,80,60,200,210,50,10,12,1,7,88,0x30B5,100,576,384,288,0,0,0,0,0,0,0,0,0,0,0,0,0,0,0,0,0,0,0,0,0,0,0,0,0,0,4686,1
3211,V_SHECIL,Shecil Damon,Shecil Damon,179,2142000,0,583,486,14,4667,1333,100,100,130,130,70,80,300,50,10,12,1,7,84,0x30B5,100,76,384,288,0,0,0,0,0,0,0,0,0,0,0,0,0,0,0,0,0,0,0,0,0,0,0,0,0,0,4687,1
3212,V_HARWORD,Harword Alt-Eisen,Harword Alt-Eisen,177,2720000,0,833,694,1,3333,2000,200,100,160,80,200,60,130,50,10,12,1,7,81,0x30B5,100,76,384,288,0,0,0,0,0,0,0,0,0,0,0,0,0,0,0,0,0,0,0,0,0,0,0,0,0,0,4688,1
3213,V_SEYREN,Seyren Windsor,Seyren Windsor,179,2448000,0,667,556,1,6000,2667,400,200,170,100,200,50,200,60,10,12,1,6,83,0x30B5,100,76,384,288,0,0,0,0,0,0,0,0,0,0,0,0,0,0,0,0,0,0,0,0,0,0,0,0,0,0,4689,1
3214,V_G_EREMES,Guillotine Cross Eremes,Guillotine Cross Eremes,189,3150000,0,0,0,1,8000,2000,360,200,300,380,120,140,400,160,10,12,1,6,85,0x36B5,100,76,384,288,0,0,0,0,0,0,0,0,0,0,0,0,0,0,0,0,0,0,0,0,0,0,0,0,0,0,0,0
3215,V_G_MAGALETA,Arch Bishop Margaretha,Arch Bishop Margaretha,187,3600000,0,0,0,1,2500,7000,320,800,260,160,240,320,300,140,10,12,1,7,86,0x36B5,100,576,384,288,0,0,0,0,0,0,0,0,0,0,0,0,0,0,0,0,0,0,0,0,0,0,0,0,0,0,0,0
3216,V_G_KATRINN,Warlock Kathryne,Warlock Kathryne,187,2700000,0,0,0,1,2000,6000,220,800,220,160,120,400,420,100,10,12,1,7,88,0x36B5,100,576,384,288,0,0,0,0,0,0,0,0,0,0,0,0,0,0,0,0,0,0,0,0,0,0,0,0,0,0,0,0
3217,V_G_SHECIL,Ranger Cecil,Ranger Cecil,189,3150000,0,0,0,14,7000,2000,200,200,260,260,140,160,600,100,10,12,1,7,84,0x36B5,100,76,384,288,0,0,0,0,0,0,0,0,0,0,0,0,0,0,0,0,0,0,0,0,0,0,0,0,0,0,0,0
3218,V_G_HARWORD,Mechanic Howard,Mechanic Howard,187,4500000,0,0,0,1,5000,3000,400,200,320,160,400,120,260,100,10,12,1,7,82,0x36B5,100,76,384,288,0,0,0,0,0,0,0,0,0,0,0,0,0,0,0,0,0,0,0,0,0,0,0,0,0,0,0,0
3219,V_G_SEYREN,Rune Knight Seyren,Rune Knight Seyren,189,3600000,0,0,0,1,9000,4000,800,400,340,200,400,100,400,120,10,12,1,6,83,0x36B5,100,76,384,288,0,0,0,0,0,0,0,0,0,0,0,0,0,0,0,0,0,0,0,0,0,0,0,0,0,0,0,0
3220,V_B_EREMES,Guillotine Cross Eremes,Guillotine Cross Eremes,189,12600000,0,25000,41667,1,8000,2000,360,200,300,380,120,140,400,160,10,12,1,7,85,0x36B5,100,76,384,288,0,0,0,0,0,0,0,0,0,0,0,0,0,0,0,0,0,0,0,0,0,0,0,0,0,0,4674,1
3221,V_B_MAGALETA,Arch Bishop Margaretha,Arch Bishop Margaretha,187,14400000,0,25000,41667,1,2500,7000,320,800,260,160,240,320,300,140,10,12,1,7,86,0x36B5,100,576,384,288,0,0,0,0,0,0,0,0,0,0,0,0,0,0,0,0,0,0,0,0,0,0,0,0,0,0,4675,1
3222,V_B_SHECIL,Ranger Cecil,Ranger Cecil,189,12600000,0,25000,41667,14,7000,2000,200,200,260,260,140,160,600,100,10,12,1,7,84,0x36B5,100,76,384,288,0,0,0,0,0,0,0,0,0,0,0,0,0,0,0,0,0,0,0,0,0,0,0,0,0,0,4676,1
3223,V_B_HARWORD,Mechanic Howard,Mechanic Howard,187,18000000,0,25000,41667,1,5000,3000,400,200,320,160,400,120,260,100,10,12,1,7,81,0x36B5,100,76,384,288,0,0,0,0,0,0,0,0,0,0,0,0,0,0,0,0,0,0,0,0,0,0,0,0,0,0,4677,1
3224,V_B_KATRINN,Warlock Kathryne,Warlock Kathryne,187,10800000,0,25000,41667,1,2000,6000,220,800,220,160,120,400,420,100,10,12,1,7,88,0x36B5,100,576,384,288,0,0,0,0,0,0,0,0,0,0,0,0,0,0,0,0,0,0,0,0,0,0,0,0,0,0,4678,1
3225,V_B_SEYREN,Rune Knight Seyren,Rune Knight Seyren,189,14400000,0,25000,41667,1,9000,4000,800,400,340,200,400,100,400,120,10,12,1,7,83,0x36B5,100,76,384,288,0,0,0,0,0,0,0,0,0,0,0,0,0,0,0,0,0,0,0,0,0,0,0,0,0,0,4679,1
3226,V_RANDEL,Randel Lawrence,Randel Lawrence,178,2550000,0,833,694,1,4000,1333,300,200,200,80,200,50,190,70,10,12,1,7,86,0x30B5,100,76,384,288,0,0,0,0,0,0,0,0,0,0,0,0,0,0,0,0,0,0,0,0,0,0,0,0,0,0,4690,1
3227,V_FLAMEL,Flamel Emule,Flamel Emule,176,2312000,0,667,556,1,3333,3333,130,100,140,80,70,150,200,50,10,12,1,7,83,0x30B5,100,76,384,288,0,0,0,0,0,0,0,0,0,0,0,0,0,0,0,0,0,0,0,0,0,0,0,0,0,0,4691,1
3228,V_CELIA,Celia Alde,Celia Alde,178,2295000,0,750,625,1,2000,3333,110,800,140,100,60,150,120,50,10,12,1,7,88,0x30B5,100,576,384,288,0,0,0,0,0,0,0,0,0,0,0,0,0,0,0,0,0,0,0,0,0,0,0,0,0,0,4692,1
3229,V_CHEN,Chen Liu,Chen Liu,178,2261000,0,583,486,1,5333,2000,180,100,150,80,90,130,200,60,10,12,1,6,81,0x30B5,100,76,384,288,0,0,0,0,0,0,0,0,0,0,0,0,0,0,0,0,0,0,0,0,0,0,0,0,0,0,4693,1
3230,V_GERTIE,Gertie Wie,Gertie Wie,178,2040000,0,667,556,1,4667,1667,160,100,180,130,60,50,210,50,10,12,1,6,85,0x30B5,100,76,384,288,0,0,0,0,0,0,0,0,0,0,0,0,0,0,0,0,0,0,0,0,0,0,0,0,0,0,4694,1
3231,V_ALPHOCCIO,Alphoccio Basil,Alphoccio Basil,176,2040000,0,500,417,7,2667,4000,120,100,120,150,70,200,150,90,10,12,1,7,84,0x30B5,100,76,384,288,0,0,0,0,0,0,0,0,0,0,0,0,0,0,0,0,0,0,0,0,0,0,0,0,0,0,4696,1
3232,V_TRENTINI,Trentini,Trentini,176,2040000,0,500,417,7,2667,4000,100,100,110,150,70,200,150,80,10,12,1,7,84,0x30B5,100,76,384,288,0,0,0,0,0,0,0,0,0,0,0,0,0,0,0,0,0,0,0,0,0,0,0,0,0,0,4695,1
3233,V_G_RANDEL,Royal Guard Randel,Royal Guard Randel,188,4500000,0,0,0,1,6000,2000,600,400,400,160,400,100,380,140,10,12,1,7,86,0x36B5,100,76,384,288,0,0,0,0,0,0,0,0,0,0,0,0,0,0,0,0,0,0,0,0,0,0,0,0,0,0,0,0
3234,V_G_FLAMEL,Genetic Flamel,Genetic Flamel,186,3600000,0,0,0,1,5000,5000,260,200,280,160,140,300,400,100,10,12,1,7,83,0x36B5,100,76,384,288,0,0,0,0,0,0,0,0,0,0,0,0,0,0,0,0,0,0,0,0,0,0,0,0,0,0,0,0
3235,V_G_CELIA,Sorcerer Celia,Sorcerer Celia,188,4050000,0,0,0,1,3000,5000,220,800,280,200,120,300,240,100,10,12,1,7,88,0x36B5,100,576,384,288,0,0,0,0,0,0,0,0,0,0,0,0,0,0,0,0,0,0,0,0,0,0,0,0,0,0,0,0
3236,V_G_CHEN,Sura Chen,Sura Chen,188,3150000,0,0,0,1,8000,3000,360,200,300,160,180,260,400,120,10,12,1,6,81,0x36B5,100,76,384,288,0,0,0,0,0,0,0,0,0,0,0,0,0,0,0,0,0,0,0,0,0,0,0,0,0,0,0,0
3237,V_G_GERTIE,Shadow Chaser Gertie,Shadow Chaser Gertie,188,3600000,0,0,0,1,7000,2500,320,200,360,260,120,100,420,100,10,12,1,6,85,0x36B5,100,76,384,288,0,0,0,0,0,0,0,0,0,0,0,0,0,0,0,0,0,0,0,0,0,0,0,0,0,0,0,0
3238,V_G_ALPHOCCIO,Minstrel Alphoccio,Minstrel Alphoccio,186,3600000,0,0,0,7,4000,6000,240,200,240,300,140,400,300,180,10,12,1,7,84,0x36B5,100,76,384,288,0,0,0,0,0,0,0,0,0,0,0,0,0,0,0,0,0,0,0,0,0,0,0,0,0,0,0,0
3239,V_G_TRENTINI,Wanderer Trentini,Wanderer Trentini,186,3600000,0,0,0,7,4000,6000,200,200,220,300,140,400,300,160,10,12,1,7,84,0x36B5,100,76,384,288,0,0,0,0,0,0,0,0,0,0,0,0,0,0,0,0,0,0,0,0,0,0,0,0,0,0,0,0
3240,V_B_RANDEL,Royal Guard Randel,Royal Guard Randel,188,18000000,0,25000,41667,1,6000,2000,600,400,401,160,400,100,380,140,10,12,1,7,86,0x36B5,100,76,384,288,0,0,0,0,0,0,0,0,0,0,0,0,0,0,0,0,0,0,0,0,0,0,0,0,0,0,4680,1
3241,V_B_FLAMEL,Genetic Flamel,Genetic Flamel,186,14400000,0,25000,41667,1,5000,5000,260,200,280,160,140,300,400,100,10,12,1,7,83,0x36B5,100,76,384,288,0,0,0,0,0,0,0,0,0,0,0,0,0,0,0,0,0,0,0,0,0,0,0,0,0,0,4681,1
3242,V_B_CELIA,Sorcerer Celia,Sorcerer Celia,188,16200000,0,25000,41667,1,3000,5000,220,800,280,200,120,300,240,100,10,12,1,7,88,0x36B5,100,576,384,288,0,0,0,0,0,0,0,0,0,0,0,0,0,0,0,0,0,0,0,0,0,0,0,0,0,0,4671,1
3243,V_B_CHEN,Sura Chen,Sura Chen,188,12600000,0,25000,41667,1,8000,3000,360,200,300,160,180,260,400,120,10,12,1,7,81,0x36B5,100,76,384,288,0,0,0,0,0,0,0,0,0,0,0,0,0,0,0,0,0,0,0,0,0,0,0,0,0,0,4672,1
3244,V_B_GERTIE,Shadow Chaser Gertie,Shadow Chaser Gertie,188,14400000,0,25000,41667,1,7000,2500,320,200,360,260,120,100,420,100,10,12,1,7,85,0x36B5,100,76,384,288,0,0,0,0,0,0,0,0,0,0,0,0,0,0,0,0,0,0,0,0,0,0,0,0,0,0,4682,1
3245,V_B_ALPHOCCIO,Minstrel Alphoccio,Minstrel Alphoccio,186,10800000,0,25000,41667,7,4000,6000,240,200,240,300,140,400,300,180,10,12,1,7,84,0x36B5,100,76,384,288,0,0,0,0,0,0,0,0,0,0,0,0,0,0,0,0,0,0,0,0,0,0,0,0,0,0,4673,1
3246,V_B_TRENTINI,Wanderer Trentini,Wanderer Trentini,186,10800000,0,25000,41667,7,4000,6000,200,200,220,300,140,400,300,160,10,12,1,7,84,0x36B5,100,76,384,288,0,0,0,0,0,0,0,0,0,0,0,0,0,0,0,0,0,0,0,0,0,0,0,0,0,0,4683,1
3247,CENERE_G,Green Cenere,Green Cenere,150,140088,0,64,107,1,1897,110,91,81,70,48,40,37,100,45,10,12,0,0,24,0x3885,300,1500,720,360,0,0,0,0,0,0,0,0,7322,500,7001,1500,7320,1000,0,0,0,0,0,0,0,0,0,0,0,0,27014,1
3248,REPAIR_ROBOT_T,Repair Robot Turbo,Repair Robot Turbo,158,186320,0,110,201,1,2431,226,118,59,101,42,55,35,110,45,10,12,0,0,40,0x108B,300,1500,500,660,0,0,0,0,0,0,0,0,7512,500,7507,250,998,2000,999,500,0,0,0,0,0,0,0,0,0,0,27015,1
3249,EXPLORATION_ROVER_T,Explorer Robot Turbo,Explorer Robot Turbo,171,318117,0,165,570,3,2945,841,121,67,118,80,45,121,138,65,10,12,2,0,80,0x3885,165,1552,1152,336,0,0,0,0,0,0,0,0,7512,500,7507,250,998,2000,999,500,0,0,0,0,0,0,0,0,0,0,27016,1
3250,SCR_MT_ROBOTS,Can Robot,Can Robot,155,30,0,1,1,1,95,2,100,99,35,42,20,12,68,3,10,12,0,0,20,0x3885,300,2400,500,400,0,0,0,0,0,0,0,0,7512,1000,7507,1500,7319,2000,0,0,0,0,0,0,0,0,0,0,0,0,27017,1
3251,GC109,Machine Component,Machine Component,149,217650,0,55,82,1,2678,1257,121,71,60,132,45,35,155,15,10,12,0,0,47,0x3885,120,1000,500,600,0,0,0,0,0,0,0,0,7512,1000,7507,1500,7319,2000,0,0,0,0,0,0,0,0,0,0,0,0,27018,1
3252,DR815,Machine Component,Machine Component,153,245670,0,60,97,1,3315,761,143,45,88,98,88,21,116,22,10,12,1,0,27,0x3885,135,1500,600,500,0,0,0,0,0,0,0,0,7512,1000,7507,1500,7319,2000,0,0,0,0,0,0,0,0,0,0,0,0,27019,1
3253,SYS_MSG,System message,System message,160,100,0,0,0,12,1,1,276,99,0,0,0,188,0,0,0,0,2,6,27,0x3795,1000,3000,600,550,0,0,0,0,0,0,0,0,0,0,0,0,0,0,0,0,0,0,0,0,0,0,0,0,0,0,0,0
3254,T_W_O,T_W_O,T_W_O,165,48000000,0,0,0,3,3955,196,158,134,90,141,7,87,267,70,10,12,2,6,67,0x36B5,150,1250,500,350,0,0,617,2000,617,2000,0,0,1531,500,7319,2000,0,0,0,0,0,0,0,0,0,0,0,0,0,0,27020,1
3255,GHOUL_H,Smelly Ghoul,Smelly Ghoul,155,178652,0,85,147,1,2235,216,99,55,98,55,61,22,133,2,10,12,0,3,24,0x3885,200,2050,500,660,0,0,0,0,0,0,0,0,0,0,0,0,0,0,0,0,0,0,0,0,0,0,0,0,0,0,0,0
3256,ZOMBIE_H,Smelly Zombie,Smelly Zombie,148,134615,0,57,96,1,1995,450,91,42,76,53,54,21,125,3,10,12,0,0,60,0x3885,220,2155,960,480,0,0,0,0,0,0,0,0,0,0,0,0,0,0,0,0,0,0,0,0,0,0,0,0,0,0,0,0
3384,MIN_PORING,Poring,Poring,100,25000,0,10,17,1,794,67,146,5,108,49,68,34,119,24,10,12,1,3,21,0x3885,400,1872,672,480,0,0,0,0,0,0,0,0,909,7000,1202,100,938,400,512,1000,601,500,512,150,619,20,0,0,0,0,4001,20
3385,MIN_LUNATIC,Lunatic,Lunatic,100,25000,0,10,17,1,600,1,147,0,109,50,69,35,120,25,10,12,0,2,60,0x3885,200,1456,456,336,0,0,0,0,0,0,0,0,705,7000,949,3000,2262,4,512,1000,601,500,515,3000,622,20,0,0,0,0,4006,20
3386,MIN_FABRE,Fabre,Fabre,100,25000,0,10,17,1,600,3,148,0,110,51,70,36,121,26,10,12,0,4,22,0x3985,400,1672,672,480,0,0,0,0,0,0,0,0,914,7000,949,1000,1502,80,601,500,511,3000,705,1000,1501,200,0,0,0,0,4002,20
3387,MIN_PICKY,Picky,Picky,100,25000,0,10,17,1,600,1,149,3,111,52,71,37,122,27,10,12,0,2,23,0x3885,200,988,288,168,0,0,0,0,0,0,0,0,916,7000,949,1000,2302,200,507,1000,519,1000,715,60,601,500,0,0,0,0,4008,20
3388,MIN_CONDOR,Condor,Condor,101,40000,0,11,19,1,610,6,150,5,112,53,72,38,123,28,10,12,1,2,24,0x3885,150,1148,648,480,0,0,0,0,0,0,0,0,917,8000,1702,100,601,500,12004,50,517,400,916,3000,582,600,0,0,0,0,4015,1
3389,MIN_WILOW,Willow,Willow,101,40000,0,11,19,1,610,5,151,2,113,54,73,39,124,29,10,12,1,3,22,0x3885,200,1672,672,432,0,0,0,0,0,0,0,0,902,9000,1019,100,907,2000,516,1000,1068,3000,1067,2000,1066,1000,0,0,0,0,4010,10
3390,MIN_SPORE,Spore,Spore,101,40000,0,11,19,1,610,8,152,10,114,55,74,40,125,30,10,12,1,3,21,0x3885,200,1872,672,288,0,0,0,0,0,0,0,0,921,8000,507,1000,601,500,743,10,2220,30,7033,10,578,600,0,0,0,0,4022,10
3391,MIN_POPORING,Poporing,Poporing,101,40000,0,11,19,1,610,20,153,17,115,56,75,41,126,31,10,12,1,3,25,0x3885,300,1672,672,480,0,0,0,0,0,0,0,0,938,6000,910,1000,511,1000,514,200,601,500,1207,20,512,125,0,0,0,0,4033,10
3392,MIN_SMOKIE,Smokie,Smokie,102,55000,0,12,21,1,620,11,154,0,116,57,76,42,127,32,10,12,0,2,22,0x3885,200,1576,576,420,0,0,0,0,0,0,0,0,945,2750,919,2750,516,400,2213,1,754,1,601,500,729,1,0,0,0,0,4044,1
3393,MIN_DOKEBI,Dokebi,Dokebi,102,55000,0,12,21,1,620,30,155,20,117,58,77,43,128,33,10,12,0,6,27,0x3985,250,1156,456,384,0,0,0,0,0,0,0,0,1021,4500,757,75,1517,1,1613,1,969,1,10038,5,1005,3,0,0,0,0,4098,1
3394,MIN_BIGFOOT,Bigfoot,Bigfoot,102,55000,0,12,21,1,620,12,156,7,118,59,78,44,129,34,10,12,2,2,22,0x3885,300,1260,192,192,0,0,0,0,0,0,0,0,948,4500,2289,3,919,2500,601,500,516,750,518,225,756,22,0,0,0,0,4074,1
3395,MIN_WORM_TAIL,Wormtail,Wormtail,102,55000,0,12,21,1,620,5,157,0,119,60,79,45,130,35,10,12,1,3,22,0x3885,200,1048,48,192,0,0,0,0,0,0,0,0,993,30,1011,13,906,2750,1408,15,508,35,601,500,10015,50,0,0,0,0,4034,1
3396,MIN_WOLF,Wolf,Wolf,103,70000,0,12,23,1,630,11,158,3,120,61,80,46,131,36,10,12,1,2,22,0x3885,200,1054,504,432,0,0,0,0,0,0,0,0,1011,10,920,4500,2308,5,601,500,528,525,919,2750,578,300,0,0,0,0,4029,1
3397,MIN_SNAKE,Boa,Boa,103,70000,0,12,23,1,630,5,159,8,121,62,81,47,132,37,10,12,1,2,22,0x3885,200,1576,576,576,0,0,0,0,0,0,0,0,926,8000,1117,20,507,800,1011,100,937,800,601,500,578,3000,0,0,0,0,4037,10
3398,MIN_ANACONDAQ,Anacondaq,Anacondaq,103,70000,0,12,23,1,630,55,160,0,122,63,82,48,133,38,10,12,1,2,25,0x3885,200,1576,576,576,0,0,0,0,0,0,0,0,6247,100,937,4500,1455,5,926,750,936,100,508,75,756,25,0,0,0,0,4062,1
3399,MIN_MARIN,Marin,Marin,103,70000,0,12,23,1,630,14,161,8,123,64,83,49,134,39,10,12,1,3,41,0x3885,400,1872,672,480,0,0,0,0,0,0,0,0,910,1600,938,750,700,50,601,500,510,38,529,175,5035,1,0,0,0,0,4196,1
3400,MIN_MUKA,Muka,Muka,104,85000,0,13,25,1,640,9,162,0,124,65,84,50,135,40,10,12,2,3,22,0x3885,300,1960,960,384,0,0,0,0,0,0,0,0,993,35,952,4500,601,500,511,200,507,500,1451,25,1002,125,0,0,0,0,4036,1
3401,MIN_PECOPECO,Peco Peco,Peco Peco,104,85000,0,13,25,1,640,7,163,0,125,66,85,51,136,41,10,12,2,2,23,0x3885,200,1564,864,576,0,0,0,0,0,0,0,0,925,4500,2402,10,508,100,601,500,1604,50,582,500,0,0,0,0,0,0,4031,1
3402,MIN_DENIRO,Deniro,Deniro,104,85000,0,13,25,1,640,16,164,16,126,67,86,52,137,42,10,12,0,4,22,0x3985,150,1288,288,576,0,0,0,0,0,0,0,0,955,4500,910,1500,938,600,990,25,601,500,1002,225,757,17,0,0,0,0,4043,1
3403,MIN_PIERE,Piere,Piere,104,85000,0,13,25,1,640,20,165,16,127,68,87,53,138,43,10,12,0,4,22,0x3985,200,1288,288,576,0,0,0,0,0,0,0,0,955,4500,910,550,938,300,992,15,601,500,1002,200,757,16,0,0,0,0,4043,1
3404,MIN_ANDRE,Andre,Andre,105,100000,0,25,27,1,660,21,166,16,128,69,88,54,139,44,10,12,0,4,22,0x3985,300,1288,288,384,0,0,0,0,0,0,0,0,955,4500,910,500,938,250,993,25,601,500,1002,175,757,14,0,0,0,0,4043,1
3405,MIN_GOLEM,Golem,Golem,105,100000,0,25,27,1,660,25,167,12,129,70,89,55,140,45,10,12,2,0,60,0x3885,300,1608,816,396,0,0,0,0,0,0,0,0,999,75,953,4500,912,110,757,35,2146,3,715,100,998,175,0,0,0,0,4072,1
3406,MIN_SCORPION,Scorpion,Scorpion,105,100000,0,25,27,1,660,7,168,5,130,71,90,56,141,46,10,12,0,4,23,0x3985,200,1564,864,576,0,0,0,0,0,0,0,0,990,35,904,2750,757,29,943,105,601,500,7041,500,625,10,0,0,0,0,4068,1
3407,MIN_CHONCHON,Chonchon,Chonchon,105,100000,0,25,27,1,660,3,169,0,131,72,91,57,142,47,10,12,0,4,24,0x3985,200,1076,576,480,0,0,0,0,0,0,0,0,998,50,935,7000,909,2000,1205,50,601,500,742,6,1002,200,0,0,0,0,4009,20
3408,MIN_METALLER,Metaller,Metaller,106,115000,0,33,29,1,680,41,170,12,132,73,92,58,143,48,10,12,1,4,23,0x3985,200,1708,1008,540,0,0,0,0,0,0,0,0,990,30,940,3250,911,200,757,25,707,10,935,1500,1914,5,0,0,0,0,4057,1
3409,MIN_SAND_MAN,Sandman,Sandman,106,115000,0,33,29,1,680,56,171,24,133,74,93,59,144,49,10,12,1,0,62,0x3885,250,1672,720,288,0,0,0,0,0,0,0,0,997,18,1056,2668,757,59,7043,175,1001,100,1257,1,1622,3,0,0,0,0,4101,1
3410,MIN_RAGGLER,Raggler,Raggler,106,115000,0,33,29,1,680,39,172,10,134,75,94,60,145,50,10,12,0,2,24,0x3885,200,1000,900,384,0,0,0,0,0,0,0,0,7053,1500,916,2500,645,100,601,500,992,45,2225,4,756,16,0,0,0,0,4186,1
3411,MIN_DRAGON_TAIL,Dragon Tail,Dragon Tail,106,115000,0,33,29,1,680,35,173,25,135,76,95,61,146,51,10,12,1,4,44,0x3985,175,862,534,312,0,0,0,0,0,0,0,0,7064,2207,1096,200,943,400,2207,4,2226,1,0,0,0,0,0,0,0,0,4178,1
3412,MIN_GREEN_IGUANA,Grove,Grove,107,130000,0,42,31,1,700,35,174,18,136,77,96,62,147,52,10,12,1,2,42,0x3885,200,1152,1152,480,0,0,0,0,0,0,0,0,521,750,903,500,520,500,511,500,528,1000,606,5,6264,250,0,0,0,0,4377,1
3413,MIN_SEE_OTTER,Sea Otter,Sea Otter,107,130000,0,42,31,1,700,42,175,18,137,78,97,63,148,53,10,12,1,2,61,0x3885,190,1132,583,532,0,0,0,0,0,0,0,0,722,75,965,2750,7065,2183,601,500,726,25,746,325,7053,600,0,0,0,0,4326,1
3414,MIN_GALAPAGO,Galapago,Galapago,107,130000,0,42,31,1,700,35,176,16,138,79,98,64,149,54,10,12,0,2,22,0x3885,165,1430,1080,1080,0,0,0,0,0,0,0,0,7053,2668,6263,150,508,1750,606,50,6264,150,5111,1,601,500,0,0,0,0,4152,1
3415,MIN_FUR_SEAL,Seal,Seal,107,130000,0,42,31,1,700,40,177,16,139,80,99,65,150,55,10,12,1,2,21,0x3885,200,1612,622,583,0,0,0,0,0,0,0,0,912,2183,601,500,2310,3,7053,600,1452,1,525,100,746,60,0,0,0,0,4312,1
3416,MIN_ALLIGATOR,Alligator,Alligator,108,145000,0,50,33,1,720,37,178,30,140,81,100,66,151,56,10,12,1,2,21,0x3885,200,1100,900,480,0,0,0,0,0,0,0,0,912,500,1099,300,7003,1000,608,1,756,65,0,0,0,0,0,0,0,0,4252,1
3417,MIN_MEGALODON,Megalodon,Megalodon,108,145000,0,50,33,1,720,32,179,28,141,82,101,67,152,57,10,12,1,1,29,0x3885,200,2492,792,432,0,0,0,0,0,0,0,0,959,2750,932,750,510,40,601,500,719,5,603,1,624,10,0,0,0,0,4067,1
3418,MIN_TRI_JOINT,Tri Joint,Tri Joint,108,145000,0,50,33,1,720,28,180,5,142,83,102,68,153,58,10,12,0,4,22,0x3985,200,860,660,624,0,0,0,0,0,0,0,0,7053,50,943,190,606,100,993,80,1001,70,757,53,0,0,0,0,0,0,4308,1
3419,MIN_MEGALITH,Megalith,Megalith,109,160000,0,58,36,9,740,30,181,18,143,84,103,69,154,59,10,12,2,0,80,0x84,200,1332,1332,672,0,0,0,0,0,0,0,0,912,50,7049,500,617,1,985,31,757,104,0,0,0,0,0,0,0,0,4200,1
3420,MIN_DRYAD,Dryad,Dryad,109,160000,0,58,36,3,740,35,182,8,144,85,104,70,155,60,10,12,1,3,82,0x3885,170,950,2520,576,0,0,0,0,0,0,0,0,7197,2668,7198,500,7188,1500,6265,150,1964,1,2270,5,7100,1500,0,0,0,0,4177,1
3421,MIN_TOAD,Infinite Toad,Infinite Toad,105,900000,0,100,208,1,1500,19,24,6,32,19,27,10,24,5,10,12,1,5,21,0x38A5,200,1236,336,432,0,0,0,0,0,0,0,0,2244,25,729,500,7938,250,970,50,971,50,5125,500,0,0,0,0,0,0,4642,1
3422,MIN_VAGABOND_WOLF,Infinite Vagabond Wolf,Infinite Vagabond Wolf,105,900000,0,100,208,1,1700,46,102,51,72,63,55,29,108,15,10,12,1,2,22,0x38A5,150,1048,648,432,0,0,0,0,0,0,0,0,2248,100,920,4000,728,750,1148,50,2521,500,7938,250,0,0,0,0,0,0,4643,1
3423,MIN_VOCAL,Infinite Vocal,Infinite Vocal,105,900000,0,100,208,1,1600,11,77,26,77,26,26,30,53,40,10,12,1,4,22,0x3985,200,1080,648,480,0,0,0,0,0,0,0,0,2247,25,940,4000,721,500,2420,500,7938,250,1917,5,0,0,0,0,0,0,4644,1
3424,MIN_ECLIPSE,Infinite Eclipse,Infinite Eclipse,105,900000,0,100,208,1,1400,20,50,20,20,28,35,17,27,55,10,12,1,2,60,0x38A5,200,1456,456,336,0,0,0,0,0,0,0,0,2250,100,727,600,7938,250,706,1,622,25,2355,500,0,0,0,0,0,0,4645,1
3425,MIN_CHIMERA,Infinite Chimera,Infinite Chimera,105,900000,0,100,208,1,1800,148,159,10,1,38,110,88,91,85,10,12,2,2,63,0x38A5,200,772,672,360,0,0,0,0,0,0,0,0,7054,2668,1048,1250,1306,1,7295,750,1364,1,984,80,0,0,0,0,0,0,4646,1
3426,MIN_EDDGA,Infinite Eddga,Infinite Eddga,101,1850000,0,833,1389,1,1800,776,166,70,92,80,103,66,139,85,10,12,2,2,23,0x36B5,300,872,1344,432,833,10000,1029,5000,1030,1000,994,3000,1133,75,2268,125,1258,250,1030,400,985,1200,13046,100,0,0,0,0,0,0,4648,1
3427,MIN_OSIRIS,Infinite Osiris,Infinite Osiris,103,2850000,0,833,1389,1,1900,1503,172,164,97,99,86,131,165,67,10,12,1,1,89,0x36B5,100,1072,672,384,833,10000,603,4000,608,3000,751,500,617,1000,1232,75,2235,100,1255,300,5053,75,1285,50,0,0,0,0,0,0,4647,1
3428,MIN_PHREEONI,Infinite Phreeoni,Infinite Phreeoni,105,4750000,0,833,1389,1,2200,967,269,98,88,70,112,87,122,71,10,12,2,2,60,0x36B5,200,1020,1020,288,833,10000,1008,500,730,1000,1000,4000,1015,4850,1223,250,1236,75,2288,150,985,1450,13047,50,0,0,0,0,0,0,4649,1
3429,MIN_ORK_HERO,Infinite Orc Hero,Infinite Orc Hero,107,6650000,0,833,1389,1,3000,441,197,70,97,82,107,71,144,43,10,12,2,7,42,0x36B5,150,1678,780,648,833,10000,725,2000,607,1500,999,5000,968,4850,10018,250,1366,75,2106,125,1124,500,1387,50,0,0,0,0,0,0,4650,1
3430,MIN_TAO_GUNKA,Infinite Tao Gunka,Infinite Tao Gunka,109,8550000,0,1667,2778,2,3400,1260,404,143,135,175,98,110,239,66,10,12,2,6,60,0x36B5,150,1020,288,144,833,10000,984,6000,617,3000,505,6000,7300,2425,728,500,2296,200,504,1500,12738,100,2231,3,0,0,0,0,0,0,4651,1
3431,MIN_G_RODA_FROG,Roda Frog,Roda Frog,100,100000,0,0,0,1,650,4,12,5,12,6,4,0,14,9,10,12,1,5,21,0x3885,200,2016,816,288,0,0,0,0,0,0,0,0,0,0,0,0,0,0,0,0,0,0,0,0,0,0,0,0,0,0,0,0
3432,MIN_G_WOLF,Wolf,Wolf,100,100000,0,0,0,1,650,11,55,3,27,24,30,15,33,5,10,12,1,2,22,0x3885,200,1054,504,432,0,0,0,0,0,0,0,0,0,0,0,0,0,0,0,0,0,0,0,0,0,0,0,0,0,0,0,0
3433,MIN_G_ROCKER,Rocker,Rocker,100,100000,0,0,0,1,650,5,16,3,12,18,8,10,17,5,10,12,1,4,22,0x3985,200,1864,864,540,0,0,0,0,0,0,0,0,0,0,0,0,0,0,0,0,0,0,0,0,0,0,0,0,0,0,0,0
3434,MIN_G_LUNATIC,Lunatic,Lunatic,100,100000,0,0,0,1,650,1,18,0,10,3,3,0,8,5,10,12,0,2,60,0x3885,200,1456,456,336,0,0,0,0,0,0,0,0,0,0,0,0,0,0,0,0,0,0,0,0,0,0,0,0,0,0,0,0
3435,MIN_G_GARGOYLE,Gargoyle,Gargoyle,100,100000,0,0,0,9,650,89,98,43,100,61,60,57,120,70,10,12,1,6,64,0x3985,200,1020,720,384,0,0,0,0,0,0,0,0,0,0,0,0,0,0,0,0,0,0,0,0,0,0,0,0,0,0,0,0
3436,MIN_G_BIGFOOT,Bigfoot,Bigfoot,100,100000,0,0,0,1,650,12,55,7,18,4,7,0,12,0,10,12,2,2,22,0x3885,300,1260,192,192,0,0,0,0,0,0,0,0,0,0,0,0,0,0,0,0,0,0,0,0,0,0,0,0,0,0,0,0
3437,MIN_G_ANCIENT_MUMMY,Ancient Mummy,Ancient Mummy,100,100000,0,0,0,1,650,100,93,27,126,57,55,69,78,15,10,12,1,1,49,0x3885,175,1772,120,384,0,0,0,0,0,0,0,0,0,0,0,0,0,0,0,0,0,0,0,0,0,0,0,0,0,0,0,0
3438,MIN_G_SAND_MAN,Sandman,Sandman,100,100000,0,0,0,1,650,56,126,25,44,8,55,15,34,25,10,12,1,0,62,0x3885,250,1672,720,288,0,0,0,0,0,0,0,0,0,0,0,0,0,0,0,0,0,0,0,0,0,0,0,0,0,0,0,0
3439,MIN_G_HIGH_ORC,High Orc,High Orc,100,100000,0,0,0,1,650,50,101,45,75,16,40,31,83,20,10,12,2,7,43,0x3885,150,1500,500,1000,0,0,0,0,0,0,0,0,0,0,0,0,0,0,0,0,0,0,0,0,0,0,0,0,0,0,0,0
3440,MIN_G_MEGALITH,Megalith,Megalith,100,100000,0,0,0,9,650,30,66,18,57,14,35,10,99,3,10,12,2,0,80,0x3695,200,1332,1332,672,0,0,0,0,0,0,0,0,0,0,0,0,0,0,0,0,0,0,0,0,0,0,0,0,0,0,0,0
3442,FROZENWOLF,Frozen Wolf,Frozen Wolf,140,80000,0,42,69,1,1000,1000,50,50,100,80,100,100,100,50,10,12,1,2,21,0x3885,200,1120,420,432,0,0,0,0,0,0,0,0,7066,2183,749,50,7053,1000,6256,250,0,0,0,0,0,0,0,0,0,0,4640,1
3443,TAFFY,Taffy,Taffy,145,100000,0,50,83,1,1500,1500,125,47,100,80,1001,100,100,50,10,12,1,2,22,0x81,200,1604,1344,2016,0,0,0,0,0,0,0,0,1027,5000,2309,30,919,3000,1455,50,1405,80,601,1000,0,0,0,0,0,0,4639,1
3444,WATCHER,Watcher,Watcher,145,120000,0,58,97,6,1400,1400,125,47,100,80,100,100,80,50,10,12,0,0,24,0x3885,190,576,1344,480,0,0,0,0,0,0,0,0,576,2000,605,100,996,100,985,10,603,1,0,0,0,0,0,0,0,0,4638,1
3445,P_ARCHER_SKELETON,Enchanted Archer Skelet,Enchanted Archer Skelet,114,10000,0,0,0,14,200,100,20,0,20,60,30,60,150,30,10,12,1,1,69,0x3885,300,1152,864,576,0,0,0,0,0,0,0,0,7005,5000,18122,5,12013,500,0,0,0,0,0,0,0,0,0,0,0,0,4633,1
3446,P_SKELETON,Enchanted Skeleton,Enchanted Skeleton,114,10000,0,0,0,1,200,200,20,20,80,60,30,120,90,30,10,12,1,1,69,0x3885,250,1440,528,576,0,0,0,0,0,0,0,0,7005,5000,2609,10,12425,10,0,0,0,0,0,0,0,0,0,0,0,0,4446,1
3447,P_SOLDIER_SKELETON,Enchanted Soldier Skele,Enchanted Soldier Skele,115,20000,0,0,0,1,200,100,20,20,120,60,30,60,90,30,10,12,1,1,69,0x3885,250,1440,576,432,0,0,0,0,0,0,0,0,7005,5000,13414,10,0,0,0,0,0,0,0,0,0,0,0,0,0,0,4634,1
3448,P_AMDARAIS,Renovated Amdarais,Renovated Amdarais,99,10000000,0,0,0,2,800,800,30,30,150,50,100,50,70,50,10,12,2,1,29,0x3885,200,1152,1536,480,0,0,0,0,0,0,0,0,983,1000,6245,1000,6244,1000,0,0,0,0,0,0,0,0,0,0,0,0,4635,1
3449,G_P_AMDARAIS,Enhanced Amdarais,Enhanced Amdarais,98,66666,0,0,0,2,700,700,30,30,100,50,100,50,70,50,10,12,2,1,29,0x3885,200,1152,1536,480,0,0,0,0,0,0,0,0,0,0,0,0,0,0,0,0,0,0,0,0,0,0,0,0,0,0,0,0
3450,BIJOU,Bijou,Bijou,115,10000000,0,556,926,3,1444,1444,20,200,150,40,50,150,150,50,10,12,2,1,89,0x36B5,200,2000,1536,480,17,10000,617,5000,616,2000,12531,3000,983,5000,748,1000,1814,500,0,0,0,0,0,0,0,0,0,0,0,0,4636,1
3451,IMMOTAL_CORPS,Immotal Corps,Immotal Corps,158,198410,0,80,109,1,1408,890,150,83,165,75,95,75,150,50,10,12,1,6,89,0x3985,150,1500,600,500,0,0,0,0,0,0,0,0,1059,1500,604,10,522,200,607,50,732,3,603,2,0,0,0,0,0,0,4637,10
3452,ZOMBIE_GUARD,Zombie Guard,Zombie Guard,145,124000,0,57,67,1,897,347,200,35,138,75,200,43,120,20,10,12,1,1,89,0x3885,400,768,2784,480,0,0,0,0,0,0,0,0,7071,2207,938,750,723,100,727,50,7071,1,0,0,0,0,0,0,0,0,4641,1
3454,HEART_HUNTER_N,Suspicious Intruder,Suspicious Intruder,103,20714,0,16,28,1,703,178,49,28,36,53,32,22,98,5,10,12,1,7,47,0x3885,200,864,1268,480,0,0,0,0,0,0,0,0,0,0,0,0,0,0,0,0,0,0,0,0,0,0,0,0,0,0,0,0
3455,GLASS_PLATE,Plate,Plate,1,1,0,0,0,1,1,1,100,99,0,0,0,0,0,0,7,12,0,0,20,0x0,1000,1,1,1,0,0,0,0,0,0,0,0,0,0,0,0,0,0,0,0,0,0,0,0,0,0,0,0,0,0,0,0
3473,AS_RAGGED_GOLEM,Stefan.J.E.Wolf,Stefan.J.E.Wolf,160,20000000,0,804,1514,1,8128,640,146,30,248,57,16,59,245,43,14,16,2,1,29,0x36B5,300,960,1632,480,42,10000,603,5000,617,5000,616,2000,28010,1,21018,1,2027,1,607,1000,608,2000,984,3500,985,3500,0,0,0,0,31026,1
3474,AS_BLOODY_KNIGHT,Immortal Cursed Knight,Immortal Cursed Knight,160,10000000,0,400,645,2,4666,434,178,48,193,103,102,83,240,65,10,12,2,0,47,0x36B5,250,768,528,288,0,0,0,0,0,0,0,0,21018,1,616,500,607,1004,608,2005,984,3245,985,3245,0,0,0,0,0,0,31024,1
3475,AS_WIND_GHOST,Immortal Wind Ghost,Immortal Wind Ghost,160,10000000,0,400,645,5,4666,1577,136,72,131,68,53,116,259,42,10,12,1,6,44,0x36B5,150,2112,1152,672,0,0,0,0,0,0,0,0,2027,1,616,500,607,1004,608,2005,984,3245,985,3245,0,0,0,0,0,0,31025,1
3476,AS_ZOMBIE,Immortal Zombie Soldier,Immortal Zombie Soldier,160,405694,0,0,0,1,2446,3669,188,28,141,90,160,0,169,0,10,12,1,1,29,0x3885,400,2612,912,288,0,0,0,0,0,0,0,0,0,0,0,0,0,0,0,0,0,0,0,0,0,0,0,0,0,0,0,0
3477,AS_IMMORTAL_CORPS,Immortal Fortress Legio,Immortal Fortress Legio,160,405694,0,129,179,1,2446,1546,150,83,165,90,95,75,180,50,10,12,1,6,29,0x3985,150,1500,600,500,0,0,0,0,0,0,0,0,28706,20,13455,20,21016,20,1400,20,1450,20,0,0,0,0,0,0,0,0,0,0
3478,AS_ZOMBIE_SLAUGHTER,Sky Fortress Key Keeper,Sky Fortress Key Keeper,160,423332,0,129,179,1,2446,292,129,58,150,88,105,16,210,27,10,12,1,1,49,0x38A5,200,676,648,432,0,0,0,0,0,0,0,0,0,0,0,0,0,0,0,0,0,0,0,0,0,0,0,0,0,0,0,0
3479,AS_ZOMBIE_MASTER,Immortal Zombie Assault,Immortal Zombie Assault,160,405694,0,129,179,1,2446,430,104,61,73,96,64,65,138,64,10,12,1,1,29,0x3885,175,2612,912,288,0,0,0,0,0,0,0,0,28605,20,28008,20,13328,20,28107,20,16041,20,1800,20,0,0,0,0,0,0,0,0
3480,AS_CURSED_SOLDIER,Immortal Cursed Zombie,Immortal Cursed Zombie,160,405694,0,129,179,9,2446,1,123,50,117,86,93,81,309,33,10,12,1,1,29,0x3885,150,1960,576,420,0,0,0,0,0,0,0,0,2026,20,1600,20,13128,20,1996,20,1900,20,18121,20,0,0,0,0,0,0,0,0
3481,AS_EVIL_SHADOW1,Immortal Nightmare Shado,Immortal Nightmare Shado,160,423330,0,117,189,1,2446,498,34,34,102,61,102,24,132,51,10,12,2,6,27,0x3985,200,1500,600,500,0,0,0,0,0,0,0,0,28605,30,28008,30,13328,30,28107,30,16041,30,1800,30,0,0,0,0,0,0,0,0
3482,AS_EVIL_SHADOW2,Immortal Angry Shadow,Immortal Angry Shadow,160,388054,0,117,189,1,2202,1033,137,40,68,139,51,39,234,17,10,12,1,6,27,0x3985,200,1000,500,600,0,0,0,0,0,0,0,0,2026,30,1600,30,13128,30,1996,30,1900,30,18121,30,0,0,0,0,0,0,0,0
3483,AS_EVIL_SHADOW3,Immortal Death Shadow,Immortal Death Shadow,160,423330,0,117,189,1,2446,106,100,49,135,117,74,37,142,30,10,12,2,6,27,0x3985,200,1800,780,480,0,0,0,0,0,0,0,0,28706,30,13455,30,21016,30,1400,30,1450,30,0,0,0,0,0,0,0,0,0,0
3484,AS_D_RAGGED_GOLEM,Stefan.J.E.Wolf,Stefan.J.E.Wolf,160,20000000,0,0,0,1,8128,640,146,30,248,57,16,59,245,43,14,16,2,1,49,0x36B5,300,960,1632,480,0,0,0,0,0,0,0,0,0,0,0,0,0,0,0,0,0,0,0,0,0,0,0,0,0,0,0,0
3485,AS_D_CURSED_SOLDIER,Cursed Soldier of Bijou,Cursed Soldier of Bijou,160,405694,0,0,0,9,2446,1,123,50,117,86,93,81,309,33,10,12,1,1,29,0x3885,150,1960,576,420,0,0,0,0,0,0,0,0,0,0,0,0,0,0,0,0,0,0,0,0,0,0,0,0,0,0,0,0
3487,IMMORTAL_CORPS1,Butcher Soldier,Butcher Soldier,115,90000,0,0,0,1,800,800,50,30,100,90,70,50,150,50,10,12,0,6,89,0x3795,100,500,840,300,0,0,0,0,0,0,0,0,7208,1000,604,10,522,200,607,50,732,3,603,2,0,0,0,0,0,0,4637,1
3488,IMMORTAL_CORPS2,Scythe Soldier,Scythe Soldier,115,120000,0,0,0,1,600,600,30,60,84,75,70,120,120,80,10,12,0,6,89,0x3795,150,1000,1100,480,0,0,0,0,0,0,0,0,7208,1000,604,10,522,200,607,50,732,3,603,2,0,0,0,0,0,0,4637,1
3489,IMMORTAL_CORPS3,Bone Crash Soldier,Bone Crash Soldier,115,170000,0,0,0,2,900,900,80,40,120,90,130,30,80,50,10,12,0,6,89,0x3795,200,1500,1500,480,0,0,0,0,0,0,0,0,7208,1000,604,10,522,200,607,50,732,3,603,2,0,0,0,0,0,0,4637,1
3490,IMMORTAL_CO_CMDER,Immortal Commander,Immortal Commander,160,500000,0,208,208,3,890,200,200,120,170,80,100,85,160,90,10,12,1,6,89,0x3795,150,1500,1344,480,0,0,0,0,0,0,0,0,564,4000,607,250,12020,300,748,300,1295,30,0,0,0,0,0,0,0,0,4637,1
3494,IFN_POIRING,Shining Poring,Shining Poring,100,15,0,0,0,2,100,100,0,0,10,10,10,10,10,10,10,10,0,0,20,0xA1,100,1000,500,500,0,0,0,0,0,0,0,0,0,0,0,0,0,0,0,0,0,0,0,0,0,0,0,0,0,0,0,0
3495,DR_EGGRING,Eggring,Eggring,1,50,0,1,1,1,1,1,2,4,6,1,1,0,6,4,10,12,1,3,22,0x83,400,1872,672,480,0,0,0,0,0,0,0,0,909,7000,512,1000,938,400,1010,30,601,500,512,150,512,20,0,0,0,0,4659,20
3496,DR_LUNATIC,Leaf Lunatic,Leaf Lunatic,3,44,0,1,1,1,1,1,16,0,9,1,2,0,7,4,10,12,0,2,60,0x81,200,1456,456,336,0,0,0,0,0,0,0,0,705,7000,949,3000,2262,4,512,1000,601,500,515,3000,1010,30,0,0,0,0,4663,10
3497,DR_FABRE,Grass Fabre,Grass Fabre,7,60,0,1,1,1,2,3,24,0,12,1,5,5,12,5,10,12,0,4,22,0x181,400,1672,672,480,0,0,0,0,0,0,0,0,914,7000,949,1000,601,500,511,3000,705,1000,0,0,0,0,0,0,0,0,4664,10
3498,DR_HORNET,Wild Hornet,Wild Hornet,11,78,0,1,1,1,2,3,7,1,11,22,3,4,6,5,10,12,0,4,24,0x181,150,1292,792,216,0,0,0,0,0,0,0,0,992,80,939,8000,909,3000,511,500,518,100,601,500,0,0,0,0,0,0,4665,10
3499,DR_RODA_FROG,Sweet Roda Frog,Sweet Roda Frog,14,140,0,1,1,1,4,4,12,5,12,6,4,0,14,9,10,12,1,5,21,0x81,200,2016,816,288,0,0,0,0,0,0,0,0,918,4500,908,500,511,300,721,8,601,500,0,0,0,0,0,0,0,0,4666,10
3500,DR_DESERT_WOLF_B,Hunter Desert Wolf,Hunter Desert Wolf,17,113,0,1,1,1,7,10,15,3,12,14,9,5,21,8,10,12,0,2,23,0x81,300,1600,900,240,0,0,0,0,0,0,0,0,1011,50,919,2750,757,30,601,500,582,500,0,0,0,0,0,0,0,0,4667,10
3501,DR_SPORE,Trans Spore,Trans Spore,18,203,0,1,1,1,7,7,10,9,13,4,9,0,11,0,10,12,1,3,21,0x81,200,1872,672,288,0,0,0,0,0,0,0,0,921,8000,507,1000,601,500,743,10,7033,10,1011,50,0,0,0,0,0,0,4668,10
3502,DR_BASILISK1,Scout Basilisk,Scout Basilisk,20,243,0,1,1,1,11,12,18,10,20,13,10,1,12,11,10,12,1,2,22,0x3885,300,2228,528,576,0,0,0,0,0,0,0,0,756,15,757,30,0,0,0,0,0,0,0,0,0,0,0,0,0,0,4660,10
3503,DR_BASILISK2,Combat Basilisk,Combat Basilisk,140,180030,0,89,188,3,1379,1504,105,80,104,68,52,5,124,57,10,12,1,2,42,0x3885,250,2228,528,576,0,0,0,0,0,0,0,0,607,80,617,80,985,100,6223,100,0,0,0,0,0,0,0,0,0,0,4661,1
3504,DR_BASILISK3,Combat Basilisk,Combat Basilisk,148,216036,0,107,225,3,1654,1804,126,80,128,74,58,7,136,63,10,12,1,2,42,0x3885,250,2228,528,576,0,0,0,0,0,0,0,0,607,80,603,80,984,100,6224,100,1697,1,0,0,0,0,0,0,0,0,4661,1
3505,DR_BIG_EGGRING,Big Eggring,Big Eggring,25,142480,0,46,96,1,82,82,63,4,68,12,12,12,68,57,10,12,1,3,62,0xB1,400,1872,672,480,0,0,617,5000,603,5000,526,5000,504,5000,601,1000,985,500,984,500,603,100,0,0,0,0,0,0,0,0,4662,1
3506,DR_MANDRAGORA,Jungle Madragora,Jungle Madragora,144,190570,0,92,197,4,1840,1477,113,62,149,37,62,62,124,62,10,12,1,3,62,0x84,1000,1768,768,576,0,0,0,0,0,0,0,0,993,60,905,8000,617,80,985,100,984,100,706,1,0,0,0,0,0,0,4669,10
3507,DR_POM_SPIDER,Fruits Pom Spider,Fruits Pom Spider,150,156532,0,73,124,1,1137,258,240,115,160,87,182,90,214,105,10,12,1,4,62,0x3985,250,864,1056,576,0,0,0,0,0,0,0,0,12573,250,1654,1,607,80,617,80,1693,1,0,0,0,0,0,0,0,0,4670,10
3508,DR_EGGRING_G,Eggring,Eggring,20,220,0,0,0,1,10,10,9,4,20,4,4,4,20,17,10,12,1,3,22,0xA1,400,1872,672,480,0,0,0,0,0,0,0,0,0,0,0,0,0,0,0,0,0,0,0,0,0,0,0,0,0,0,0,0
3510,POPE_MD_E_GUARD,Temple Guard,Temple Guard,84,30000,0,4,5,1,230,60,50,20,70,25,50,1,45,30,10,12,1,7,40,0x3885,150,1200,1200,480,0,0,0,0,0,0,0,0,7157,3000,504,800,0,0,0,0,0,0,0,0,0,0,0,0,0,0,0,0
3511,POPE_MD_E_BELIEVER_1,Enraged Devotee,Enraged Devotee,82,19500,0,8,13,1,320,30,75,30,64,45,40,15,60,12,10,12,1,7,40,0x3885,200,768,432,360,0,0,0,0,0,0,0,0,7568,3000,7561,2000,504,1000,0,0,0,0,0,0,0,0,0,0,0,0,0,0
3512,POPE_MD_E_BELIEVER_2,Enraged Devotee,Enraged Devotee,85,22500,0,8,13,1,360,40,65,40,72,50,35,10,55,20,10,12,1,7,40,0x3885,200,768,432,360,0,0,0,0,0,0,0,0,1039,1000,7568,2000,504,1000,0,0,0,0,0,0,0,0,0,0,0,0,0,0
3513,POPE_MD_E_DOG,Enraged Dog,Enraged Dog,85,27000,0,8,13,1,380,42,40,10,80,20,50,5,30,10,10,12,1,2,43,0x3095,140,824,432,360,0,0,0,0,0,0,0,0,1063,2000,7122,1000,932,800,504,1000,0,0,0,0,0,0,0,0,0,0,0,0
3514,POPE_MD_E_BISHOP,Enraged High Priest,Enraged High Priest,87,142500,0,15,20,1,350,50,35,30,32,48,45,75,64,20,10,12,1,7,60,0x36B5,180,1100,1100,480,0,0,0,0,0,0,0,0,7561,1000,504,1000,0,0,0,0,0,0,0,0,0,0,0,0,0,0,0,0
3515,POPE_MD_E_ICICLE,Frozen Heart,Frozen Heart,80,1012,0,1,1,3,287,1,2,10,99,1,1,1,50,1,10,12,0,0,41,0x84,1000,1344,500,500,0,0,0,0,0,0,0,0,0,0,0,0,0,0,0,0,0,0,0,0,0,0,0,0,0,0,0,0
3516,POPE_MD_E_LUWMIN,Enraged Luwmin,Enraged Luwmin,90,600000,0,26,35,1,400,60,40,45,36,48,50,85,64,25,10,12,1,7,61,0x36B5,180,861,660,144,0,0,0,0,0,0,0,0,749,50,7561,1000,504,1000,12115,100,0,0,0,0,0,0,0,0,0,0,0,0
3517,POPE_MD_E_TITAN,Ice Titan,Ice Titan,65,15000,0,2,2,1,180,50,30,10,42,20,35,1,25,5,10,12,2,0,41,0xA1,210,861,660,144,0,0,0,0,0,0,0,0,0,0,0,0,0,0,0,0,0,0,0,0,0,0,0,0,0,0,0,0
3518,POPE_MD_H_GUARD,Temple Guard,Temple Guard,130,165000,0,27,40,1,1238,158,98,47,106,110,61,53,133,53,10,12,1,7,40,0x3885,180,1100,1100,480,0,0,0,0,0,0,0,0,7157,3000,504,1000,0,0,0,0,0,0,0,0,0,0,0,0,0,0,0,0
3519,POPE_MD_H_BELIEVER_1,Enraged Devotee,Enraged Devotee,133,127500,0,28,41,1,1284,178,105,50,110,80,65,58,135,63,10,12,1,7,40,0x3885,200,768,432,360,0,0,0,0,0,0,0,0,7568,3000,7561,2000,504,1000,0,0,0,0,0,0,0,0,0,0,0,0,0,0
3520,POPE_MD_H_BELIEVER_2,Enraged Devotee,Enraged Devotee,134,135000,0,30,42,1,1308,210,108,55,113,75,66,20,80,63,10,12,1,7,40,0x3885,200,768,432,360,0,0,0,0,0,0,0,0,1039,1000,7568,2000,504,1000,0,0,0,0,0,0,0,0,0,0,0,0,0,0
3521,POPE_MD_H_DOG,Enraged Dog,Enraged Dog,136,150000,0,31,44,1,1400,280,130,60,140,30,95,45,65,20,10,12,1,2,43,0x3095,140,824,432,360,0,0,0,0,0,0,0,0,1063,2000,7122,1000,932,800,504,1000,0,0,0,0,0,0,0,0,0,0,0,0
3522,POPE_MD_H_BISHOP,Enraged High Priest,Enraged High Priest,140,375000,0,35,52,1,740,300,150,80,64,73,70,110,83,40,10,12,1,7,60,0x36B5,180,1100,1100,480,0,0,0,0,0,0,0,0,7561,1000,504,1000,0,0,0,0,0,0,0,0,0,0,0,0,0,0,0,0
3523,POPE_MD_H_ICICLE,Frozen Heart,Frozen Heart,130,75000,0,1,1,3,540,40,2,10,120,1,1,1,80,1,10,12,0,0,41,0x84,1000,1344,500,500,0,0,0,0,0,0,0,0,0,0,0,0,0,0,0,0,0,0,0,0,0,0,0,0,0,0,0,0
3524,POPE_MD_H_LUWMIN,Enraged Luwmin,Enraged Luwmin,140,825000,0,42,63,1,840,160,120,100,69,81,75,130,90,42,10,12,1,7,60,0x3695,180,861,660,144,0,0,0,0,0,0,0,0,749,50,7561,1000,504,1000,12115,100,0,0,0,0,0,0,0,0,0,0,0,0
3525,POPE_MD_H_TITAN,Ice Titan,Ice Titan,90,105000,0,4,5,1,230,60,50,20,70,25,50,1,45,30,10,12,2,0,41,0xA1,150,861,660,144,0,0,0,0,0,0,0,0,0,0,0,0,0,0,0,0,0,0,0,0,0,0,0,0,0,0,0,0
3526,POPE_MD_H_KTULLANUX,Vision of Ktullanux,Vision of Ktullanux,141,2000000,0,850,1268,1,1000,300,150,95,45,89,89,64,75,30,10,12,2,0,61,0x36B5,400,432,840,216,0,0,0,0,0,0,0,0,7562,4500,616,1500,617,2500,607,2500,0,0,0,0,0,0,0,0,0,0,0,0
3527,POPE_MD_MERC_NORMAL,Official Pope,Official Pope,87,37500,190,4,5,1,1,1,450,20,1,1,70,5,50,1,10,12,0,7,66,0x0,150,864,864,480,0,0,0,0,0,0,0,0,0,0,0,0,0,0,0,0,0,0,0,0,0,0,0,0,0,0,0,0
3528,POPE_MD_MERC_CASUAL,Casual Pope,Casual Pope,87,37500,190,4,5,1,1,1,450,20,1,1,70,5,50,1,10,12,0,7,66,0x0,150,864,864,480,0,0,0,0,0,0,0,0,0,0,0,0,0,0,0,0,0,0,0,0,0,0,0,0,0,0,0,0
3569,POPE_MD_H_MERC_NORMAL,Casual Pope,Casual Pope,120,120000,380,4,5,1,1,1,999,105,2,1,400,10,110,1,10,12,0,7,86,0x0,150,864,864,480,0,0,0,0,0,0,0,0,0,0,0,0,0,0,0,0,0,0,0,0,0,0,0,0,0,0,0,0
3570,POPE_MD_H_MERC_CASUAL,Official Pope,Official Pope,120,120000,380,4,5,1,1,1,999,105,2,1,400,10,110,1,10,12,0,7,86,0x0,150,864,864,480,0,0,0,0,0,0,0,0,0,0,0,0,0,0,0,0,0,0,0,0,0,0,0,0,0,0,0,0
3621,EP16_2_MM_CUTIE,Pet Child,Pet Child,120,3500000,0,10000,8333,2,3400,1900,220,150,160,70,100,40,240,50,10,12,2,2,67,0x36B5,150,864,1268,480,42,10000,603,5000,617,5000,607,5000,7444,500,617,500,603,500,607,500,6223,500,6224,500,0,0,0,0,0,0,27152,1
3622,EP16_2_MM_S_GUARDS,Special Guard,Special Guard,100,21914,0,2,3,1,725,170,80,90,108,64,57,62,150,42,10,12,1,7,23,0x3885,200,1000,780,420,0,0,0,0,0,0,0,0,990,10,999,10,715,10,603,3,608,3,756,15,984,8,0,0,0,0,0,0
3623,EP16_2_MM_U_ENERGY_R,Plasma R,Plasma R,1,30,0,0,0,1,1,1,100,99,0,0,0,0,0,0,7,12,0,0,23,0x0,1000,1,1,1,0,0,0,0,0,0,0,0,0,0,0,0,0,0,0,0,0,0,0,0,0,0,0,0,0,0,0,0
3624,EP16_2_MM_U_ENERGY_G,Plasma G,Plasma G,1,30,0,0,0,1,1,1,100,99,0,0,0,0,0,0,7,12,0,0,22,0x0,1000,1,1,1,0,0,0,0,0,0,0,0,0,0,0,0,0,0,0,0,0,0,0,0,0,0,0,0,0,0,0,0
3625,EP16_2_MM_U_ENERGY_B,Plasma B,Plasma B,1,30,0,0,0,1,1,1,100,99,0,0,0,0,0,0,7,12,0,0,21,0x0,1000,1,1,1,0,0,0,0,0,0,0,0,0,0,0,0,0,0,0,0,0,0,0,0,0,0,0,0,0,0,0,0
3626,EP16_2_H_HUNTER_V,Upgraded Heart Hunter,Upgraded Heart Hunter,110,51785,0,49,83,1,2461,623,172,98,108,150,90,66,190,15,10,12,2,7,47,0x3885,400,1296,1902,480,0,0,0,0,0,0,0,0,757,15,985,8,0,0,0,0,0,0,0,0,0,0,0,0,0,0,27149,1
3627,EP16_2_H_HUNTER_MD,Heart Hunter Guard,Heart Hunter Guard,105,41428,0,41,69,1,1055,267,73,42,72,106,64,44,145,10,10,12,1,7,47,0x3885,200,864,1268,480,0,0,0,0,0,0,0,0,999,10,998,10,603,3,608,3,0,0,0,0,0,0,0,0,0,0,27149,1
3628,EP16_2_H_HUNTER_EV,Heart Hunter Ebel,Heart Hunter Ebel,110,2800000,0,6667,5556,1,1700,1000,100,100,100,70,100,30,240,80,10,12,1,7,47,0x36B5,150,432,1268,480,42,10000,603,5000,617,5000,607,5000,607,500,617,500,603,500,13460,10,13462,10,13461,10,0,0,0,0,0,0,27151,1
3629,EP16_2_BROKEN_GUN,Grudge of Broken Gun,Grudge of Broken Gun,110,24911,0,33,54,5,770,99,95,20,117,68,65,53,144,37,10,12,1,1,48,0x2085,200,576,720,432,0,0,0,0,0,0,0,0,0,0,0,0,0,0,0,0,0,0,0,0,0,0,0,0,0,0,0,0
3630,EP16_2_E_BOLKOBA,Elena Bolkova,Elena Bolkova,115,2000000,0,2500,2083,7,1200,300,120,70,80,120,66,50,250,60,10,12,1,7,64,0x20A5,150,864,1268,480,0,0,0,0,0,0,0,0,0,0,0,0,0,0,0,0,0,0,0,0,0,0,0,0,0,0,0,0
3631,EP16_2_HUMAN_KIMERA,Human Kimera,Human Kimera,100,36968,0,32,46,1,1441,207,80,100,50,50,100,100,140,1,10,12,1,2,40,0x3885,250,772,672,360,0,0,0,0,0,0,0,0,603,30,608,30,984,80,0,0,0,0,0,0,0,0,0,0,0,0,27147,1
3632,EP16_2_MATTER_KIMERA,Material Kimera,Material Kimera,100,36968,0,32,46,1,1441,207,120,50,100,50,100,50,140,1,10,12,1,2,43,0x3885,250,772,672,360,0,0,0,0,0,0,0,0,603,30,608,30,984,80,0,0,0,0,0,0,0,0,0,0,0,0,27148,1
3633,EP16_2_VENOM_KIMERA,Venomous Chimera,Venomous Chimera,110,2800000,0,6667,5556,1,2160,1000,150,150,113,75,150,113,250,1,10,12,2,2,85,0x36B5,150,772,672,360,42,10000,12246,5000,617,5000,0,0,7444,500,617,500,603,500,607,500,1447,10,0,0,0,0,0,0,0,0,27150,1
3636,LITTLE_ISIS,Little Isis,Little Isis,59,2092,0,2,4,1,202,37,83,5,58,43,22,5,43,15,10,12,2,6,27,0x181,200,1384,768,336,0,0,0,0,0,0,0,0,0,0,0,0,0,0,0,0,0,0,0,0,0,0,0,0,0,0,0,0
3637,MD_SKELETON_60,Skeleton,Skeleton,60,2120,0,12,19,1,350,350,31,4,28,19,34,9,23,2,10,12,1,1,29,0x3885,200,2228,528,576,0,0,0,0,0,0,0,0,984,9,932,1600,1517,8,7054,3000,545,1000,2609,30,601,500,0,0,0,0,4025,10
3638,MD_SKELETON_80,Skeleton,Skeleton,80,4070,0,21,31,1,500,500,41,8,34,25,40,15,33,4,10,12,1,1,29,0x3885,200,2228,528,576,0,0,0,0,0,0,0,0,984,36,932,1600,1517,32,7054,3000,545,1000,2609,30,601,500,0,0,0,0,4025,10
3639,MD_SKELETON_100,Skeleton,Skeleton,100,16430,0,28,38,1,570,570,51,12,41,32,47,32,43,6,10,12,1,1,29,0x3885,200,2228,528,576,0,0,0,0,0,0,0,0,984,90,932,1600,1517,80,7054,3000,545,1000,2609,30,601,500,0,0,0,0,4025,10
3640,MD_SKELETON_120,Skeleton,Skeleton,120,31790,0,52,77,1,850,850,61,16,49,40,55,40,55,8,10,12,1,1,29,0x3885,200,2228,528,576,0,0,0,0,0,0,0,0,984,360,932,1600,1517,320,7054,3000,545,1000,2609,30,601,500,0,0,0,0,4025,10
3641,MD_SKELETON_140,Skeleton,Skeleton,140,72040,0,140,201,1,1590,1590,71,20,58,49,64,49,67,10,10,12,1,1,29,0x3885,200,2228,528,576,0,0,0,0,0,0,0,0,984,360,932,1600,1517,320,7054,3000,545,1000,2609,30,601,500,0,0,0,0,4025,10
3642,MD_SKELETON_160,Skeleton,Skeleton,160,135210,0,243,351,1,2500,2500,81,24,68,59,74,59,79,12,10,12,1,1,29,0x3885,200,2228,528,576,0,0,0,0,0,0,0,0,984,360,932,1600,1517,320,7054,3000,545,1000,2609,30,601,500,0,0,0,0,4025,10
3643,MD_FARMILIAR_60,Familiar,Familiar,60,2050,0,10,16,1,320,320,26,10,20,24,25,10,25,2,10,12,0,2,27,0x3885,150,1276,576,384,0,0,0,0,0,0,0,0,913,2750,1127,10,2245,8,601,500,533,50,545,350,645,25,0,0,0,0,4020,1
3644,MD_FARMILIAR_80,Familiar,Familiar,80,3990,0,20,29,1,450,450,30,20,30,30,31,18,45,4,10,12,0,2,27,0x3885,150,1276,576,384,0,0,0,0,0,0,0,0,913,2750,1127,40,2245,8,601,500,533,100,545,350,645,25,0,0,0,0,4020,1
3645,MD_FARMILIAR_100,Familiar,Familiar,100,15830,0,28,39,1,490,490,34,30,40,37,38,28,65,6,10,12,0,2,27,0x3885,150,1276,576,384,0,0,0,0,0,0,0,0,913,2750,1127,80,2245,8,601,500,533,150,545,350,645,25,0,0,0,0,4020,1
3646,MD_FARMILIAR_120,Familiar,Familiar,120,29660,0,53,78,1,870,870,38,40,50,45,46,40,85,8,10,12,0,2,27,0x3885,150,1276,576,384,0,0,0,0,0,0,0,0,913,2750,1127,100,2245,8,601,500,533,200,545,350,645,25,0,0,0,0,4020,1
3647,MD_FARMILIAR_140,Familiar,Familiar,140,68920,0,138,201,1,1390,1390,42,50,60,54,55,54,105,10,10,12,0,2,27,0x3885,150,1276,576,384,0,0,0,0,0,0,0,0,913,2750,1127,100,2245,8,601,500,533,200,545,350,645,25,0,0,0,0,4020,1
3648,MD_FARMILIAR_160,Familiar,Familiar,160,127820,0,242,353,1,2560,2560,46,60,70,64,65,70,125,12,10,12,0,2,27,0x3885,150,1276,576,384,0,0,0,0,0,0,0,0,913,2750,1127,100,2245,8,601,500,533,200,545,350,645,25,0,0,0,0,4020,1
3649,MD_ZOMBIE_60,Zombie,Zombie,60,2580,0,12,17,1,190,190,20,6,21,14,23,0,39,0,10,12,1,1,29,0x3885,400,2612,912,288,0,0,0,0,0,0,0,0,957,9000,724,6,938,1000,958,500,727,70,601,500,5158,2,0,0,0,0,4038,10
3650,MD_ZOMBIE_80,Zombie,Zombie,80,4990,0,21,28,1,280,280,25,12,28,21,30,0,43,0,10,12,1,1,29,0x3885,400,2612,912,288,0,0,0,0,0,0,0,0,957,9000,724,24,938,1000,958,1000,727,140,601,500,5158,4,0,0,0,0,4038,10
3651,MD_ZOMBIE_100,Zombie,Zombie,100,17590,0,26,41,1,660,660,30,18,36,29,38,0,51,0,10,12,1,1,29,0x3885,400,2612,912,288,0,0,0,0,0,0,0,0,957,9000,724,60,938,1000,958,2000,727,210,601,500,5158,8,0,0,0,0,4038,10
3652,MD_ZOMBIE_120,Zombie,Zombie,120,33560,0,52,75,1,720,720,35,24,43,38,47,0,65,0,10,12,1,1,29,0x3885,400,2612,912,288,0,0,0,0,0,0,0,0,957,9000,724,240,938,1000,958,3000,727,280,601,500,5158,16,0,0,0,0,4038,10
3653,MD_ZOMBIE_140,Zombie,Zombie,140,75060,0,140,204,1,1480,1480,40,30,53,48,57,0,74,0,10,12,1,1,29,0x3885,400,2612,912,288,0,0,0,0,0,0,0,0,957,9000,724,240,938,1000,958,4000,727,350,601,500,5158,32,0,0,0,0,4038,10
3654,MD_ZOMBIE_160,Zombie,Zombie,160,146220,0,243,354,1,2590,2590,45,36,64,59,68,0,86,0,10,12,1,1,29,0x3885,400,2612,912,288,0,0,0,0,0,0,0,0,957,9000,724,240,938,1000,958,5000,727,420,601,500,5158,64,0,0,0,0,4038,10
3658,MD_LICH_LORD_100,Lich Lord,Lich Lord,100,2516502,0,724,912,3,5555,5555,330,168,128,156,174,152,223,76,10,12,2,6,89,0x36B5,100,1344,864,480,83,10000,617,5000,12246,50,12246,50,0,0,0,0,0,0,0,0,0,0,0,0,0,0,0,0,0,0,27025,1
3659,MD_LICH_LORD_160,Lich Lord,Lich Lord,160,23485539,0,1859,3033,3,16595,16595,330,168,148,176,194,172,243,96,10,12,2,6,89,0x36B5,100,1344,864,480,833,10000,617,5000,12246,5000,12246,5000,0,0,0,0,0,0,0,0,0,0,0,0,0,0,0,0,0,0,27025,1
3660,MD_NIGHTMARE_100,Nightmare,Nightmare,100,21300,0,13,24,1,540,540,116,15,67,52,40,25,107,25,10,12,2,6,68,0x3985,150,1816,816,432,0,0,0,0,0,0,0,0,944,3000,510,250,2608,1,603,15,1297,1,984,30,0,0,0,0,0,0,4127,1
3661,MD_NIGHTMARE_160,Nightmare,Nightmare,160,199129,0,134,205,1,3094,3094,116,15,87,72,60,45,127,45,10,12,2,6,68,0x3985,150,1816,816,432,0,0,0,0,0,0,0,0,944,3000,510,250,2608,1,603,15,1297,1,984,30,0,0,0,0,0,0,4127,1
3662,MD_JAKK_100,Jakk,Jakk,100,23933,0,12,21,1,582,582,90,25,68,63,62,35,91,25,10,12,1,0,43,0x3885,200,1180,480,648,0,0,0,0,0,0,0,0,1062,4500,912,450,985,16,1008,3,535,500,7938,5,0,0,0,0,0,0,4109,1
3663,MD_JAKK_160,Jakk,Jakk,160,181967,0,121,224,1,2909,2909,90,25,88,83,82,55,111,45,10,12,1,0,43,0x3885,200,1180,480,648,0,0,0,0,0,0,0,0,1062,4500,912,450,985,16,1008,3,535,500,7938,5,0,0,0,0,0,0,4109,1
3664,MD_GHOUL_100,Ghoul,Ghoul,100,24471,0,13,20,1,581,581,78,5,66,32,39,21,60,20,10,12,1,1,49,0x3885,250,2456,912,504,0,0,0,0,0,0,0,0,958,3000,984,50,509,350,2609,3,934,750,7932,10,0,0,0,0,0,0,4110,1
3665,MD_GHOUL_160,Ghoul,Ghoul,160,200634,0,114,194,1,3035,3035,78,5,86,42,59,41,80,30,10,12,1,1,49,0x3885,250,2456,912,504,0,0,0,0,0,0,0,0,958,3000,984,50,509,350,2609,3,934,750,7932,500,0,0,0,0,0,0,4110,1
3666,MD_DRAINLIAR_100,Drainliar,Drainliar,100,22350,0,14,22,1,544,544,50,15,45,54,44,32,80,30,10,12,0,2,47,0x3885,250,1276,576,384,0,0,0,0,0,0,0,0,984,30,913,1500,725,10,7006,2750,601,500,7937,10,0,0,0,0,0,0,4069,1
3667,MD_DRAINLIAR_160,Drainliar,Drainliar,160,184779,0,126,192,1,2897,2897,50,15,65,74,64,52,100,50,10,12,0,2,47,0x3885,250,1276,576,384,0,0,0,0,0,0,0,0,984,30,913,1500,725,10,7006,2750,601,500,7937,100,0,0,0,0,0,0,4069,1
3669,DIABOLIC2,Diabolic2,Diabolic2,104,10572,0,9,15,1,707,200,68,61,103,80,53,65,94,25,10,12,0,6,47,0x181,150,1080,780,180,0,0,0,0,0,0,0,0,0,0,0,0,0,0,0,0,0,0,0,0,0,0,0,0,0,0,0,0
3670,DELETER_2,Deleter 2,Deleter 2,105,10000,0,9,14,1,663,211,114,53,98,72,65,49,68,71,10,12,1,9,43,0x81,175,1024,624,336,0,0,0,0,0,0,0,0,0,0,0,0,0,0,0,0,0,0,0,0,0,0,0,0,0,0,0,0
3736,COWRAIDERS1,Buffalo Bandit Sharpsho,Buffalo Bandit Sharpsho,103,11819,0,13,21,4,509,88,98,25,51,58,49,20,86,49,10,12,2,7,43,0x3885,180,900,770,550,0,0,0,0,0,0,0,0,13169,5,12337,10,7054,1000,0,0,0,0,0,0,0,0,0,0,0,0,27170,1
3737,COWRAIDERS2,Buffalo Bandit Duelist,Buffalo Bandit Duelist,101,9700,0,12,19,7,476,83,62,32,76,52,38,40,92,50,10,12,2,7,43,0x3885,200,1200,672,480,0,0,0,0,0,0,0,0,7054,1000,13332,50,580,500,0,0,0,0,0,0,0,0,0,0,0,0,27171,1
3738,COWRAIDERS3,Bowie Buffalo Bandit,Bowie Buffalo Bandit,107,14547,0,15,24,2,557,93,112,18,55,20,55,17,88,36,10,12,2,7,43,0x3885,180,800,420,360,0,0,0,0,0,0,0,0,7054,1000,538,300,0,0,0,0,0,0,0,0,0,0,0,0,0,0,27172,1
3739,COYOTE,Coyote,Coyote,110,17854,0,15,24,1,630,115,100,21,49,79,67,8,106,24,10,12,1,2,42,0x81,150,750,400,420,0,0,0,0,0,0,0,0,7564,1500,996,5,702,500,0,0,0,0,0,0,0,0,0,0,0,0,27179,1
3740,GASTER,Gaster,Gaster,141,90574,0,42,66,1,1494,231,191,96,70,141,12,67,128,8,10,12,1,0,45,0x81,190,1100,650,500,0,0,0,0,0,0,0,0,7001,1500,605,25,6214,300,6213,300,6215,300,603,1,0,0,0,0,0,0,27178,1
3741,MECHASPIDER,Spider Chariot,Spider Chariot,158,9799123,0,26257,29344,1,7657,2066,394,123,116,123,154,99,217,98,10,12,2,0,40,0x36B5,250,900,1000,500,0,0,617,5000,617,5000,0,0,13332,700,7093,3000,7317,3000,32013,1,0,0,0,0,0,0,0,0,0,0,27180,1
3742,PURPLESTONE,Purple Ore,Purple Ore,1,20,0,0,0,1,1,1,100,99,0,0,0,0,0,0,7,12,0,0,20,0x0,1000,1,1,1,0,0,0,0,0,0,0,0,0,0,0,0,0,0,0,0,0,0,0,0,0,0,0,0,0,0,0,0
3743,SEAANEMONE,Sea Anemone,Sea Anemone,1,20,0,0,0,1,1,1,100,99,0,0,0,0,0,0,7,12,0,0,20,0x0,1000,1,1,1,0,0,0,0,0,0,0,0,0,0,0,0,0,0,0,0,0,0,0,0,0,0,0,0,0,0,0,0
3744,G_COWRAIDERS1,Buffalo Bandit,Buffalo Bandit,103,11819,0,0,0,4,509,88,98,25,51,58,49,20,86,49,10,12,2,7,43,0x3885,180,900,770,550,0,0,0,0,0,0,0,0,0,0,0,0,0,0,0,0,0,0,0,0,0,0,0,0,0,0,0,0
3745,G_COWRAIDERS2,Buffalo Bandit,Buffalo Bandit,101,9700,0,0,0,7,476,83,62,32,76,52,38,40,92,50,10,12,2,7,43,0x3885,200,1200,672,480,0,0,0,0,0,0,0,0,0,0,0,0,0,0,0,0,0,0,0,0,0,0,0,0,0,0,0,0
3746,G_COWRAIDERS3,Buffalo Bandit,Buffalo Bandit,107,14547,0,0,0,2,557,93,112,18,55,20,55,17,88,36,10,12,2,7,43,0x3885,180,800,420,360,0,0,0,0,0,0,0,0,0,0,0,0,0,0,0,0,0,0,0,0,0,0,0,0,0,0,0,0
3747,E_COWRAIDERS1,Elite Buffalo Bandit,Elite Buffalo Bandit,148,135292,0,64,112,4,1650,241,99,36,98,55,61,22,168,2,10,12,2,7,63,0x3885,200,2050,500,660,0,0,0,0,0,0,0,0,7054,2000,28242,5,28243,5,0,0,0,0,0,0,0,0,0,0,0,0,27173,1
3748,E_COWRAIDERS2,Elite Buffalo Bandit,Elite Buffalo Bandit,151,160515,0,80,126,10,1667,253,121,50,60,132,45,35,155,15,10,12,2,7,63,0x3885,120,1000,500,600,0,0,0,0,0,0,0,0,7054,2000,13332,100,13146,5,28240,5,0,0,0,0,0,0,0,0,0,0,27174,1
3749,E_COWRAIDERS3,Elite Buffalo Bandit,Elite Buffalo Bandit,152,174345,0,80,142,2,1749,272,150,83,165,44,95,43,176,50,10,12,2,7,63,0x3885,150,1500,600,500,0,0,0,0,0,0,0,0,7054,2000,11706,50,11707,10,28241,5,0,0,0,0,0,0,0,0,0,0,27175,1
3750,ILL_DRAINLIAR,Matt Drainliar,Matt Drainliar,137,242246,0,116,191,1,1861,255,150,45,91,129,96,92,168,90,10,12,0,2,47,0x3885,250,1276,576,384,0,0,0,0,0,0,0,0,6223,5000,913,5000,725,50,7006,5000,0,0,0,0,0,0,0,0,0,0,27102,1
3751,ILL_ZOMBIE_C,Living Dead,Living Dead,139,253926,0,118,194,1,2167,271,90,24,175,90,192,14,184,14,10,12,1,1,29,0x3885,400,500,912,288,0,0,0,0,0,0,0,0,724,50,2715,5,7933,60,7934,60,0,0,0,0,0,0,0,0,0,0,27103,1
3752,ILL_ZOMBIE,Starving Living Dead,Starving Living Dead,139,240984,0,114,183,1,1807,229,60,20,150,70,160,7,150,7,10,12,1,1,29,0x3885,400,500,912,288,0,0,0,0,0,0,0,0,724,50,2609,5,0,0,0,0,0,0,0,0,0,0,0,0,0,0,27103,1
3753,ILL_GHOUL,Living Dead,Living Dead,142,267379,0,120,194,1,2119,304,90,30,156,42,109,101,99,30,10,12,1,1,49,0x3885,250,2456,912,504,0,0,0,0,0,0,0,0,6224,100,1260,10,2609,5,7936,30,2715,1,0,0,0,0,0,0,0,0,27103,1
3754,ILL_NIGHTMARE,Sweet Nightmare,Sweet Nightmare,141,261334,0,117,195,1,1965,895,116,30,144,94,84,50,189,68,10,12,2,6,48,0x3985,150,1816,816,432,0,0,0,0,0,0,0,0,944,5000,505,30,6223,200,1261,10,1266,2,0,0,0,0,0,0,0,0,27101,1
3755,ILL_BLACK_MUSHROOM,Black Mushroom,Black Mushroom,130,150000,0,20,32,1,0,0,418,76,1,1,150,103,1,88,0,0,0,3,22,0x0,200,1000,500,500,0,0,0,0,0,0,0,0,970,50,971,50,630,20,921,5000,7033,500,0,0,0,0,0,0,0,0,0,0
3756,ILL_BOMI,Bomi,Bomi,137,378510,0,125,188,1,3709,1683,60,60,90,87,40,140,199,91,10,12,1,7,49,0x36B5,200,1000,864,480,0,0,0,0,0,0,0,0,718,2000,6224,100,6223,100,6211,500,2525,50,0,0,0,0,0,0,0,0,27105,1
3757,ILL_DRACULA,Dracula of Rage,Dracula of Rage,139,6909690,0,22356,25248,3,6396,2765,252,146,195,239,174,201,270,195,10,12,2,6,87,0x36B5,145,1290,1140,576,11178,10000,617,5000,0,0,0,0,607,5000,1727,80,2525,80,2621,80,1557,80,0,0,0,0,0,0,0,0,27104,1
3758,ILL_MOONLIGHT,Angry Moonlight Flower,Angry Moonlight Flower,118,4287803,0,11694,13372,1,4878,2797,254,81,166,205,150,167,290,240,10,12,1,6,63,0x36B5,150,1276,576,288,5847,10000,617,5000,607,2000,0,0,6224,5000,1234,100,638,600,1648,100,0,0,0,0,0,0,0,0,0,0,27081,1
3759,ILL_NINE_TAIL,Angry Nine Tail,Angry Nine Tail,116,21875,0,19,30,1,965,214,95,40,121,73,64,42,212,100,10,12,1,2,63,0x3695,150,840,540,480,0,0,0,0,0,0,0,0,1022,3000,746,200,604,100,6223,100,0,0,0,0,0,0,0,0,0,0,27082,1
3760,ILL_MUNAK,Resentful Munak,Resentful Munak,110,17728,0,15,26,1,637,105,77,15,103,18,50,20,66,20,10,12,1,1,29,0x3885,200,2468,768,288,0,0,0,0,0,0,0,0,2264,10,609,20,12197,150,7935,150,0,0,0,0,0,0,0,0,0,0,27085,1
3761,ILL_BON_GUN,Resentful Bongun,Resentful Bongun,112,19077,0,18,26,1,826,215,88,5,125,52,49,22,78,40,10,12,1,1,29,0x3885,190,1720,500,420,0,0,0,0,0,0,0,0,7014,60,5046,3,609,10,7277,20,7938,200,0,0,0,0,0,0,0,0,27083,1
3762,ILL_SOHEE,Resentful Sohee,Resentful Sohee,114,22414,0,17,33,1,779,115,83,84,122,49,49,40,84,56,10,12,1,6,41,0x3985,250,912,2112,576,0,0,0,0,0,0,0,0,1049,300,2277,10,15012,10,7932,200,6144,200,0,0,0,0,0,0,0,0,27084,1
3763,ILL_ARCHER_SKELETON,Resentful Soldier,Resentful Soldier,115,20843,0,17,36,9,767,516,47,10,60,61,30,20,101,12,10,12,1,1,29,0x3885,300,2864,864,576,0,0,0,0,0,0,0,0,6223,10,2285,6,7937,200,12008,40,12008,20,12008,5,0,0,0,0,0,0,27086,1
3764,ILL_HIGHWIZARD,Wizard of the Truth,Wizard of the Truth,118,121847,0,72,107,1,1977,362,20,90,101,89,60,205,255,124,10,12,1,1,27,0x81,140,768,864,288,0,0,0,0,0,0,0,0,716,3000,715,3000,14514,200,14512,50,14513,50,699,200,26110,10,0,0,0,0,27087,1
3765,ILL_FURY_HERO,Deranged Adventurer,Deranged Adventurer,117,24078,0,20,32,1,837,113,340,20,180,42,126,66,149,50,10,12,1,1,69,0x3695,150,1450,864,288,0,0,0,0,0,0,0,0,7938,200,12734,1000,12738,200,1093,500,930,500,0,0,0,0,0,0,0,0,27088,1
3787,RR_ARCLOUSE,Swamp Arclouze,Swamp Arclouze,106,1120,0,7,13,1,316,31,76,36,41,73,23,29,122,15,10,12,1,4,42,0x3985,100,960,500,480,0,0,0,0,0,0,0,0,938,1500,943,100,997,1,0,0,0,0,0,0,0,0,0,0,0,0,27177,1
3788,RR_CRAMP,Brown Rat,Brown Rat,101,988,0,6,10,1,185,29,68,42,38,43,17,15,97,30,10,12,0,2,45,0x3885,100,1000,500,1000,0,0,0,0,0,0,0,0,528,100,517,500,510,1,0,0,0,0,0,0,0,0,0,0,0,0,27176,1
3790,SWEETS_DROPS,Sweets Drops,Sweets Drops,1,20,0,0,0,1,0,0,0,0,1,1,1,1,1,1,10,12,1,3,23,0x83,440,1372,672,480,0,0,0,0,0,0,0,0,12235,1000,12236,1000,0,0,0,0,0,0,0,0,0,0,0,0,0,0,0,0
3792,ILL_GAZETI,Angry Gazeti,Angry Gazeti,126,57541,0,80,57,10,1603,256,141,42,125,54,64,56,144,62,10,12,1,6,21,0x3395,190,576,370,270,0,0,0,0,0,0,0,0,6224,200,6253,100,2227,50,0,0,0,0,0,0,0,0,0,0,0,0,27110,1
3793,ILL_SNOWIER,Angry Snowier,Angry Snowier,129,66540,0,79,57,2,1225,231,195,78,136,88,97,78,103,71,10,12,2,0,41,0x3885,220,936,1020,420,0,0,0,0,0,0,0,0,7561,700,995,100,7938,300,0,0,0,0,0,0,0,0,0,0,0,0,27111,1
3794,ILL_ICE_TITAN,Angry Ice Titan,Angry Ice Titan,133,72045,0,82,59,1,1391,208,644,44,181,70,119,61,124,56,10,12,2,0,61,0x3885,250,861,660,144,0,0,0,0,0,0,0,0,7066,700,749,200,13314,50,7939,300,0,0,0,0,0,0,0,0,0,0,27112,1
3795,ILL_ICEICLE,Solid Icicle,Solid Icicle,135,1012,0,2,3,3,1553,1,50,35,199,1,1,1,244,1,10,12,0,0,41,0x84,1000,1344,500,500,0,0,0,0,0,0,0,0,0,0,0,0,0,0,0,0,0,0,0,0,0,0,0,0,0,0,0,0
3796,ILL_KTULLANUX,Awakened Ktullanux,Awakened Ktullanux,135,13521442,0,23144,26903,3,5754,2680,129,78,125,156,70,165,262,142,10,12,2,2,81,0x36B5,400,432,840,216,0,0,607,5000,607,5000,0,0,2509,1000,2111,1000,13314,1000,0,0,0,0,0,0,0,0,0,0,0,0,27113,1
3797,ILL_FROZEN_KN,ILL_FROZEN_KN,ILL_FROZEN_KN,1,100,0,0,0,1,0,0,100,99,0,0,0,0,0,0,10,12,1,0,20,0x0,1000,1000,500,500,0,0,0,0,0,0,0,0,0,0,0,0,0,0,0,0,0,0,0,0,0,0,0,0,0,0,0,0
3798,ILL_FROZEN_GC,ILL_FROZEN_GC,ILL_FROZEN_GC,1,100,0,0,0,1,0,0,100,99,0,0,0,0,0,0,10,12,1,0,20,0x0,1000,1000,500,500,0,0,0,0,0,0,0,0,0,0,0,0,0,0,0,0,0,0,0,0,0,0,0,0,0,0,0,0
3799,ILL_ASSULTER,Ominous Assulter,Ominous Assulter,160,592508,0,452,672,2,3049,408,369,82,180,161,60,44,214,30,10,12,0,6,44,0x3795,200,512,780,504,0,0,0,0,0,0,0,0,996,50,13300,50,603,50,0,0,0,0,0,0,0,0,0,0,0,0,27117,1
3800,ILL_PERMETER,Ominous Permeter,Ominous Permeter,157,508355,0,423,579,2,2845,415,288,100,159,60,135,90,120,60,10,12,0,2,40,0x3695,250,1100,483,528,0,0,0,0,0,0,0,0,12736,100,7564,2800,576,200,7939,100,0,0,0,0,0,0,0,0,0,0,27115,1
3801,ILL_FREEZER,Ominous Freezer,Ominous Freezer,159,549071,0,457,610,2,2925,383,146,80,154,111,120,100,142,60,10,12,0,2,41,0x3695,170,1260,960,672,0,0,0,0,0,0,0,0,7564,2800,6253,200,0,0,0,0,0,0,0,0,0,0,0,0,0,0,27118,1
3802,ILL_SOLIDER,Ominous Solider,Ominous Solider,161,592310,0,493,682,2,3129,428,406,116,155,100,170,42,133,50,10,12,0,2,42,0x3695,250,1452,483,528,0,0,0,0,0,0,0,0,997,50,7564,2800,518,400,0,0,0,0,0,0,0,0,0,0,0,0,27114,1
3803,ILL_HEATER,Ominous Heater,Ominous Heater,162,527390,0,439,622,2,3249,582,400,100,177,95,120,100,212,89,10,12,0,2,43,0x3695,250,1452,483,528,0,0,0,0,0,0,0,0,994,50,7564,2800,526,50,1003,500,0,0,0,0,0,0,0,0,0,0,27116,1
3804,ILL_TURTLE_GENERAL,Ominous Turtle General,Ominous Turtle General,165,11628549,0,28599,29817,2,6394,2808,796,246,232,246,302,189,424,180,10,12,2,2,42,0x36B5,200,900,1000,500,0,0,617,2000,617,2000,0,0,1529,300,1306,300,1417,300,1141,300,658,500,607,1000,0,0,0,0,0,0,27119,1
3810,MD_KING_PORING,King Poring,King Poring,35,140000,0,80,115,2,131,119,20,20,50,50,50,50,50,50,10,12,2,0,40,0x36B5,170,768,1632,576,0,0,608,3000,0,0,0,0,7126,3000,510,3000,509,3000,508,3000,511,3000,617,10,0,0,0,0,0,0,0,0
3811,MD_GOLDRING,Hugh Goldling,Hugh Goldling,35,72118,0,53,77,2,98,89,10,10,40,40,40,40,40,40,10,120,2,0,26,0x36B5,200,1872,672,480,0,0,0,0,0,0,0,0,508,3000,728,10,546,10,0,0,0,0,0,0,0,0,0,0,0,0,0,0
3812,MD_AMERING,Huge Amering,Huge Amering,35,72810,0,53,77,2,97,89,10,10,40,40,40,40,40,40,10,12,2,0,25,0x36B5,200,1872,672,480,0,0,0,0,0,0,0,0,510,100,719,10,507,3000,0,0,0,0,0,0,0,0,0,0,0,0,0,0
3813,MD_DROPS,Enriched Drops,Enriched Drops,35,1095,0,3,4,1,62,22,10,10,20,20,20,20,20,20,10,12,0,0,23,0x83,300,1872,672,480,0,0,0,0,0,0,0,0,909,5000,1602,80,938,600,512,1000,601,500,512,400,620,20,0,0,0,0,4004,25
3814,MD_POPORING,Enriched Poporing,Enriched Poporing,36,1167,0,3,4,2,67,24,10,12,20,20,20,20,20,20,10,12,0,0,24,0x83,300,1872,672,480,0,0,0,0,0,0,0,0,938,5000,910,1000,511,1000,514,200,601,500,1207,20,506,500,0,0,0,0,4033,10
3815,MD_PORING,Enriched Poring,Enriched Poring,34,1023,0,3,4,2,58,20,10,12,20,20,20,20,20,20,10,12,0,0,22,0x83,300,1872,672,480,0,0,0,0,0,0,0,0,909,5000,1202,100,938,400,512,1000,601,500,512,150,619,40,0,0,0,0,4001,20
3816,MD_MARIN,Enriched Marin,Enriched Marin,33,960,0,3,4,2,53,19,10,10,20,20,20,20,20,20,10,12,0,0,21,0x83,300,1872,672,480,0,0,0,0,0,0,0,0,910,1600,938,750,700,50,601,500,510,38,529,175,5035,1,0,0,0,0,4196,1
3896,G_ILL_ASSULTER,Ominous Assaulter,Ominous Assaulter,160,592508,0,0,0,2,3049,408,369,82,180,161,60,44,214,30,10,12,0,6,44,0x3795,200,512,780,504,0,0,0,0,0,0,0,0,0,0,0,0,0,0,0,0,0,0,0,0,0,0,0,0,0,0,0,0
